# Fig. 2c - simulated time courses, amino acids only
# Dalle Pezze P et al. (2016) Nature Communications 7:13254. doi:10.1038/ncomms13254
# Digitized by digitize_dallepezze2016.py from a 600 dpi render of page 5.
# Both axes calibrated on their tick marks; the per-panel residuals printed by the script bound the accuracy of these values.
# value_au is the centre of the red ink in that pixel column; ink_lo_au and ink_hi_au are its extent, which is wide wherever the curve is steep and the centre is therefore not a value the figure claims.
# Values are the paper's arbitrary relative units and are not comparable between readouts.
readout,time_min,value_au,ink_lo_au,ink_hi_au
Akt_pS473,1.74611,0.425278,0.26789,0.582665
Akt_pS473,2.00793,0.425278,0.204935,0.64562
Akt_pS473,2.26974,0.425278,0.141981,0.708575
Akt_pS473,2.53155,0.456755,0.141981,0.77153
Akt_pS473,2.79337,0.51971,0.204935,0.834484
Akt_pS473,3.05518,0.551187,0.204935,0.897439
Akt_pS473,3.31699,0.614142,0.26789,0.960394
Akt_pS473,3.57881,0.677097,0.26789,1.0863
Akt_pS473,3.84062,0.77153,0.330845,1.21221
Akt_pS473,4.10243,0.865962,0.3938,1.33812
Akt_pS473,4.36425,1.0863,0.51971,1.6529
Akt_pS473,4.62606,1.33812,0.77153,1.90472
Akt_pS473,4.88787,1.43256,0.834484,2.03063
Akt_pS473,5.14969,1.58994,1.02335,2.15654
Akt_pS473,5.4115,2.21949,1.14926,3.28973
Akt_pS473,5.67332,2.53427,1.27517,3.79336
Akt_pS473,5.93513,2.81756,1.58994,4.04518
Akt_pS473,6.19694,3.03791,1.84176,4.23405
Akt_pS473,6.45876,3.22677,2.09358,4.35996
Akt_pS473,6.72057,3.54154,2.59722,4.48587
Akt_pS473,6.98238,3.63598,2.72313,4.54882
Akt_pS473,7.2442,3.06938,2.912,3.22677
Akt_pS473,7.50601,5.17837,3.73041,6.62633
Akt_pS473,7.76782,5.39871,3.85632,6.94111
Akt_pS473,8.02964,5.87088,4.54882,7.19293
Akt_pS473,8.29145,6.09122,4.67473,7.5077
Akt_pS473,8.55326,6.31156,4.8636,7.75952
Akt_pS473,8.81508,6.87815,5.74497,8.01134
Akt_pS473,9.07689,7.03554,5.93383,8.13725
Akt_pS473,9.3387,7.25588,6.1227,8.38907
Akt_pS473,9.60052,7.72805,6.87815,8.57794
Akt_pS473,9.86233,7.88543,6.94111,8.82976
Akt_pS473,10.1241,8.38907,7.82248,8.95567
Akt_pS473,10.386,8.60941,8.20021,9.01862
Akt_pS473,10.6478,8.73532,8.38907,9.08158
Akt_pS473,10.9096,8.82976,8.51498,9.14453
Akt_pS473,11.1714,8.86123,8.57794,9.14453
Akt_pS473,11.4332,8.98714,8.7668,9.20749
Akt_pS473,11.695,9.01862,8.82976,9.20749
Akt_pS473,11.9568,9.0501,8.82976,9.27044
Akt_pS473,12.2187,9.0501,8.82976,9.27044
Akt_pS473,12.4805,9.11305,8.89271,9.3334
Akt_pS473,12.7423,9.08158,8.82976,9.3334
Akt_pS473,13.0041,9.0501,8.7668,9.3334
Akt_pS473,13.2659,9.08158,8.7668,9.39635
Akt_pS473,13.5277,8.98714,8.64089,9.3334
Akt_pS473,13.7895,8.92419,8.51498,9.3334
Akt_pS473,14.0513,8.82976,8.38907,9.27044
Akt_pS473,14.3132,8.70385,8.20021,9.20749
Akt_pS473,14.575,8.64089,8.13725,9.14453
Akt_pS473,14.8368,8.57794,8.0743,9.08158
Akt_pS473,15.0986,8.4835,8.01134,8.95567
Akt_pS473,15.3604,8.42055,7.94839,8.89271
Akt_pS473,15.6222,8.32612,7.82248,8.82976
Akt_pS473,15.884,8.16873,7.63361,8.70385
Akt_pS473,16.1459,8.04282,7.5077,8.57794
Akt_pS473,16.4077,8.01134,7.5077,8.51498
Akt_pS473,16.6695,7.85396,7.44475,8.26316
Akt_pS473,16.9313,7.82248,7.44475,8.20021
Akt_pS473,17.1931,7.72805,7.38179,8.0743
Akt_pS473,17.4549,7.35032,7.06702,7.63361
Akt_pS473,17.7167,7.16145,6.8152,7.5077
Akt_pS473,17.9786,7.00406,6.62633,7.38179
Akt_pS473,18.2404,6.94111,6.50043,7.38179
Akt_pS473,18.5022,6.78372,6.24861,7.31884
Akt_pS473,18.764,6.56338,5.99679,7.12997
Akt_pS473,19.0258,6.46895,5.93383,7.00406
Akt_pS473,19.2876,6.37452,5.80792,6.94111
Akt_pS473,19.5494,6.24861,5.74497,6.75224
Akt_pS473,19.8112,6.18565,5.68201,6.68929
Akt_pS473,20.0731,5.99679,5.43019,6.56338
Akt_pS473,20.3349,5.8394,5.30428,6.37452
Akt_pS473,20.5967,5.77644,5.24133,6.31156
Akt_pS473,20.8585,5.68201,5.17837,6.18565
Akt_pS473,21.1203,5.58758,5.11542,6.05974
Akt_pS473,21.3821,5.49315,4.98951,5.99679
Akt_pS473,21.6439,5.36724,4.8636,5.87088
Akt_pS473,21.9058,5.2728,4.80064,5.74497
Akt_pS473,22.1676,5.17837,4.73769,5.61906
Akt_pS473,22.4294,5.11542,4.67473,5.5561
Akt_pS473,22.6912,5.02098,4.54882,5.49315
Akt_pS473,22.953,4.95803,4.48587,5.43019
Akt_pS473,23.2148,4.83212,4.42291,5.24133
Akt_pS473,23.4766,4.76917,4.35996,5.17837
Akt_pS473,23.7384,4.67473,4.297,5.05246
Akt_pS473,24.0003,4.61178,4.23405,4.98951
Akt_pS473,24.2621,4.5803,4.17109,4.98951
Akt_pS473,24.5239,4.48587,4.10814,4.8636
Akt_pS473,24.7857,4.42291,4.10814,4.73769
Akt_pS473,25.0475,4.32848,3.98223,4.67473
Akt_pS473,25.3093,4.297,3.98223,4.61178
Akt_pS473,25.5711,4.23405,3.91927,4.54882
Akt_pS473,25.833,4.17109,3.85632,4.48587
Akt_pS473,26.0948,4.10814,3.79336,4.42291
Akt_pS473,26.3566,4.04518,3.73041,4.35996
Akt_pS473,26.6184,4.01371,3.66745,4.35996
Akt_pS473,26.8802,3.98223,3.66745,4.297
Akt_pS473,27.142,3.91927,3.6045,4.23405
Akt_pS473,27.4038,3.8878,3.6045,4.17109
Akt_pS473,27.6657,3.85632,3.6045,4.10814
Akt_pS473,27.9275,3.79336,3.54154,4.04518
Akt_pS473,28.1893,3.73041,3.47859,3.98223
Akt_pS473,28.4511,3.73041,3.47859,3.98223
Akt_pS473,28.7129,3.69893,3.41564,3.98223
Akt_pS473,28.9747,3.69893,3.41564,3.98223
Akt_pS473,29.2365,3.63598,3.35268,3.91927
Akt_pS473,29.4983,3.57302,3.28973,3.85632
Akt_pS473,29.7602,3.57302,3.28973,3.85632
Akt_pS473,30.022,3.54154,3.28973,3.79336
Akt_pS473,30.2838,3.54154,3.28973,3.79336
Akt_pS473,30.5456,3.51007,3.28973,3.73041
Akt_pS473,30.8074,3.47859,3.28973,3.66745
Akt_pS473,31.0692,3.41564,3.22677,3.6045
Akt_pS473,31.331,3.41564,3.22677,3.6045
Akt_pS473,31.5929,3.41564,3.28973,3.54154
Akt_pS473,31.8547,3.41564,3.28973,3.54154
Akt_pS473,32.1165,3.38416,3.22677,3.54154
Akt_pS473,32.3783,3.35268,3.22677,3.47859
Akt_pS473,32.6401,3.35268,3.22677,3.47859
Akt_pS473,32.9019,3.3212,3.16382,3.47859
Akt_pS473,33.1637,3.28973,3.10086,3.47859
Akt_pS473,33.4255,3.28973,3.10086,3.47859
Akt_pS473,33.6874,3.28973,3.10086,3.47859
Akt_pS473,33.9492,3.25825,3.03791,3.47859
Akt_pS473,34.211,3.25825,3.03791,3.47859
Akt_pS473,34.4728,3.22677,2.97495,3.47859
Akt_pS473,34.7346,3.22677,2.97495,3.47859
Akt_pS473,34.9964,3.22677,2.97495,3.47859
Akt_pS473,35.2582,3.22677,2.97495,3.47859
Akt_pS473,35.5201,3.22677,2.97495,3.47859
Akt_pS473,35.7819,3.22677,2.97495,3.47859
Akt_pS473,36.0437,3.16382,2.912,3.41564
Akt_pS473,36.3055,3.16382,2.912,3.41564
Akt_pS473,36.5673,3.16382,2.912,3.41564
Akt_pS473,36.8291,3.16382,2.912,3.41564
Akt_pS473,37.0909,3.16382,2.912,3.41564
Akt_pS473,37.3528,3.13234,2.912,3.35268
Akt_pS473,37.6146,3.13234,2.912,3.35268
Akt_pS473,37.8764,3.13234,2.912,3.35268
Akt_pS473,38.1382,3.13234,2.912,3.35268
Akt_pS473,38.4,3.13234,2.912,3.35268
Akt_pS473,38.6618,3.13234,2.912,3.35268
Akt_pS473,38.9236,3.13234,2.912,3.35268
Akt_pS473,39.1854,3.13234,2.912,3.35268
Akt_pS473,39.4473,3.13234,2.912,3.35268
Akt_pS473,39.7091,3.13234,2.912,3.35268
Akt_pS473,39.9709,3.13234,2.912,3.35268
Akt_pS473,40.2327,3.13234,2.912,3.35268
Akt_pS473,40.4945,3.13234,2.912,3.35268
Akt_pS473,40.7563,3.13234,2.912,3.35268
Akt_pS473,41.0181,3.13234,2.912,3.35268
Akt_pS473,41.28,3.13234,2.912,3.35268
Akt_pS473,41.5418,3.13234,2.912,3.35268
Akt_pS473,41.8036,3.13234,2.912,3.35268
Akt_pS473,42.0654,3.13234,2.912,3.35268
Akt_pS473,42.3272,3.13234,2.912,3.35268
Akt_pS473,42.589,3.13234,2.912,3.35268
Akt_pS473,42.8508,3.13234,2.912,3.35268
Akt_pS473,43.1127,3.13234,2.912,3.35268
Akt_pS473,43.3745,3.13234,2.912,3.35268
Akt_pS473,43.6363,3.13234,2.912,3.35268
Akt_pS473,43.8981,3.13234,2.912,3.35268
Akt_pS473,44.1599,3.13234,2.912,3.35268
Akt_pS473,44.4217,3.13234,2.912,3.35268
Akt_pS473,44.6835,3.13234,2.912,3.35268
Akt_pS473,44.9453,3.13234,2.912,3.35268
Akt_pS473,45.2072,3.16382,2.97495,3.35268
Akt_pS473,45.469,3.19529,2.97495,3.41564
Akt_pS473,45.7308,3.19529,2.97495,3.41564
Akt_pS473,45.9926,3.19529,2.97495,3.41564
Akt_pS473,46.2544,3.19529,2.97495,3.41564
Akt_pS473,46.5162,3.22677,3.03791,3.41564
Akt_pS473,46.778,3.22677,3.03791,3.41564
Akt_pS473,47.0399,3.22677,3.03791,3.41564
Akt_pS473,47.3017,3.22677,3.03791,3.41564
Akt_pS473,47.5635,3.22677,3.03791,3.41564
Akt_pS473,47.8253,3.22677,3.03791,3.41564
Akt_pS473,48.0871,3.25825,3.03791,3.47859
Akt_pS473,48.3489,3.22677,3.03791,3.41564
Akt_pS473,48.6107,3.25825,3.03791,3.47859
Akt_pS473,48.8725,3.22677,2.97495,3.47859
Akt_pS473,49.1344,3.19529,2.97495,3.41564
Akt_pS473,49.3962,3.22677,2.97495,3.47859
Akt_pS473,49.658,3.22677,2.97495,3.47859
Akt_pS473,49.9198,3.22677,2.97495,3.47859
Akt_pS473,50.1816,3.22677,2.97495,3.47859
Akt_pS473,50.4434,3.22677,2.97495,3.47859
Akt_pS473,50.7052,3.22677,2.97495,3.47859
Akt_pS473,50.9671,3.22677,2.97495,3.47859
Akt_pS473,51.2289,3.22677,2.97495,3.47859
Akt_pS473,51.4907,3.22677,2.97495,3.47859
Akt_pS473,51.7525,3.22677,2.97495,3.47859
Akt_pS473,52.0143,3.22677,2.97495,3.47859
Akt_pS473,52.2761,3.22677,2.97495,3.47859
Akt_pS473,52.5379,3.22677,2.97495,3.47859
Akt_pS473,52.7998,3.25825,3.03791,3.47859
Akt_pS473,53.0616,3.25825,3.03791,3.47859
Akt_pS473,53.3234,3.25825,3.03791,3.47859
Akt_pS473,53.5852,3.25825,3.03791,3.47859
Akt_pS473,53.847,3.25825,3.03791,3.47859
Akt_pS473,54.1088,3.25825,3.03791,3.47859
Akt_pS473,54.3706,3.25825,3.03791,3.47859
Akt_pS473,54.6324,3.25825,3.03791,3.47859
Akt_pS473,54.8943,3.25825,3.03791,3.47859
Akt_pS473,55.1561,3.25825,3.03791,3.47859
Akt_pS473,55.4179,3.25825,3.03791,3.47859
Akt_pS473,55.6797,3.25825,3.03791,3.47859
Akt_pS473,55.9415,3.25825,3.03791,3.47859
Akt_pS473,56.2033,3.25825,3.03791,3.47859
Akt_pS473,56.4651,3.25825,3.03791,3.47859
Akt_pS473,56.727,3.25825,3.03791,3.47859
Akt_pS473,56.9888,3.25825,3.03791,3.47859
Akt_pS473,57.2506,3.25825,3.03791,3.47859
Akt_pS473,57.5124,3.25825,3.03791,3.47859
Akt_pS473,57.7742,3.25825,3.03791,3.47859
Akt_pS473,58.036,3.25825,3.03791,3.47859
Akt_pS473,58.2978,3.25825,3.03791,3.47859
Akt_pS473,58.5596,3.25825,3.03791,3.47859
Akt_pS473,58.8215,3.25825,3.03791,3.47859
Akt_pS473,59.0833,3.25825,3.03791,3.47859
Akt_pS473,59.3451,3.25825,3.03791,3.47859
Akt_pS473,59.6069,3.25825,3.03791,3.47859
Akt_pS473,59.8687,3.25825,3.03791,3.47859
Akt_pS473,60.1305,3.25825,3.03791,3.47859
Akt_pS473,60.3923,3.25825,3.03791,3.47859
Akt_pS473,60.6542,3.28973,3.10086,3.47859
Akt_pS473,60.916,3.28973,3.10086,3.47859
Akt_pS473,61.1778,3.28973,3.10086,3.47859
Akt_pS473,61.4396,3.28973,3.10086,3.47859
Akt_pS473,61.7014,3.3212,3.16382,3.47859
Akt_pS473,61.9632,3.3212,3.16382,3.47859
Akt_pS473,62.225,3.3212,3.16382,3.47859
Akt_pS473,62.4869,3.3212,3.16382,3.47859
Akt_pS473,62.7487,3.3212,3.16382,3.47859
Akt_pS473,63.0105,3.3212,3.16382,3.47859
Akt_pS473,63.2723,3.3212,3.16382,3.47859
Akt_pS473,63.5341,3.3212,3.16382,3.47859
Akt_pS473,63.7959,3.3212,3.16382,3.47859
Akt_pS473,64.0577,3.28973,3.10086,3.47859
Akt_pS473,64.3195,3.28973,3.10086,3.47859
Akt_pS473,64.5814,3.28973,3.10086,3.47859
Akt_pS473,64.8432,3.28973,3.10086,3.47859
Akt_pS473,65.105,3.28973,3.10086,3.47859
Akt_pS473,65.3668,3.28973,3.10086,3.47859
Akt_pS473,65.6286,3.28973,3.10086,3.47859
Akt_pS473,65.8904,3.3212,3.10086,3.54154
Akt_pS473,66.1522,3.3212,3.10086,3.54154
Akt_pS473,66.4141,3.3212,3.10086,3.54154
Akt_pS473,66.6759,3.3212,3.10086,3.54154
Akt_pS473,66.9377,3.3212,3.10086,3.54154
Akt_pS473,67.1995,3.3212,3.10086,3.54154
Akt_pS473,67.4613,3.3212,3.10086,3.54154
Akt_pS473,67.7231,3.3212,3.10086,3.54154
Akt_pS473,67.9849,3.3212,3.10086,3.54154
Akt_pS473,68.2467,3.3212,3.10086,3.54154
Akt_pS473,68.5086,3.3212,3.10086,3.54154
Akt_pS473,68.7704,3.3212,3.10086,3.54154
Akt_pS473,69.0322,3.3212,3.10086,3.54154
Akt_pS473,69.294,3.3212,3.10086,3.54154
Akt_pS473,69.5558,3.3212,3.10086,3.54154
Akt_pS473,69.8176,3.3212,3.10086,3.54154
Akt_pS473,70.0794,3.3212,3.10086,3.54154
Akt_pS473,70.3413,3.3212,3.10086,3.54154
Akt_pS473,70.6031,3.3212,3.10086,3.54154
Akt_pS473,70.8649,3.3212,3.10086,3.54154
Akt_pS473,71.1267,3.3212,3.10086,3.54154
Akt_pS473,71.3885,3.3212,3.10086,3.54154
Akt_pS473,71.6503,3.3212,3.10086,3.54154
Akt_pS473,71.9121,3.3212,3.10086,3.54154
Akt_pS473,72.174,3.3212,3.10086,3.54154
Akt_pS473,72.4358,3.3212,3.10086,3.54154
Akt_pS473,72.6976,3.35268,3.10086,3.6045
Akt_pS473,72.9594,3.35268,3.10086,3.6045
Akt_pS473,73.2212,3.35268,3.10086,3.6045
Akt_pS473,73.483,3.35268,3.10086,3.6045
Akt_pS473,73.7448,3.35268,3.10086,3.6045
Akt_pS473,74.0066,3.35268,3.10086,3.6045
Akt_pS473,74.2685,3.35268,3.10086,3.6045
Akt_pS473,74.5303,3.35268,3.10086,3.6045
Akt_pS473,74.7921,3.35268,3.10086,3.6045
Akt_pS473,75.0539,3.35268,3.10086,3.6045
Akt_pS473,75.3157,3.35268,3.10086,3.6045
Akt_pS473,75.5775,3.35268,3.10086,3.6045
Akt_pS473,75.8393,3.35268,3.10086,3.6045
Akt_pS473,76.1012,3.35268,3.10086,3.6045
Akt_pS473,76.363,3.35268,3.10086,3.6045
Akt_pS473,76.6248,3.35268,3.10086,3.6045
Akt_pS473,76.8866,3.35268,3.10086,3.6045
Akt_pS473,77.1484,3.35268,3.10086,3.6045
Akt_pS473,77.4102,3.35268,3.10086,3.6045
Akt_pS473,77.672,3.35268,3.10086,3.6045
Akt_pS473,77.9339,3.35268,3.10086,3.6045
Akt_pS473,78.1957,3.35268,3.10086,3.6045
Akt_pS473,78.4575,3.35268,3.10086,3.6045
Akt_pS473,78.7193,3.35268,3.10086,3.6045
Akt_pS473,78.9811,3.35268,3.10086,3.6045
Akt_pS473,79.2429,3.35268,3.10086,3.6045
Akt_pS473,79.5047,3.35268,3.10086,3.6045
Akt_pS473,79.7665,3.35268,3.10086,3.6045
Akt_pS473,80.0284,3.35268,3.10086,3.6045
Akt_pS473,80.2902,3.35268,3.10086,3.6045
Akt_pS473,80.552,3.35268,3.10086,3.6045
Akt_pS473,80.8138,3.35268,3.10086,3.6045
Akt_pS473,81.0756,3.35268,3.10086,3.6045
Akt_pS473,81.3374,3.35268,3.10086,3.6045
Akt_pS473,81.5992,3.35268,3.10086,3.6045
Akt_pS473,81.8611,3.35268,3.10086,3.6045
Akt_pS473,82.1229,3.35268,3.10086,3.6045
Akt_pS473,82.3847,3.35268,3.10086,3.6045
Akt_pS473,82.6465,3.35268,3.10086,3.6045
Akt_pS473,82.9083,3.35268,3.10086,3.6045
Akt_pS473,83.1701,3.35268,3.10086,3.6045
Akt_pS473,83.4319,3.35268,3.10086,3.6045
Akt_pS473,83.6937,3.35268,3.10086,3.6045
Akt_pS473,83.9556,3.35268,3.10086,3.6045
Akt_pS473,84.2174,3.35268,3.10086,3.6045
Akt_pS473,84.4792,3.35268,3.10086,3.6045
Akt_pS473,84.741,3.35268,3.10086,3.6045
Akt_pS473,85.0028,3.35268,3.10086,3.6045
Akt_pS473,85.2646,3.35268,3.10086,3.6045
Akt_pS473,85.5264,3.35268,3.10086,3.6045
Akt_pS473,85.7883,3.35268,3.10086,3.6045
Akt_pS473,86.0501,3.35268,3.10086,3.6045
Akt_pS473,86.3119,3.35268,3.10086,3.6045
Akt_pS473,86.5737,3.35268,3.10086,3.6045
Akt_pS473,86.8355,3.35268,3.10086,3.6045
Akt_pS473,87.0973,3.35268,3.10086,3.6045
Akt_pS473,87.3591,3.35268,3.10086,3.6045
Akt_pS473,87.621,3.35268,3.10086,3.6045
Akt_pS473,87.8828,3.35268,3.10086,3.6045
Akt_pS473,88.1446,3.35268,3.10086,3.6045
Akt_pS473,88.4064,3.35268,3.10086,3.6045
Akt_pS473,88.6682,3.35268,3.10086,3.6045
Akt_pS473,88.93,3.35268,3.10086,3.6045
Akt_pS473,89.1918,3.35268,3.10086,3.6045
Akt_pS473,89.4536,3.35268,3.10086,3.6045
Akt_pS473,89.7155,3.35268,3.10086,3.6045
Akt_pS473,89.9773,3.35268,3.10086,3.6045
Akt_pS473,90.2391,3.35268,3.10086,3.6045
Akt_pS473,90.5009,3.35268,3.10086,3.6045
Akt_pS473,90.7627,3.35268,3.10086,3.6045
Akt_pS473,91.0245,3.35268,3.10086,3.6045
Akt_pS473,91.2863,3.35268,3.10086,3.6045
Akt_pS473,91.5482,3.35268,3.10086,3.6045
Akt_pS473,91.81,3.35268,3.10086,3.6045
Akt_pS473,92.0718,3.35268,3.10086,3.6045
Akt_pS473,92.3336,3.35268,3.10086,3.6045
Akt_pS473,92.5954,3.35268,3.10086,3.6045
Akt_pS473,92.8572,3.35268,3.10086,3.6045
Akt_pS473,93.119,3.35268,3.10086,3.6045
Akt_pS473,93.3808,3.35268,3.10086,3.6045
Akt_pS473,93.6427,3.35268,3.10086,3.6045
Akt_pS473,93.9045,3.35268,3.10086,3.6045
Akt_pS473,94.1663,3.38416,3.10086,3.66745
Akt_pS473,94.4281,3.38416,3.10086,3.66745
Akt_pS473,94.6899,3.38416,3.10086,3.66745
Akt_pS473,94.9517,3.38416,3.10086,3.66745
Akt_pS473,95.2135,3.38416,3.10086,3.66745
Akt_pS473,95.4754,3.38416,3.10086,3.66745
Akt_pS473,95.7372,3.38416,3.10086,3.66745
Akt_pS473,95.999,3.38416,3.10086,3.66745
Akt_pS473,96.2608,3.35268,3.10086,3.6045
Akt_pS473,96.5226,3.35268,3.10086,3.6045
Akt_pS473,96.7844,3.35268,3.10086,3.6045
Akt_pS473,97.0462,3.35268,3.10086,3.6045
Akt_pS473,97.3081,3.35268,3.10086,3.6045
Akt_pS473,97.5699,3.35268,3.10086,3.6045
Akt_pS473,97.8317,3.35268,3.10086,3.6045
Akt_pS473,98.0935,3.35268,3.10086,3.6045
Akt_pS473,98.3553,3.35268,3.10086,3.6045
Akt_pS473,98.6171,3.35268,3.10086,3.6045
Akt_pS473,98.8789,3.35268,3.10086,3.6045
Akt_pS473,99.1407,3.35268,3.10086,3.6045
Akt_pS473,99.4026,3.35268,3.10086,3.6045
Akt_pS473,99.6644,3.35268,3.10086,3.6045
Akt_pS473,99.9262,3.35268,3.10086,3.6045
Akt_pS473,100.188,3.35268,3.10086,3.6045
Akt_pS473,100.45,3.35268,3.10086,3.6045
Akt_pS473,100.712,3.35268,3.10086,3.6045
Akt_pS473,100.973,3.35268,3.10086,3.6045
Akt_pS473,101.235,3.35268,3.10086,3.6045
Akt_pS473,101.497,3.35268,3.10086,3.6045
Akt_pS473,101.759,3.35268,3.10086,3.6045
Akt_pS473,102.021,3.35268,3.10086,3.6045
Akt_pS473,102.283,3.35268,3.10086,3.6045
Akt_pS473,102.544,3.35268,3.10086,3.6045
Akt_pS473,102.806,3.35268,3.10086,3.6045
Akt_pS473,103.068,3.35268,3.10086,3.6045
Akt_pS473,103.33,3.35268,3.10086,3.6045
Akt_pS473,103.592,3.35268,3.10086,3.6045
Akt_pS473,103.853,3.35268,3.10086,3.6045
Akt_pS473,104.115,3.35268,3.10086,3.6045
Akt_pS473,104.377,3.35268,3.10086,3.6045
Akt_pS473,104.639,3.35268,3.10086,3.6045
Akt_pS473,104.901,3.35268,3.10086,3.6045
Akt_pS473,105.162,3.35268,3.10086,3.6045
Akt_pS473,105.424,3.35268,3.10086,3.6045
Akt_pS473,105.686,3.35268,3.10086,3.6045
Akt_pS473,105.948,3.35268,3.10086,3.6045
Akt_pS473,106.21,3.35268,3.10086,3.6045
Akt_pS473,106.472,3.35268,3.10086,3.6045
Akt_pS473,106.733,3.35268,3.10086,3.6045
Akt_pS473,106.995,3.35268,3.10086,3.6045
Akt_pS473,107.257,3.35268,3.10086,3.6045
Akt_pS473,107.519,3.35268,3.10086,3.6045
Akt_pS473,107.781,3.35268,3.10086,3.6045
Akt_pS473,108.042,3.35268,3.10086,3.6045
Akt_pS473,108.304,3.35268,3.10086,3.6045
Akt_pS473,108.566,3.35268,3.10086,3.6045
Akt_pS473,108.828,3.35268,3.10086,3.6045
Akt_pS473,109.09,3.35268,3.10086,3.6045
Akt_pS473,109.351,3.35268,3.10086,3.6045
Akt_pS473,109.613,3.35268,3.10086,3.6045
Akt_pS473,109.875,3.35268,3.10086,3.6045
Akt_pS473,110.137,3.35268,3.10086,3.6045
Akt_pS473,110.399,3.35268,3.10086,3.6045
Akt_pS473,110.661,3.35268,3.10086,3.6045
Akt_pS473,110.922,3.35268,3.10086,3.6045
Akt_pS473,111.184,3.35268,3.10086,3.6045
Akt_pS473,111.446,3.35268,3.10086,3.6045
Akt_pS473,111.708,3.35268,3.10086,3.6045
Akt_pS473,111.97,3.35268,3.10086,3.6045
Akt_pS473,112.231,3.35268,3.10086,3.6045
Akt_pS473,112.493,3.35268,3.10086,3.6045
Akt_pS473,112.755,3.35268,3.10086,3.6045
Akt_pS473,113.017,3.35268,3.10086,3.6045
Akt_pS473,113.279,3.35268,3.10086,3.6045
Akt_pS473,113.54,3.35268,3.10086,3.6045
Akt_pS473,113.802,3.35268,3.10086,3.6045
Akt_pS473,114.064,3.35268,3.10086,3.6045
Akt_pS473,114.326,3.35268,3.10086,3.6045
Akt_pS473,114.588,3.35268,3.10086,3.6045
Akt_pS473,114.85,3.35268,3.10086,3.6045
Akt_pS473,115.111,3.35268,3.10086,3.6045
Akt_pS473,115.373,3.35268,3.10086,3.6045
Akt_pS473,115.635,3.35268,3.10086,3.6045
Akt_pS473,115.897,3.35268,3.10086,3.6045
Akt_pS473,116.159,3.35268,3.10086,3.6045
Akt_pS473,116.42,3.35268,3.10086,3.6045
Akt_pS473,116.682,3.35268,3.10086,3.6045
Akt_pS473,116.944,3.35268,3.10086,3.6045
Akt_pS473,117.206,3.35268,3.10086,3.6045
Akt_pS473,117.468,3.35268,3.10086,3.6045
Akt_pS473,117.73,3.35268,3.10086,3.6045
Akt_pS473,117.991,3.35268,3.10086,3.6045
Akt_pS473,118.253,3.35268,3.10086,3.6045
Akt_pS473,118.515,3.35268,3.10086,3.6045
Akt_pS473,118.777,3.35268,3.10086,3.6045
Akt_pS473,119.039,3.35268,3.10086,3.6045
Akt_pS473,119.3,3.35268,3.10086,3.6045
Akt_pS473,119.562,3.38416,3.10086,3.66745
Akt_pS473,119.824,3.38416,3.10086,3.66745
Akt_pS473,120,3.38416,3.10086,3.66745
Akt_pS473,120,3.35268,3.10086,3.6045
AMPK_pT172,0,2.90033,0.0466448,5.75402
AMPK_pT172,0,2.93514,0.0466448,5.82363
AMPK_pT172,0.175231,3.03954,0.185849,5.89323
AMPK_pT172,0.437044,5.37121,4.77959,5.96283
AMPK_pT172,0.698858,5.61482,5.1276,6.10203
AMPK_pT172,0.960671,5.71922,5.26681,6.17164
AMPK_pT172,1.22248,5.85843,5.47561,6.24124
AMPK_pT172,1.4843,5.92803,5.54522,6.31084
AMPK_pT172,1.74611,6.10203,5.68442,6.51965
AMPK_pT172,2.00793,6.41524,6.10203,6.72845
AMPK_pT172,2.26974,6.55445,6.31084,6.79806
AMPK_pT172,2.53155,6.58925,6.38044,6.79806
AMPK_pT172,2.79337,6.65885,6.45005,6.86766
AMPK_pT172,3.05518,6.83286,6.79806,6.86766
AMPK_pT172,3.84062,7.11127,7.00686,7.21567
AMPK_pT172,4.10243,7.14607,7.00686,7.28527
AMPK_pT172,4.36425,7.14607,6.93726,7.35487
AMPK_pT172,4.62606,7.14607,6.93726,7.35487
AMPK_pT172,4.88787,7.14607,6.86766,7.42448
AMPK_pT172,5.14969,7.14607,6.86766,7.42448
AMPK_pT172,5.4115,7.07647,6.79806,7.35487
AMPK_pT172,5.67332,7.04166,6.72845,7.35487
AMPK_pT172,5.93513,6.90246,6.51965,7.28527
AMPK_pT172,6.19694,6.83286,6.38044,7.28527
AMPK_pT172,6.45876,6.72845,6.24124,7.21567
AMPK_pT172,6.72057,6.65885,6.17164,7.14607
AMPK_pT172,6.98238,6.55445,6.03243,7.07647
AMPK_pT172,7.2442,6.51965,5.96283,7.07647
AMPK_pT172,7.50601,6.38044,5.82363,6.93726
AMPK_pT172,7.76782,6.24124,5.75402,6.72845
AMPK_pT172,8.02964,6.17164,5.68442,6.65885
AMPK_pT172,8.29145,6.10203,5.68442,6.51965
AMPK_pT172,8.55326,5.99763,5.61482,6.38044
AMPK_pT172,8.81508,5.99763,5.61482,6.38044
AMPK_pT172,9.07689,5.92803,5.61482,6.24124
AMPK_pT172,9.3387,5.85843,5.54522,6.17164
AMPK_pT172,9.60052,5.78882,5.54522,6.03243
AMPK_pT172,9.86233,5.71922,5.47561,5.96283
AMPK_pT172,10.1241,5.64962,5.40601,5.89323
AMPK_pT172,10.386,5.58002,5.33641,5.82363
AMPK_pT172,10.6478,5.51042,5.26681,5.75402
AMPK_pT172,10.9096,5.44081,5.19721,5.68442
AMPK_pT172,11.1714,5.40601,5.1276,5.68442
AMPK_pT172,11.4332,5.33641,5.058,5.61482
AMPK_pT172,11.695,5.33641,5.058,5.61482
AMPK_pT172,11.9568,5.33641,5.058,5.61482
AMPK_pT172,12.2187,5.33641,5.058,5.61482
AMPK_pT172,12.4805,5.33641,5.058,5.61482
AMPK_pT172,12.7423,5.33641,5.058,5.61482
AMPK_pT172,13.0041,5.37121,5.1276,5.61482
AMPK_pT172,13.2659,5.33641,5.1276,5.54522
AMPK_pT172,13.5277,5.37121,5.19721,5.54522
AMPK_pT172,13.7895,5.37121,5.19721,5.54522
AMPK_pT172,14.0513,5.37121,5.19721,5.54522
AMPK_pT172,14.3132,5.37121,5.19721,5.54522
AMPK_pT172,14.575,5.33641,5.1276,5.54522
AMPK_pT172,14.8368,5.33641,5.1276,5.54522
AMPK_pT172,15.0986,5.30161,5.058,5.54522
AMPK_pT172,15.3604,5.30161,5.058,5.54522
AMPK_pT172,15.6222,5.23201,4.9884,5.47561
AMPK_pT172,15.884,5.23201,4.9884,5.47561
AMPK_pT172,16.1459,5.23201,4.9884,5.47561
AMPK_pT172,16.4077,5.23201,4.9884,5.47561
AMPK_pT172,16.6695,5.19721,4.9188,5.47561
AMPK_pT172,16.9313,5.19721,4.9188,5.47561
AMPK_pT172,17.1931,5.19721,4.9188,5.47561
AMPK_pT172,17.4549,5.19721,4.9188,5.47561
AMPK_pT172,17.7167,5.19721,4.9188,5.47561
AMPK_pT172,17.9786,5.19721,4.9188,5.47561
AMPK_pT172,18.2404,5.19721,4.9188,5.47561
AMPK_pT172,18.5022,5.19721,4.9188,5.47561
AMPK_pT172,18.764,5.19721,4.9188,5.47561
AMPK_pT172,19.0258,5.19721,4.9188,5.47561
AMPK_pT172,19.2876,5.19721,4.9188,5.47561
AMPK_pT172,19.5494,5.19721,4.9188,5.47561
AMPK_pT172,19.8112,5.19721,4.9188,5.47561
AMPK_pT172,20.0731,5.19721,4.9188,5.47561
AMPK_pT172,20.3349,5.19721,4.9188,5.47561
AMPK_pT172,20.5967,5.19721,4.9188,5.47561
AMPK_pT172,20.8585,5.19721,4.9188,5.47561
AMPK_pT172,21.1203,5.19721,4.9188,5.47561
AMPK_pT172,21.3821,5.19721,4.9188,5.47561
AMPK_pT172,21.6439,5.19721,4.9188,5.47561
AMPK_pT172,21.9058,5.19721,4.9188,5.47561
AMPK_pT172,22.1676,5.19721,4.9188,5.47561
AMPK_pT172,22.4294,5.19721,4.9188,5.47561
AMPK_pT172,22.6912,5.19721,4.9188,5.47561
AMPK_pT172,22.953,5.19721,4.9188,5.47561
AMPK_pT172,23.2148,5.19721,4.9188,5.47561
AMPK_pT172,23.4766,5.19721,4.9188,5.47561
AMPK_pT172,23.7384,5.19721,4.9188,5.47561
AMPK_pT172,24.0003,5.19721,4.9188,5.47561
AMPK_pT172,24.2621,5.19721,4.9188,5.47561
AMPK_pT172,24.5239,5.19721,4.9188,5.47561
AMPK_pT172,24.7857,5.19721,4.9188,5.47561
AMPK_pT172,25.0475,5.19721,4.9188,5.47561
AMPK_pT172,25.3093,5.19721,4.9188,5.47561
AMPK_pT172,25.5711,5.19721,4.9188,5.47561
AMPK_pT172,25.833,5.19721,4.9188,5.47561
AMPK_pT172,26.0948,5.19721,4.9188,5.47561
AMPK_pT172,26.3566,5.19721,4.9188,5.47561
AMPK_pT172,26.6184,5.19721,4.9188,5.47561
AMPK_pT172,26.8802,5.19721,4.9188,5.47561
AMPK_pT172,27.142,5.19721,4.9188,5.47561
AMPK_pT172,27.4038,5.19721,4.9884,5.40601
AMPK_pT172,27.6657,5.19721,4.9884,5.40601
AMPK_pT172,27.9275,5.23201,5.058,5.40601
AMPK_pT172,28.1893,5.16241,4.9884,5.33641
AMPK_pT172,28.4511,5.16241,4.9884,5.33641
AMPK_pT172,28.7129,5.16241,5.058,5.26681
AMPK_pT172,28.9747,5.1276,5.058,5.19721
AMPK_pT172,29.2365,5.1276,5.1276,5.1276
AMPK_pT172,29.4983,5.16241,5.1276,5.19721
AMPK_pT172,29.7602,5.1276,5.058,5.19721
AMPK_pT172,30.022,5.16241,5.058,5.26681
AMPK_pT172,30.2838,5.16241,4.9884,5.33641
AMPK_pT172,30.5456,5.19721,4.9884,5.40601
AMPK_pT172,30.8074,5.19721,4.9884,5.40601
AMPK_pT172,31.0692,5.23201,4.9884,5.47561
AMPK_pT172,31.331,5.23201,4.9884,5.47561
AMPK_pT172,31.5929,5.23201,4.9884,5.47561
AMPK_pT172,31.8547,5.23201,4.9884,5.47561
AMPK_pT172,32.1165,5.23201,4.9884,5.47561
AMPK_pT172,32.3783,5.23201,4.9884,5.47561
AMPK_pT172,32.6401,5.23201,4.9884,5.47561
AMPK_pT172,32.9019,5.23201,4.9884,5.47561
AMPK_pT172,33.1637,5.26681,4.9884,5.54522
AMPK_pT172,33.4255,5.26681,4.9884,5.54522
AMPK_pT172,33.6874,5.26681,4.9884,5.54522
AMPK_pT172,33.9492,5.26681,4.9884,5.54522
AMPK_pT172,34.211,5.26681,4.9884,5.54522
AMPK_pT172,34.4728,5.26681,4.9884,5.54522
AMPK_pT172,34.7346,5.26681,4.9884,5.54522
AMPK_pT172,34.9964,5.26681,4.9884,5.54522
AMPK_pT172,35.2582,5.26681,4.9884,5.54522
AMPK_pT172,35.5201,5.26681,4.9884,5.54522
AMPK_pT172,35.7819,5.26681,4.9884,5.54522
AMPK_pT172,36.0437,5.26681,4.9884,5.54522
AMPK_pT172,36.3055,5.26681,4.9884,5.54522
AMPK_pT172,36.5673,5.26681,4.9884,5.54522
AMPK_pT172,36.8291,5.26681,4.9884,5.54522
AMPK_pT172,37.0909,5.26681,4.9884,5.54522
AMPK_pT172,37.3528,5.26681,4.9884,5.54522
AMPK_pT172,37.6146,5.26681,4.9884,5.54522
AMPK_pT172,37.8764,5.26681,4.9884,5.54522
AMPK_pT172,38.1382,5.26681,4.9884,5.54522
AMPK_pT172,38.4,5.26681,4.9884,5.54522
AMPK_pT172,38.6618,5.26681,4.9884,5.54522
AMPK_pT172,38.9236,5.26681,4.9884,5.54522
AMPK_pT172,39.1854,5.30161,5.058,5.54522
AMPK_pT172,39.4473,5.30161,5.058,5.54522
AMPK_pT172,39.7091,5.30161,5.058,5.54522
AMPK_pT172,39.9709,5.30161,5.058,5.54522
AMPK_pT172,40.2327,5.30161,5.058,5.54522
AMPK_pT172,40.4945,5.26681,4.9884,5.54522
AMPK_pT172,40.7563,5.26681,4.9884,5.54522
AMPK_pT172,41.0181,5.26681,4.9884,5.54522
AMPK_pT172,41.28,5.30161,5.058,5.54522
AMPK_pT172,41.5418,5.30161,5.058,5.54522
AMPK_pT172,41.8036,5.30161,5.058,5.54522
AMPK_pT172,42.0654,5.30161,5.058,5.54522
AMPK_pT172,42.3272,5.30161,5.058,5.54522
AMPK_pT172,42.589,5.26681,4.9884,5.54522
AMPK_pT172,42.8508,5.26681,4.9884,5.54522
AMPK_pT172,43.1127,5.30161,5.1276,5.47561
AMPK_pT172,43.3745,5.33641,5.26681,5.40601
AMPK_pT172,43.6363,5.33641,5.33641,5.33641
AMPK_pT172,43.8981,5.33641,5.33641,5.33641
AMPK_pT172,44.4217,5.33641,5.33641,5.33641
AMPK_pT172,44.6835,5.33641,5.26681,5.40601
AMPK_pT172,44.9453,5.37121,5.26681,5.47561
AMPK_pT172,45.2072,5.33641,5.19721,5.47561
AMPK_pT172,45.469,5.30161,5.1276,5.47561
AMPK_pT172,45.7308,5.26681,5.058,5.47561
AMPK_pT172,45.9926,5.30161,5.058,5.54522
AMPK_pT172,46.2544,5.30161,5.058,5.54522
AMPK_pT172,46.5162,5.30161,5.058,5.54522
AMPK_pT172,46.778,5.26681,4.9884,5.54522
AMPK_pT172,47.0399,5.30161,5.058,5.54522
AMPK_pT172,47.3017,5.30161,5.058,5.54522
AMPK_pT172,47.5635,5.30161,5.058,5.54522
AMPK_pT172,47.8253,5.30161,5.058,5.54522
AMPK_pT172,48.0871,5.30161,5.058,5.54522
AMPK_pT172,48.3489,5.30161,5.058,5.54522
AMPK_pT172,48.6107,5.26681,4.9884,5.54522
AMPK_pT172,48.8725,5.26681,4.9884,5.54522
AMPK_pT172,49.1344,5.26681,4.9884,5.54522
AMPK_pT172,49.3962,5.26681,4.9884,5.54522
AMPK_pT172,49.658,5.26681,4.9884,5.54522
AMPK_pT172,49.9198,5.26681,4.9884,5.54522
AMPK_pT172,50.1816,5.26681,4.9884,5.54522
AMPK_pT172,50.4434,5.26681,4.9884,5.54522
AMPK_pT172,50.7052,5.26681,4.9884,5.54522
AMPK_pT172,50.9671,5.26681,4.9884,5.54522
AMPK_pT172,51.2289,5.26681,4.9884,5.54522
AMPK_pT172,51.4907,5.30161,5.058,5.54522
AMPK_pT172,51.7525,5.30161,5.058,5.54522
AMPK_pT172,52.0143,5.30161,5.058,5.54522
AMPK_pT172,52.2761,5.26681,4.9884,5.54522
AMPK_pT172,52.5379,5.26681,4.9884,5.54522
AMPK_pT172,52.7998,5.26681,4.9884,5.54522
AMPK_pT172,53.0616,5.26681,4.9884,5.54522
AMPK_pT172,53.3234,5.26681,4.9884,5.54522
AMPK_pT172,53.5852,5.26681,4.9884,5.54522
AMPK_pT172,53.847,5.26681,4.9884,5.54522
AMPK_pT172,54.1088,5.26681,4.9884,5.54522
AMPK_pT172,54.3706,5.26681,4.9884,5.54522
AMPK_pT172,54.6324,5.30161,5.058,5.54522
AMPK_pT172,54.8943,5.30161,5.058,5.54522
AMPK_pT172,55.1561,5.30161,5.058,5.54522
AMPK_pT172,55.4179,5.30161,5.058,5.54522
AMPK_pT172,55.6797,5.26681,4.9884,5.54522
AMPK_pT172,55.9415,5.26681,4.9884,5.54522
AMPK_pT172,56.2033,5.30161,5.058,5.54522
AMPK_pT172,56.4651,5.30161,5.058,5.54522
AMPK_pT172,56.727,5.30161,5.058,5.54522
AMPK_pT172,56.9888,5.30161,5.058,5.54522
AMPK_pT172,57.2506,5.30161,5.058,5.54522
AMPK_pT172,57.5124,5.30161,5.058,5.54522
AMPK_pT172,57.7742,5.26681,5.058,5.47561
AMPK_pT172,58.036,5.26681,5.058,5.47561
AMPK_pT172,58.2978,5.30161,5.1276,5.47561
AMPK_pT172,58.5596,5.30161,5.1276,5.47561
AMPK_pT172,58.8215,5.26681,5.1276,5.40601
AMPK_pT172,59.0833,5.30161,5.19721,5.40601
AMPK_pT172,59.3451,5.26681,5.19721,5.33641
AMPK_pT172,59.6069,5.30161,5.19721,5.40601
AMPK_pT172,59.8687,5.26681,5.1276,5.40601
AMPK_pT172,60.1305,5.26681,5.1276,5.40601
AMPK_pT172,60.3923,5.30161,5.1276,5.47561
AMPK_pT172,60.6542,5.26681,5.058,5.47561
AMPK_pT172,60.916,5.30161,5.058,5.54522
AMPK_pT172,61.1778,5.30161,5.058,5.54522
AMPK_pT172,61.4396,5.30161,5.058,5.54522
AMPK_pT172,61.7014,5.30161,5.058,5.54522
AMPK_pT172,61.9632,5.30161,5.058,5.54522
AMPK_pT172,62.225,5.30161,5.058,5.54522
AMPK_pT172,62.4869,5.30161,5.058,5.54522
AMPK_pT172,62.7487,5.30161,5.058,5.54522
AMPK_pT172,63.0105,5.30161,5.058,5.54522
AMPK_pT172,63.2723,5.30161,5.058,5.54522
AMPK_pT172,63.5341,5.30161,5.058,5.54522
AMPK_pT172,63.7959,5.30161,5.058,5.54522
AMPK_pT172,64.0577,5.30161,5.058,5.54522
AMPK_pT172,64.3195,5.26681,4.9884,5.54522
AMPK_pT172,64.5814,5.26681,4.9884,5.54522
AMPK_pT172,64.8432,5.26681,4.9884,5.54522
AMPK_pT172,65.105,5.26681,4.9884,5.54522
AMPK_pT172,65.3668,5.26681,4.9884,5.54522
AMPK_pT172,65.6286,5.26681,4.9884,5.54522
AMPK_pT172,65.8904,5.30161,5.058,5.54522
AMPK_pT172,66.1522,5.30161,5.058,5.54522
AMPK_pT172,66.4141,5.30161,5.058,5.54522
AMPK_pT172,66.6759,5.30161,5.058,5.54522
AMPK_pT172,66.9377,5.30161,5.058,5.54522
AMPK_pT172,67.1995,5.30161,5.058,5.54522
AMPK_pT172,67.4613,5.30161,5.058,5.54522
AMPK_pT172,67.7231,5.30161,5.058,5.54522
AMPK_pT172,67.9849,5.30161,5.058,5.54522
AMPK_pT172,68.2467,5.30161,5.058,5.54522
AMPK_pT172,68.5086,5.30161,5.058,5.54522
AMPK_pT172,68.7704,5.30161,5.058,5.54522
AMPK_pT172,69.0322,5.30161,5.058,5.54522
AMPK_pT172,69.294,5.30161,5.058,5.54522
AMPK_pT172,69.5558,5.30161,5.058,5.54522
AMPK_pT172,69.8176,5.30161,5.058,5.54522
AMPK_pT172,70.0794,5.30161,5.058,5.54522
AMPK_pT172,70.3413,5.30161,5.058,5.54522
AMPK_pT172,70.6031,5.30161,5.058,5.54522
AMPK_pT172,70.8649,5.30161,5.058,5.54522
AMPK_pT172,71.1267,5.30161,5.058,5.54522
AMPK_pT172,71.3885,5.30161,5.058,5.54522
AMPK_pT172,71.6503,5.30161,5.058,5.54522
AMPK_pT172,71.9121,5.30161,5.058,5.54522
AMPK_pT172,72.174,5.30161,5.058,5.54522
AMPK_pT172,72.4358,5.30161,5.058,5.54522
AMPK_pT172,72.6976,5.30161,5.058,5.54522
AMPK_pT172,72.9594,5.30161,5.058,5.54522
AMPK_pT172,73.2212,5.30161,5.058,5.54522
AMPK_pT172,73.483,5.30161,5.058,5.54522
AMPK_pT172,73.7448,5.30161,5.058,5.54522
AMPK_pT172,74.0066,5.30161,5.058,5.54522
AMPK_pT172,74.2685,5.30161,5.058,5.54522
AMPK_pT172,74.5303,5.30161,5.058,5.54522
AMPK_pT172,74.7921,5.30161,5.058,5.54522
AMPK_pT172,75.0539,5.30161,5.058,5.54522
AMPK_pT172,75.3157,5.30161,5.058,5.54522
AMPK_pT172,75.5775,5.30161,5.058,5.54522
AMPK_pT172,75.8393,5.30161,5.058,5.54522
AMPK_pT172,76.1012,5.30161,5.058,5.54522
AMPK_pT172,76.363,5.30161,5.058,5.54522
AMPK_pT172,76.6248,5.30161,5.058,5.54522
AMPK_pT172,76.8866,5.30161,5.058,5.54522
AMPK_pT172,77.1484,5.30161,5.058,5.54522
AMPK_pT172,77.4102,5.30161,5.058,5.54522
AMPK_pT172,77.672,5.30161,5.058,5.54522
AMPK_pT172,77.9339,5.30161,5.058,5.54522
AMPK_pT172,78.1957,5.30161,5.058,5.54522
AMPK_pT172,78.4575,5.30161,5.058,5.54522
AMPK_pT172,78.7193,5.30161,5.058,5.54522
AMPK_pT172,78.9811,5.30161,5.058,5.54522
AMPK_pT172,79.2429,5.30161,5.058,5.54522
AMPK_pT172,79.5047,5.30161,5.058,5.54522
AMPK_pT172,79.7665,5.30161,5.058,5.54522
AMPK_pT172,80.0284,5.30161,5.058,5.54522
AMPK_pT172,80.2902,5.30161,5.058,5.54522
AMPK_pT172,80.552,5.30161,5.058,5.54522
AMPK_pT172,80.8138,5.30161,5.058,5.54522
AMPK_pT172,81.0756,5.30161,5.058,5.54522
AMPK_pT172,81.3374,5.30161,5.058,5.54522
AMPK_pT172,81.5992,5.30161,5.058,5.54522
AMPK_pT172,81.8611,5.30161,5.058,5.54522
AMPK_pT172,82.1229,5.30161,5.058,5.54522
AMPK_pT172,82.3847,5.30161,5.058,5.54522
AMPK_pT172,82.6465,5.30161,5.058,5.54522
AMPK_pT172,82.9083,5.30161,5.058,5.54522
AMPK_pT172,83.1701,5.30161,5.058,5.54522
AMPK_pT172,83.4319,5.30161,5.058,5.54522
AMPK_pT172,83.6937,5.30161,5.058,5.54522
AMPK_pT172,83.9556,5.30161,5.058,5.54522
AMPK_pT172,84.2174,5.30161,5.058,5.54522
AMPK_pT172,84.4792,5.30161,5.058,5.54522
AMPK_pT172,84.741,5.30161,5.058,5.54522
AMPK_pT172,85.0028,5.30161,5.058,5.54522
AMPK_pT172,85.2646,5.30161,5.058,5.54522
AMPK_pT172,85.5264,5.30161,5.058,5.54522
AMPK_pT172,85.7883,5.30161,5.058,5.54522
AMPK_pT172,86.0501,5.30161,5.058,5.54522
AMPK_pT172,86.3119,5.30161,5.058,5.54522
AMPK_pT172,86.5737,5.30161,5.058,5.54522
AMPK_pT172,86.8355,5.30161,5.058,5.54522
AMPK_pT172,87.0973,5.30161,5.058,5.54522
AMPK_pT172,87.3591,5.30161,5.058,5.54522
AMPK_pT172,87.621,5.30161,5.058,5.54522
AMPK_pT172,87.8828,5.30161,5.058,5.54522
AMPK_pT172,88.1446,5.30161,5.058,5.54522
AMPK_pT172,88.4064,5.30161,5.058,5.54522
AMPK_pT172,88.6682,5.30161,5.058,5.54522
AMPK_pT172,88.93,5.30161,5.058,5.54522
AMPK_pT172,89.1918,5.30161,5.058,5.54522
AMPK_pT172,89.4536,5.30161,5.058,5.54522
AMPK_pT172,89.7155,5.30161,5.058,5.54522
AMPK_pT172,89.9773,5.30161,5.058,5.54522
AMPK_pT172,90.2391,5.30161,5.058,5.54522
AMPK_pT172,90.5009,5.30161,5.058,5.54522
AMPK_pT172,90.7627,5.30161,5.058,5.54522
AMPK_pT172,91.0245,5.30161,5.058,5.54522
AMPK_pT172,91.2863,5.30161,5.058,5.54522
AMPK_pT172,91.5482,5.30161,5.058,5.54522
AMPK_pT172,91.81,5.30161,5.058,5.54522
AMPK_pT172,92.0718,5.30161,5.058,5.54522
AMPK_pT172,92.3336,5.30161,5.058,5.54522
AMPK_pT172,92.5954,5.30161,5.058,5.54522
AMPK_pT172,92.8572,5.30161,5.058,5.54522
AMPK_pT172,93.119,5.30161,5.058,5.54522
AMPK_pT172,93.3808,5.30161,5.058,5.54522
AMPK_pT172,93.6427,5.30161,5.058,5.54522
AMPK_pT172,93.9045,5.30161,5.058,5.54522
AMPK_pT172,94.1663,5.30161,5.058,5.54522
AMPK_pT172,94.4281,5.30161,5.058,5.54522
AMPK_pT172,94.6899,5.30161,5.058,5.54522
AMPK_pT172,94.9517,5.30161,5.058,5.54522
AMPK_pT172,95.2135,5.30161,5.058,5.54522
AMPK_pT172,95.4754,5.30161,5.058,5.54522
AMPK_pT172,95.7372,5.30161,5.058,5.54522
AMPK_pT172,95.999,5.30161,5.058,5.54522
AMPK_pT172,96.2608,5.30161,5.058,5.54522
AMPK_pT172,96.5226,5.30161,5.058,5.54522
AMPK_pT172,96.7844,5.30161,5.058,5.54522
AMPK_pT172,97.0462,5.30161,5.058,5.54522
AMPK_pT172,97.3081,5.30161,5.058,5.54522
AMPK_pT172,97.5699,5.30161,5.058,5.54522
AMPK_pT172,97.8317,5.30161,5.058,5.54522
AMPK_pT172,98.0935,5.30161,5.058,5.54522
AMPK_pT172,98.3553,5.30161,5.058,5.54522
AMPK_pT172,98.6171,5.30161,5.058,5.54522
AMPK_pT172,98.8789,5.30161,5.058,5.54522
AMPK_pT172,99.1407,5.30161,5.058,5.54522
AMPK_pT172,99.4026,5.30161,5.058,5.54522
AMPK_pT172,99.6644,5.30161,5.058,5.54522
AMPK_pT172,99.9262,5.30161,5.058,5.54522
AMPK_pT172,100.188,5.30161,5.058,5.54522
AMPK_pT172,100.45,5.30161,5.058,5.54522
AMPK_pT172,100.712,5.30161,5.058,5.54522
AMPK_pT172,100.973,5.30161,5.058,5.54522
AMPK_pT172,101.235,5.30161,5.058,5.54522
AMPK_pT172,101.497,5.30161,5.058,5.54522
AMPK_pT172,101.759,5.30161,5.058,5.54522
AMPK_pT172,102.021,5.30161,5.058,5.54522
AMPK_pT172,102.283,5.30161,5.058,5.54522
AMPK_pT172,102.544,5.30161,5.058,5.54522
AMPK_pT172,102.806,5.30161,5.058,5.54522
AMPK_pT172,103.068,5.30161,5.058,5.54522
AMPK_pT172,103.33,5.30161,5.058,5.54522
AMPK_pT172,103.592,5.30161,5.058,5.54522
AMPK_pT172,103.853,5.30161,5.058,5.54522
AMPK_pT172,104.115,5.30161,5.058,5.54522
AMPK_pT172,104.377,5.30161,5.058,5.54522
AMPK_pT172,104.639,5.30161,5.058,5.54522
AMPK_pT172,104.901,5.30161,5.058,5.54522
AMPK_pT172,105.162,5.30161,5.058,5.54522
AMPK_pT172,105.424,5.30161,5.058,5.54522
AMPK_pT172,105.686,5.30161,5.058,5.54522
AMPK_pT172,105.948,5.30161,5.058,5.54522
AMPK_pT172,106.21,5.30161,5.058,5.54522
AMPK_pT172,106.472,5.30161,5.058,5.54522
AMPK_pT172,106.733,5.30161,5.058,5.54522
AMPK_pT172,106.995,5.30161,5.058,5.54522
AMPK_pT172,107.257,5.30161,5.058,5.54522
AMPK_pT172,107.519,5.30161,5.058,5.54522
AMPK_pT172,107.781,5.30161,5.058,5.54522
AMPK_pT172,108.042,5.30161,5.058,5.54522
AMPK_pT172,108.304,5.30161,5.058,5.54522
AMPK_pT172,108.566,5.30161,5.058,5.54522
AMPK_pT172,108.828,5.30161,5.058,5.54522
AMPK_pT172,109.09,5.30161,5.058,5.54522
AMPK_pT172,109.351,5.30161,5.058,5.54522
AMPK_pT172,109.613,5.30161,5.058,5.54522
AMPK_pT172,109.875,5.30161,5.058,5.54522
AMPK_pT172,110.137,5.30161,5.058,5.54522
AMPK_pT172,110.399,5.30161,5.058,5.54522
AMPK_pT172,110.661,5.30161,5.058,5.54522
AMPK_pT172,110.922,5.30161,5.058,5.54522
AMPK_pT172,111.184,5.30161,5.058,5.54522
AMPK_pT172,111.446,5.30161,5.058,5.54522
AMPK_pT172,111.708,5.30161,5.058,5.54522
AMPK_pT172,111.97,5.30161,5.058,5.54522
AMPK_pT172,112.231,5.30161,5.058,5.54522
AMPK_pT172,112.493,5.30161,5.058,5.54522
AMPK_pT172,112.755,5.30161,5.058,5.54522
AMPK_pT172,113.017,5.30161,5.058,5.54522
AMPK_pT172,113.279,5.30161,5.058,5.54522
AMPK_pT172,113.54,5.30161,5.058,5.54522
AMPK_pT172,113.802,5.30161,5.058,5.54522
AMPK_pT172,114.064,5.30161,5.058,5.54522
AMPK_pT172,114.326,5.26681,4.9884,5.54522
AMPK_pT172,114.588,5.26681,4.9884,5.54522
AMPK_pT172,114.85,5.26681,4.9884,5.54522
AMPK_pT172,115.111,5.26681,4.9884,5.54522
AMPK_pT172,115.373,5.26681,4.9884,5.54522
AMPK_pT172,115.635,5.26681,4.9884,5.54522
AMPK_pT172,115.897,5.26681,4.9884,5.54522
AMPK_pT172,116.159,5.26681,4.9884,5.54522
AMPK_pT172,116.42,5.26681,4.9884,5.54522
AMPK_pT172,116.682,5.26681,4.9884,5.54522
AMPK_pT172,116.944,5.26681,4.9884,5.54522
AMPK_pT172,117.206,5.30161,5.058,5.54522
AMPK_pT172,117.468,5.30161,5.058,5.54522
AMPK_pT172,117.73,5.30161,5.058,5.54522
AMPK_pT172,117.991,5.30161,5.1276,5.47561
AMPK_pT172,118.253,5.26681,5.1276,5.40601
Akt_pT308,0.698858,0.745721,0.474776,1.01667
Akt_pT308,0.960671,0.881194,0.384461,1.37793
Akt_pT308,1.22248,0.926351,0.294146,1.55856
Akt_pT308,1.4843,1.01667,0.294146,1.73919
Akt_pT308,1.74611,1.10698,0.384461,1.8295
Akt_pT308,2.00793,1.28761,0.474776,2.10045
Akt_pT308,2.26974,1.46824,0.565091,2.37139
Akt_pT308,2.53155,1.8295,0.745721,2.91328
Akt_pT308,2.79337,2.14561,1.10698,3.18423
Akt_pT308,3.05518,2.86813,1.46824,4.26801
Akt_pT308,3.31699,2.41655,1.64887,3.18423
Akt_pT308,3.57881,4.22285,3.45517,4.99053
Akt_pT308,3.84062,5.62274,3.6358,7.60967
Akt_pT308,4.10243,6.70652,4.71959,8.69345
Akt_pT308,4.36425,7.29357,5.44211,9.14502
Akt_pT308,4.62606,8.51282,6.70652,10.3191
Akt_pT308,4.88787,9.19018,7.51935,10.861
Akt_pT308,5.14969,9.37081,7.60967,11.132
Akt_pT308,5.4115,9.9127,7.7903,12.0351
Akt_pT308,5.67332,10.1836,7.88061,12.4867
Akt_pT308,5.93513,10.3643,7.97093,12.7576
Akt_pT308,6.19694,10.9513,8.24187,13.6608
Akt_pT308,6.45876,11.4481,8.96439,13.9317
Akt_pT308,6.72057,11.8093,9.5966,14.022
Akt_pT308,6.98238,12.3964,10.4998,14.293
Akt_pT308,7.2442,12.7125,10.9513,14.4736
Akt_pT308,7.50601,12.9383,11.2223,14.6542
Akt_pT308,7.76782,13.3447,11.9448,14.7446
Akt_pT308,8.02964,13.7963,12.7576,14.8349
Akt_pT308,8.29145,13.8866,12.9383,14.8349
Akt_pT308,8.55326,14.2478,13.5705,14.9252
Akt_pT308,8.81508,14.293,13.6608,14.9252
Akt_pT308,9.07689,14.293,13.6608,14.9252
Akt_pT308,9.3387,14.2478,13.6608,14.8349
Akt_pT308,9.60052,14.2027,13.5705,14.8349
Akt_pT308,9.86233,14.1124,13.3898,14.8349
Akt_pT308,10.1241,13.9769,13.2092,14.7446
Akt_pT308,10.386,13.7059,12.7576,14.6542
Akt_pT308,10.6478,13.5253,12.4867,14.5639
Akt_pT308,10.9096,13.2995,12.3061,14.293
Akt_pT308,11.1714,13.164,12.1254,14.2027
Akt_pT308,11.4332,12.9383,11.9448,13.9317
Akt_pT308,11.695,12.7576,11.7642,13.7511
Akt_pT308,11.9568,12.577,11.5835,13.5705
Akt_pT308,12.2187,12.0803,11.0416,13.1189
Akt_pT308,12.4805,11.8545,10.7707,12.9383
Akt_pT308,12.7423,11.4029,10.1385,12.6673
Akt_pT308,13.0041,11.1771,10.0482,12.3061
Akt_pT308,13.2659,10.9062,9.68692,12.1254
Akt_pT308,13.5277,10.6352,9.41597,11.8545
Akt_pT308,13.7895,10.3643,9.23534,11.4932
Akt_pT308,14.0513,10.0933,8.96439,11.2223
Akt_pT308,14.3132,9.86755,8.78376,10.9513
Akt_pT308,14.575,9.73207,8.60313,10.861
Akt_pT308,14.8368,9.46113,8.4225,10.4998
Akt_pT308,15.0986,9.23534,8.33219,10.1385
Akt_pT308,15.3604,9.00955,8.24187,9.77723
Akt_pT308,15.6222,8.91924,8.24187,9.5966
Akt_pT308,15.884,8.73861,8.15156,9.32566
Akt_pT308,16.1459,8.51282,7.97093,9.05471
Akt_pT308,16.4077,8.15156,7.69998,8.60313
Akt_pT308,16.6695,7.97093,7.42904,8.51282
Akt_pT308,16.9313,7.74514,7.15809,8.33219
Akt_pT308,17.1931,7.60967,6.97746,8.24187
Akt_pT308,17.4549,7.4742,6.79683,8.15156
Akt_pT308,17.7167,7.33872,6.6162,8.06124
Akt_pT308,17.9786,7.06778,6.43557,7.69998
Akt_pT308,18.2404,6.84199,6.16463,7.51935
Akt_pT308,18.5022,6.70652,6.07431,7.33872
Akt_pT308,18.764,6.57104,5.984,7.15809
Akt_pT308,19.0258,6.48073,5.80337,7.15809
Akt_pT308,19.2876,6.3001,5.71305,6.88715
Akt_pT308,19.5494,6.20978,5.62274,6.79683
Akt_pT308,19.8112,6.11947,5.53242,6.70652
Akt_pT308,20.0731,5.93884,5.44211,6.43557
Akt_pT308,20.3349,5.89368,5.35179,6.43557
Akt_pT308,20.5967,5.75821,5.26148,6.25494
Akt_pT308,20.8585,5.66789,5.17116,6.16463
Akt_pT308,21.1203,5.57758,5.08085,6.07431
Akt_pT308,21.3821,5.48726,4.99053,5.984
Akt_pT308,21.6439,5.44211,4.99053,5.89368
Akt_pT308,21.9058,5.30663,4.8099,5.80337
Akt_pT308,22.1676,5.21632,4.71959,5.71305
Akt_pT308,22.4294,5.21632,4.71959,5.71305
Akt_pT308,22.6912,5.17116,4.71959,5.62274
Akt_pT308,22.953,5.08085,4.62927,5.53242
Akt_pT308,23.2148,5.03569,4.62927,5.44211
Akt_pT308,23.4766,4.94537,4.53896,5.35179
Akt_pT308,23.7384,4.90022,4.53896,5.26148
Akt_pT308,24.0003,4.85506,4.44864,5.26148
Akt_pT308,24.2621,4.8099,4.44864,5.17116
Akt_pT308,24.5239,4.76474,4.35833,5.17116
Akt_pT308,24.7857,4.67443,4.26801,5.08085
Akt_pT308,25.0475,4.62927,4.26801,4.99053
Akt_pT308,25.3093,4.58411,4.17769,4.99053
Akt_pT308,25.5711,4.58411,4.17769,4.99053
Akt_pT308,25.833,4.53896,4.17769,4.90022
Akt_pT308,26.0948,4.53896,4.17769,4.90022
Akt_pT308,26.3566,4.4938,4.17769,4.8099
Akt_pT308,26.6184,4.4938,4.17769,4.8099
Akt_pT308,26.8802,4.40348,3.99706,4.8099
Akt_pT308,27.142,4.40348,3.99706,4.8099
Akt_pT308,27.4038,4.31317,3.90675,4.71959
Akt_pT308,27.6657,4.31317,3.90675,4.71959
Akt_pT308,27.9275,4.31317,3.90675,4.71959
Akt_pT308,28.1893,4.31317,3.90675,4.71959
Akt_pT308,28.4511,4.31317,3.90675,4.71959
Akt_pT308,28.7129,4.26801,3.90675,4.62927
Akt_pT308,28.9747,4.26801,3.90675,4.62927
Akt_pT308,29.2365,4.22285,3.90675,4.53896
Akt_pT308,29.4983,4.17769,3.90675,4.44864
Akt_pT308,29.7602,4.13254,3.90675,4.35833
Akt_pT308,30.022,4.08738,3.90675,4.26801
Akt_pT308,30.2838,4.04222,3.90675,4.17769
Akt_pT308,30.5456,4.04222,3.90675,4.17769
Akt_pT308,30.8074,4.04222,3.90675,4.17769
Akt_pT308,31.0692,4.04222,3.90675,4.17769
Akt_pT308,31.331,3.99706,3.81643,4.17769
Akt_pT308,31.5929,3.99706,3.81643,4.17769
Akt_pT308,31.8547,4.04222,3.81643,4.26801
Akt_pT308,32.1165,3.99706,3.72612,4.26801
Akt_pT308,32.3783,4.04222,3.72612,4.35833
Akt_pT308,32.6401,4.04222,3.72612,4.35833
Akt_pT308,32.9019,4.04222,3.72612,4.35833
Akt_pT308,33.1637,4.04222,3.72612,4.35833
Akt_pT308,33.4255,4.04222,3.72612,4.35833
Akt_pT308,33.6874,3.95191,3.6358,4.26801
Akt_pT308,33.9492,3.99706,3.72612,4.26801
Akt_pT308,34.211,3.99706,3.72612,4.26801
Akt_pT308,34.4728,3.99706,3.72612,4.26801
Akt_pT308,34.7346,3.99706,3.72612,4.26801
Akt_pT308,34.9964,3.99706,3.72612,4.26801
Akt_pT308,35.2582,3.99706,3.72612,4.26801
Akt_pT308,35.5201,3.99706,3.72612,4.26801
Akt_pT308,35.7819,3.99706,3.72612,4.26801
Akt_pT308,36.0437,3.99706,3.72612,4.26801
Akt_pT308,36.3055,3.99706,3.72612,4.26801
Akt_pT308,36.5673,3.99706,3.72612,4.26801
Akt_pT308,36.8291,3.99706,3.72612,4.26801
Akt_pT308,37.0909,3.99706,3.72612,4.26801
Akt_pT308,37.3528,3.99706,3.72612,4.26801
Akt_pT308,37.6146,3.99706,3.72612,4.26801
Akt_pT308,37.8764,3.99706,3.72612,4.26801
Akt_pT308,38.1382,4.04222,3.72612,4.35833
Akt_pT308,38.4,4.04222,3.72612,4.35833
Akt_pT308,38.6618,4.04222,3.72612,4.35833
Akt_pT308,38.9236,4.04222,3.72612,4.35833
Akt_pT308,39.1854,4.04222,3.72612,4.35833
Akt_pT308,39.4473,4.04222,3.72612,4.35833
Akt_pT308,39.7091,4.04222,3.72612,4.35833
Akt_pT308,39.9709,4.08738,3.72612,4.44864
Akt_pT308,40.2327,4.08738,3.72612,4.44864
Akt_pT308,40.4945,4.08738,3.72612,4.44864
Akt_pT308,40.7563,4.08738,3.72612,4.44864
Akt_pT308,41.0181,4.08738,3.72612,4.44864
Akt_pT308,41.28,4.08738,3.72612,4.44864
Akt_pT308,41.5418,4.08738,3.72612,4.44864
Akt_pT308,41.8036,4.08738,3.72612,4.44864
Akt_pT308,42.0654,4.08738,3.72612,4.44864
Akt_pT308,42.3272,4.08738,3.72612,4.44864
Akt_pT308,42.589,4.13254,3.72612,4.53896
Akt_pT308,42.8508,4.13254,3.72612,4.53896
Akt_pT308,43.1127,4.17769,3.81643,4.53896
Akt_pT308,43.3745,4.17769,3.81643,4.53896
Akt_pT308,43.6363,4.17769,3.81643,4.53896
Akt_pT308,43.8981,4.17769,3.81643,4.53896
Akt_pT308,44.1599,4.17769,3.81643,4.53896
Akt_pT308,44.4217,4.13254,3.81643,4.44864
Akt_pT308,44.6835,4.13254,3.90675,4.35833
Akt_pT308,44.9453,4.08738,3.90675,4.26801
Akt_pT308,45.2072,4.08738,3.90675,4.26801
Akt_pT308,45.469,4.08738,3.90675,4.26801
Akt_pT308,45.7308,4.08738,3.90675,4.26801
Akt_pT308,45.9926,4.08738,3.90675,4.26801
Akt_pT308,46.2544,4.13254,3.90675,4.35833
Akt_pT308,46.5162,4.17769,3.90675,4.44864
Akt_pT308,46.778,4.22285,3.90675,4.53896
Akt_pT308,47.0399,4.22285,3.90675,4.53896
Akt_pT308,47.3017,4.26801,3.90675,4.62927
Akt_pT308,47.5635,4.26801,3.90675,4.62927
Akt_pT308,47.8253,4.26801,3.90675,4.62927
Akt_pT308,48.0871,4.26801,3.90675,4.62927
Akt_pT308,48.3489,4.26801,3.90675,4.62927
Akt_pT308,48.6107,4.26801,3.90675,4.62927
Akt_pT308,48.8725,4.26801,3.90675,4.62927
Akt_pT308,49.1344,4.26801,3.90675,4.62927
Akt_pT308,49.3962,4.26801,3.90675,4.62927
Akt_pT308,49.658,4.26801,3.90675,4.62927
Akt_pT308,49.9198,4.26801,3.90675,4.62927
Akt_pT308,50.1816,4.31317,3.90675,4.71959
Akt_pT308,50.4434,4.31317,3.90675,4.71959
Akt_pT308,50.7052,4.31317,3.90675,4.71959
Akt_pT308,50.9671,4.31317,3.90675,4.71959
Akt_pT308,51.2289,4.31317,3.90675,4.71959
Akt_pT308,51.4907,4.31317,3.90675,4.71959
Akt_pT308,51.7525,4.31317,3.90675,4.71959
Akt_pT308,52.0143,4.31317,3.90675,4.71959
Akt_pT308,52.2761,4.31317,3.90675,4.71959
Akt_pT308,52.5379,4.31317,3.90675,4.71959
Akt_pT308,52.7998,4.31317,3.90675,4.71959
Akt_pT308,53.0616,4.31317,3.90675,4.71959
Akt_pT308,53.3234,4.31317,3.90675,4.71959
Akt_pT308,53.5852,4.31317,3.90675,4.71959
Akt_pT308,53.847,4.31317,3.90675,4.71959
Akt_pT308,54.1088,4.31317,3.90675,4.71959
Akt_pT308,54.3706,4.31317,3.90675,4.71959
Akt_pT308,54.6324,4.31317,3.90675,4.71959
Akt_pT308,54.8943,4.31317,3.90675,4.71959
Akt_pT308,55.1561,4.31317,3.90675,4.71959
Akt_pT308,55.4179,4.31317,3.90675,4.71959
Akt_pT308,55.6797,4.31317,3.90675,4.71959
Akt_pT308,55.9415,4.31317,3.90675,4.71959
Akt_pT308,56.2033,4.31317,3.90675,4.71959
Akt_pT308,56.4651,4.31317,3.90675,4.71959
Akt_pT308,56.727,4.31317,3.90675,4.71959
Akt_pT308,56.9888,4.31317,3.90675,4.71959
Akt_pT308,57.2506,4.31317,3.90675,4.71959
Akt_pT308,57.5124,4.31317,3.90675,4.71959
Akt_pT308,57.7742,4.35833,3.99706,4.71959
Akt_pT308,58.036,4.35833,3.99706,4.71959
Akt_pT308,58.2978,4.35833,3.99706,4.71959
Akt_pT308,58.5596,4.35833,3.99706,4.71959
Akt_pT308,58.8215,4.35833,3.99706,4.71959
Akt_pT308,59.0833,4.35833,3.99706,4.71959
Akt_pT308,59.3451,4.40348,4.08738,4.71959
Akt_pT308,59.6069,4.40348,4.08738,4.71959
Akt_pT308,59.8687,4.40348,4.08738,4.71959
Akt_pT308,60.1305,4.44864,4.17769,4.71959
Akt_pT308,60.3923,4.44864,4.17769,4.71959
Akt_pT308,60.6542,4.44864,4.17769,4.71959
Akt_pT308,60.916,4.4938,4.26801,4.71959
Akt_pT308,61.1778,4.44864,4.17769,4.71959
Akt_pT308,61.4396,4.44864,4.17769,4.71959
Akt_pT308,61.7014,4.44864,4.17769,4.71959
Akt_pT308,61.9632,4.40348,4.08738,4.71959
Akt_pT308,62.225,4.35833,3.99706,4.71959
Akt_pT308,62.4869,4.35833,3.99706,4.71959
Akt_pT308,62.7487,4.35833,3.99706,4.71959
Akt_pT308,63.0105,4.35833,3.99706,4.71959
Akt_pT308,63.2723,4.35833,3.99706,4.71959
Akt_pT308,63.5341,4.35833,3.99706,4.71959
Akt_pT308,63.7959,4.35833,3.99706,4.71959
Akt_pT308,64.0577,4.35833,3.99706,4.71959
Akt_pT308,64.3195,4.35833,3.99706,4.71959
Akt_pT308,64.5814,4.35833,3.99706,4.71959
Akt_pT308,64.8432,4.35833,3.99706,4.71959
Akt_pT308,65.105,4.35833,3.99706,4.71959
Akt_pT308,65.3668,4.35833,3.99706,4.71959
Akt_pT308,65.6286,4.35833,3.99706,4.71959
Akt_pT308,65.8904,4.35833,3.99706,4.71959
Akt_pT308,66.1522,4.35833,3.99706,4.71959
Akt_pT308,66.4141,4.35833,3.99706,4.71959
Akt_pT308,66.6759,4.35833,3.99706,4.71959
Akt_pT308,66.9377,4.35833,3.99706,4.71959
Akt_pT308,67.1995,4.35833,3.99706,4.71959
Akt_pT308,67.4613,4.35833,3.99706,4.71959
Akt_pT308,67.7231,4.35833,3.99706,4.71959
Akt_pT308,67.9849,4.35833,3.99706,4.71959
Akt_pT308,68.2467,4.35833,3.99706,4.71959
Akt_pT308,68.5086,4.35833,3.99706,4.71959
Akt_pT308,68.7704,4.35833,3.99706,4.71959
Akt_pT308,69.0322,4.35833,3.99706,4.71959
Akt_pT308,69.294,4.35833,3.99706,4.71959
Akt_pT308,69.5558,4.35833,3.99706,4.71959
Akt_pT308,69.8176,4.35833,3.99706,4.71959
Akt_pT308,70.0794,4.35833,3.99706,4.71959
Akt_pT308,70.3413,4.40348,3.99706,4.8099
Akt_pT308,70.6031,4.40348,3.99706,4.8099
Akt_pT308,70.8649,4.40348,3.99706,4.8099
Akt_pT308,71.1267,4.40348,3.99706,4.8099
Akt_pT308,71.3885,4.40348,3.99706,4.8099
Akt_pT308,71.6503,4.44864,4.08738,4.8099
Akt_pT308,71.9121,4.44864,4.08738,4.8099
Akt_pT308,72.174,4.44864,4.08738,4.8099
Akt_pT308,72.4358,4.44864,4.08738,4.8099
Akt_pT308,72.6976,4.44864,4.08738,4.8099
Akt_pT308,72.9594,4.44864,4.08738,4.8099
Akt_pT308,73.2212,4.44864,4.08738,4.8099
Akt_pT308,73.483,4.44864,4.08738,4.8099
Akt_pT308,73.7448,4.44864,4.08738,4.8099
Akt_pT308,74.0066,4.44864,4.08738,4.8099
Akt_pT308,74.2685,4.44864,4.08738,4.8099
Akt_pT308,74.5303,4.44864,4.08738,4.8099
Akt_pT308,74.7921,4.44864,4.08738,4.8099
Akt_pT308,75.0539,4.44864,4.08738,4.8099
Akt_pT308,75.3157,4.44864,4.08738,4.8099
Akt_pT308,75.5775,4.44864,4.08738,4.8099
Akt_pT308,75.8393,4.44864,4.08738,4.8099
Akt_pT308,76.1012,4.44864,4.08738,4.8099
Akt_pT308,76.363,4.44864,4.08738,4.8099
Akt_pT308,76.6248,4.44864,4.08738,4.8099
Akt_pT308,76.8866,4.44864,4.08738,4.8099
Akt_pT308,77.1484,4.44864,4.08738,4.8099
Akt_pT308,77.4102,4.44864,4.08738,4.8099
Akt_pT308,77.672,4.44864,4.08738,4.8099
Akt_pT308,77.9339,4.44864,4.08738,4.8099
Akt_pT308,78.1957,4.44864,4.08738,4.8099
Akt_pT308,78.4575,4.44864,4.08738,4.8099
Akt_pT308,78.7193,4.44864,4.08738,4.8099
Akt_pT308,78.9811,4.44864,4.08738,4.8099
Akt_pT308,79.2429,4.44864,4.08738,4.8099
Akt_pT308,79.5047,4.44864,4.08738,4.8099
Akt_pT308,79.7665,4.44864,4.08738,4.8099
Akt_pT308,80.0284,4.44864,4.08738,4.8099
Akt_pT308,80.2902,4.44864,4.08738,4.8099
Akt_pT308,80.552,4.44864,4.08738,4.8099
Akt_pT308,80.8138,4.44864,4.08738,4.8099
Akt_pT308,81.0756,4.44864,4.08738,4.8099
Akt_pT308,81.3374,4.44864,4.08738,4.8099
Akt_pT308,81.5992,4.44864,4.08738,4.8099
Akt_pT308,81.8611,4.44864,4.08738,4.8099
Akt_pT308,82.1229,4.44864,4.08738,4.8099
Akt_pT308,82.3847,4.44864,4.08738,4.8099
Akt_pT308,82.6465,4.44864,4.08738,4.8099
Akt_pT308,82.9083,4.44864,4.08738,4.8099
Akt_pT308,83.1701,4.44864,4.08738,4.8099
Akt_pT308,83.4319,4.44864,4.08738,4.8099
Akt_pT308,83.6937,4.44864,4.08738,4.8099
Akt_pT308,83.9556,4.44864,4.08738,4.8099
Akt_pT308,84.2174,4.44864,4.08738,4.8099
Akt_pT308,84.4792,4.44864,4.08738,4.8099
Akt_pT308,84.741,4.44864,4.08738,4.8099
Akt_pT308,85.0028,4.44864,4.08738,4.8099
Akt_pT308,85.2646,4.44864,4.08738,4.8099
Akt_pT308,85.5264,4.44864,4.08738,4.8099
Akt_pT308,85.7883,4.44864,4.08738,4.8099
Akt_pT308,86.0501,4.44864,4.08738,4.8099
Akt_pT308,86.3119,4.44864,4.08738,4.8099
Akt_pT308,86.5737,4.44864,4.08738,4.8099
Akt_pT308,86.8355,4.44864,4.08738,4.8099
Akt_pT308,87.0973,4.44864,4.08738,4.8099
Akt_pT308,87.3591,4.44864,4.08738,4.8099
Akt_pT308,87.621,4.44864,4.08738,4.8099
Akt_pT308,87.8828,4.44864,4.08738,4.8099
Akt_pT308,88.1446,4.44864,4.08738,4.8099
Akt_pT308,88.4064,4.44864,4.08738,4.8099
Akt_pT308,88.6682,4.44864,4.08738,4.8099
Akt_pT308,88.93,4.44864,4.08738,4.8099
Akt_pT308,89.1918,4.44864,4.08738,4.8099
Akt_pT308,89.4536,4.44864,4.08738,4.8099
Akt_pT308,89.7155,4.44864,4.08738,4.8099
Akt_pT308,89.9773,4.44864,4.08738,4.8099
Akt_pT308,90.2391,4.44864,4.08738,4.8099
Akt_pT308,90.5009,4.44864,4.08738,4.8099
Akt_pT308,90.7627,4.44864,4.08738,4.8099
Akt_pT308,91.0245,4.44864,4.08738,4.8099
Akt_pT308,91.2863,4.44864,4.08738,4.8099
Akt_pT308,91.5482,4.44864,4.08738,4.8099
Akt_pT308,91.81,4.44864,4.08738,4.8099
Akt_pT308,92.0718,4.44864,4.08738,4.8099
Akt_pT308,92.3336,4.44864,4.08738,4.8099
Akt_pT308,92.5954,4.44864,4.08738,4.8099
Akt_pT308,92.8572,4.44864,4.08738,4.8099
Akt_pT308,93.119,4.44864,4.08738,4.8099
Akt_pT308,93.3808,4.44864,4.08738,4.8099
Akt_pT308,93.6427,4.44864,4.08738,4.8099
Akt_pT308,93.9045,4.44864,4.08738,4.8099
Akt_pT308,94.1663,4.44864,4.08738,4.8099
Akt_pT308,94.4281,4.44864,4.08738,4.8099
Akt_pT308,94.6899,4.44864,4.08738,4.8099
Akt_pT308,94.9517,4.44864,4.08738,4.8099
Akt_pT308,95.2135,4.44864,4.08738,4.8099
Akt_pT308,95.4754,4.44864,4.08738,4.8099
Akt_pT308,95.7372,4.44864,4.08738,4.8099
Akt_pT308,95.999,4.44864,4.08738,4.8099
Akt_pT308,96.2608,4.44864,4.08738,4.8099
Akt_pT308,96.5226,4.44864,4.08738,4.8099
Akt_pT308,96.7844,4.44864,4.08738,4.8099
Akt_pT308,97.0462,4.44864,4.08738,4.8099
Akt_pT308,97.3081,4.44864,4.08738,4.8099
Akt_pT308,97.5699,4.44864,4.08738,4.8099
Akt_pT308,97.8317,4.44864,4.08738,4.8099
Akt_pT308,98.0935,4.44864,4.08738,4.8099
Akt_pT308,98.3553,4.44864,4.08738,4.8099
Akt_pT308,98.6171,4.44864,4.08738,4.8099
Akt_pT308,98.8789,4.44864,4.08738,4.8099
Akt_pT308,99.1407,4.44864,4.08738,4.8099
Akt_pT308,99.4026,4.44864,4.08738,4.8099
Akt_pT308,99.6644,4.44864,4.08738,4.8099
Akt_pT308,99.9262,4.44864,4.08738,4.8099
Akt_pT308,100.188,4.44864,4.08738,4.8099
Akt_pT308,100.45,4.44864,4.08738,4.8099
Akt_pT308,100.712,4.44864,4.08738,4.8099
Akt_pT308,100.973,4.44864,4.08738,4.8099
Akt_pT308,101.235,4.44864,4.08738,4.8099
Akt_pT308,101.497,4.44864,4.08738,4.8099
Akt_pT308,101.759,4.44864,4.08738,4.8099
Akt_pT308,102.021,4.44864,4.08738,4.8099
Akt_pT308,102.283,4.44864,4.08738,4.8099
Akt_pT308,102.544,4.44864,4.08738,4.8099
Akt_pT308,102.806,4.44864,4.08738,4.8099
Akt_pT308,103.068,4.44864,4.08738,4.8099
Akt_pT308,103.33,4.44864,4.08738,4.8099
Akt_pT308,103.592,4.44864,4.08738,4.8099
Akt_pT308,103.853,4.44864,4.08738,4.8099
Akt_pT308,104.115,4.44864,4.08738,4.8099
Akt_pT308,104.377,4.44864,4.08738,4.8099
Akt_pT308,104.639,4.44864,4.08738,4.8099
Akt_pT308,104.901,4.44864,4.08738,4.8099
Akt_pT308,105.162,4.44864,4.08738,4.8099
Akt_pT308,105.424,4.44864,4.08738,4.8099
Akt_pT308,105.686,4.44864,4.08738,4.8099
Akt_pT308,105.948,4.44864,4.08738,4.8099
Akt_pT308,106.21,4.44864,4.08738,4.8099
Akt_pT308,106.472,4.44864,4.08738,4.8099
Akt_pT308,106.733,4.44864,4.08738,4.8099
Akt_pT308,106.995,4.44864,4.08738,4.8099
Akt_pT308,107.257,4.44864,4.08738,4.8099
Akt_pT308,107.519,4.44864,4.08738,4.8099
Akt_pT308,107.781,4.44864,4.08738,4.8099
Akt_pT308,108.042,4.44864,4.08738,4.8099
Akt_pT308,108.304,4.44864,4.08738,4.8099
Akt_pT308,108.566,4.44864,4.08738,4.8099
Akt_pT308,108.828,4.44864,4.08738,4.8099
Akt_pT308,109.09,4.44864,4.08738,4.8099
Akt_pT308,109.351,4.44864,4.08738,4.8099
Akt_pT308,109.613,4.44864,4.08738,4.8099
Akt_pT308,109.875,4.44864,4.08738,4.8099
Akt_pT308,110.137,4.44864,4.08738,4.8099
Akt_pT308,110.399,4.44864,4.08738,4.8099
Akt_pT308,110.661,4.44864,4.08738,4.8099
Akt_pT308,110.922,4.44864,4.08738,4.8099
Akt_pT308,111.184,4.44864,4.08738,4.8099
Akt_pT308,111.446,4.44864,4.08738,4.8099
Akt_pT308,111.708,4.44864,4.08738,4.8099
Akt_pT308,111.97,4.44864,4.08738,4.8099
Akt_pT308,112.231,4.44864,4.08738,4.8099
Akt_pT308,112.493,4.44864,4.08738,4.8099
Akt_pT308,112.755,4.44864,4.08738,4.8099
Akt_pT308,113.017,4.44864,4.08738,4.8099
Akt_pT308,113.279,4.44864,4.08738,4.8099
Akt_pT308,113.54,4.44864,4.08738,4.8099
Akt_pT308,113.802,4.44864,4.08738,4.8099
Akt_pT308,114.064,4.44864,4.08738,4.8099
Akt_pT308,114.326,4.44864,4.08738,4.8099
Akt_pT308,114.588,4.44864,4.08738,4.8099
Akt_pT308,114.85,4.44864,4.08738,4.8099
Akt_pT308,115.111,4.44864,4.08738,4.8099
Akt_pT308,115.373,4.44864,4.08738,4.8099
Akt_pT308,115.635,4.44864,4.08738,4.8099
Akt_pT308,115.897,4.44864,4.08738,4.8099
Akt_pT308,116.159,4.4938,4.17769,4.8099
Akt_pT308,116.42,4.4938,4.17769,4.8099
Akt_pT308,116.682,4.4938,4.17769,4.8099
Akt_pT308,116.944,4.4938,4.17769,4.8099
Akt_pT308,117.206,4.44864,4.08738,4.8099
Akt_pT308,117.468,4.44864,4.08738,4.8099
Akt_pT308,117.73,4.4938,4.17769,4.8099
Akt_pT308,117.991,4.4938,4.17769,4.8099
Akt_pT308,118.253,4.4938,4.17769,4.8099
Akt_pT308,118.515,4.4938,4.17769,4.8099
Akt_pT308,118.777,4.4938,4.17769,4.8099
Akt_pT308,119.039,4.44864,4.08738,4.8099
Akt_pT308,119.3,4.44864,4.08738,4.8099
Akt_pT308,119.562,4.40348,4.08738,4.71959
Akt_pT308,119.824,4.40348,4.08738,4.71959
Akt_pT308,120,4.44864,4.17769,4.71959
Akt_pT308,120,4.44864,4.17769,4.71959
mTOR_pS2481,0.437044,0.161704,0.161704,0.161704
mTOR_pS2481,0.698858,0.511225,0.0881211,0.934329
mTOR_pS2481,0.960671,0.529621,0.0697253,0.989516
mTOR_pS2481,1.22248,0.594006,0.0697253,1.11829
mTOR_pS2481,1.4843,0.833152,0.0697253,1.59658
mTOR_pS2481,1.74611,0.851547,0.0513294,1.65177
mTOR_pS2481,2.00793,0.860745,0.0697253,1.65177
mTOR_pS2481,2.26974,0.879141,0.0881211,1.67016
mTOR_pS2481,2.53155,0.897537,0.124913,1.67016
mTOR_pS2481,2.79337,0.741173,0.658391,0.823954
mTOR_pS2481,3.05518,1.35743,1.13668,1.57818
mTOR_pS2481,3.31699,1.44941,1.33904,1.55979
mTOR_pS2481,3.57881,1.5046,1.5046,1.5046
mTOR_pS2481,3.84062,1.83572,1.79893,1.87252
mTOR_pS2481,4.10243,1.85412,1.81733,1.89091
mTOR_pS2481,4.36425,1.88171,1.85412,1.90931
mTOR_pS2481,4.62606,1.89091,1.87252,1.90931
mTOR_pS2481,4.88787,1.90011,1.89091,1.90931
mTOR_pS2481,5.14969,1.90011,1.89091,1.90931
mTOR_pS2481,5.4115,1.9185,1.90931,1.9277
mTOR_pS2481,5.67332,1.9185,1.90931,1.9277
mTOR_pS2481,5.93513,1.9185,1.90931,1.9277
mTOR_pS2481,6.19694,1.9185,1.90931,1.9277
mTOR_pS2481,6.45876,1.9277,1.90931,1.9461
mTOR_pS2481,6.72057,1.9277,1.90931,1.9461
mTOR_pS2481,6.98238,1.9369,1.90931,1.96449
mTOR_pS2481,7.2442,1.9277,1.89091,1.96449
mTOR_pS2481,7.50601,1.9277,1.89091,1.96449
mTOR_pS2481,7.76782,1.9277,1.87252,1.98289
mTOR_pS2481,8.02964,1.9277,1.87252,1.98289
mTOR_pS2481,8.29145,1.9277,1.87252,1.98289
mTOR_pS2481,8.55326,1.9277,1.87252,1.98289
mTOR_pS2481,8.81508,1.9277,1.87252,1.98289
mTOR_pS2481,9.07689,1.9277,1.87252,1.98289
mTOR_pS2481,9.3387,1.9277,1.87252,1.98289
mTOR_pS2481,9.60052,1.9277,1.87252,1.98289
mTOR_pS2481,9.86233,1.9277,1.87252,1.98289
mTOR_pS2481,10.1241,1.9277,1.87252,1.98289
mTOR_pS2481,10.386,1.9369,1.89091,1.98289
mTOR_pS2481,10.6478,1.9277,1.89091,1.96449
mTOR_pS2481,10.9096,1.9277,1.89091,1.96449
mTOR_pS2481,11.1714,1.9369,1.90931,1.96449
mTOR_pS2481,11.4332,1.9369,1.90931,1.96449
mTOR_pS2481,11.695,1.9277,1.90931,1.9461
mTOR_pS2481,11.9568,1.9277,1.90931,1.9461
mTOR_pS2481,12.2187,1.9277,1.90931,1.9461
mTOR_pS2481,12.4805,1.9369,1.90931,1.96449
mTOR_pS2481,12.7423,1.9277,1.89091,1.96449
mTOR_pS2481,13.0041,1.9277,1.89091,1.96449
mTOR_pS2481,13.2659,1.9369,1.89091,1.98289
mTOR_pS2481,13.5277,1.9277,1.87252,1.98289
mTOR_pS2481,13.7895,1.9277,1.87252,1.98289
mTOR_pS2481,14.0513,1.9277,1.87252,1.98289
mTOR_pS2481,14.3132,1.9277,1.87252,1.98289
mTOR_pS2481,14.575,1.9277,1.87252,1.98289
mTOR_pS2481,14.8368,1.9277,1.87252,1.98289
mTOR_pS2481,15.0986,1.9277,1.87252,1.98289
mTOR_pS2481,15.3604,1.9277,1.87252,1.98289
mTOR_pS2481,15.6222,1.9277,1.87252,1.98289
mTOR_pS2481,15.884,1.9277,1.87252,1.98289
mTOR_pS2481,16.1459,1.9277,1.87252,1.98289
mTOR_pS2481,16.4077,1.9277,1.87252,1.98289
mTOR_pS2481,16.6695,1.9277,1.87252,1.98289
mTOR_pS2481,16.9313,1.9277,1.87252,1.98289
mTOR_pS2481,17.1931,1.9277,1.87252,1.98289
mTOR_pS2481,17.4549,1.9277,1.87252,1.98289
mTOR_pS2481,17.7167,1.9277,1.87252,1.98289
mTOR_pS2481,17.9786,1.9277,1.87252,1.98289
mTOR_pS2481,18.2404,1.9277,1.87252,1.98289
mTOR_pS2481,18.5022,1.9277,1.87252,1.98289
mTOR_pS2481,18.764,1.9277,1.87252,1.98289
mTOR_pS2481,19.0258,1.9277,1.87252,1.98289
mTOR_pS2481,19.2876,1.9277,1.87252,1.98289
mTOR_pS2481,19.5494,1.9277,1.87252,1.98289
mTOR_pS2481,19.8112,1.9277,1.87252,1.98289
mTOR_pS2481,20.0731,1.9277,1.87252,1.98289
mTOR_pS2481,20.3349,1.9277,1.87252,1.98289
mTOR_pS2481,20.5967,1.9277,1.87252,1.98289
mTOR_pS2481,20.8585,1.9277,1.87252,1.98289
mTOR_pS2481,21.1203,1.9277,1.87252,1.98289
mTOR_pS2481,21.3821,1.9277,1.87252,1.98289
mTOR_pS2481,21.6439,1.9277,1.87252,1.98289
mTOR_pS2481,21.9058,1.9277,1.87252,1.98289
mTOR_pS2481,22.1676,1.9277,1.87252,1.98289
mTOR_pS2481,22.4294,1.9277,1.87252,1.98289
mTOR_pS2481,22.6912,1.9277,1.87252,1.98289
mTOR_pS2481,22.953,1.9277,1.87252,1.98289
mTOR_pS2481,23.2148,1.9277,1.87252,1.98289
mTOR_pS2481,23.4766,1.9277,1.87252,1.98289
mTOR_pS2481,23.7384,1.9277,1.87252,1.98289
mTOR_pS2481,24.0003,1.9277,1.87252,1.98289
mTOR_pS2481,24.2621,1.9277,1.87252,1.98289
mTOR_pS2481,24.5239,1.9277,1.87252,1.98289
mTOR_pS2481,24.7857,1.9277,1.87252,1.98289
mTOR_pS2481,25.0475,1.9277,1.87252,1.98289
mTOR_pS2481,25.3093,1.9277,1.87252,1.98289
mTOR_pS2481,25.5711,1.9277,1.87252,1.98289
mTOR_pS2481,25.833,1.9277,1.87252,1.98289
mTOR_pS2481,26.0948,1.9277,1.87252,1.98289
mTOR_pS2481,26.3566,1.9277,1.87252,1.98289
mTOR_pS2481,26.6184,1.9277,1.87252,1.98289
mTOR_pS2481,26.8802,1.9277,1.87252,1.98289
mTOR_pS2481,27.142,1.9277,1.87252,1.98289
mTOR_pS2481,27.4038,1.9277,1.87252,1.98289
mTOR_pS2481,27.6657,1.9277,1.87252,1.98289
mTOR_pS2481,27.9275,1.9277,1.87252,1.98289
mTOR_pS2481,28.1893,1.9277,1.87252,1.98289
mTOR_pS2481,28.4511,1.9277,1.87252,1.98289
mTOR_pS2481,28.7129,1.9277,1.87252,1.98289
mTOR_pS2481,28.9747,1.9277,1.87252,1.98289
mTOR_pS2481,29.2365,1.9277,1.87252,1.98289
mTOR_pS2481,29.4983,1.9277,1.87252,1.98289
mTOR_pS2481,29.7602,1.9277,1.87252,1.98289
mTOR_pS2481,30.022,1.9277,1.87252,1.98289
mTOR_pS2481,30.2838,1.9277,1.87252,1.98289
mTOR_pS2481,30.5456,1.9277,1.87252,1.98289
mTOR_pS2481,30.8074,1.9277,1.87252,1.98289
mTOR_pS2481,31.0692,1.9277,1.87252,1.98289
mTOR_pS2481,31.331,1.9277,1.89091,1.96449
mTOR_pS2481,31.5929,1.9277,1.89091,1.96449
mTOR_pS2481,31.8547,1.9185,1.90931,1.9277
mTOR_pS2481,32.6401,1.90931,1.90931,1.90931
mTOR_pS2481,32.9019,1.9277,1.90931,1.9461
mTOR_pS2481,33.1637,1.9277,1.89091,1.96449
mTOR_pS2481,33.4255,1.9277,1.89091,1.96449
mTOR_pS2481,33.6874,1.9185,1.87252,1.96449
mTOR_pS2481,33.9492,1.9277,1.87252,1.98289
mTOR_pS2481,34.211,1.9277,1.87252,1.98289
mTOR_pS2481,34.4728,1.9277,1.87252,1.98289
mTOR_pS2481,34.7346,1.9277,1.87252,1.98289
mTOR_pS2481,34.9964,1.9277,1.87252,1.98289
mTOR_pS2481,35.2582,1.9277,1.87252,1.98289
mTOR_pS2481,35.5201,1.9277,1.87252,1.98289
mTOR_pS2481,35.7819,1.9277,1.87252,1.98289
mTOR_pS2481,36.0437,1.9277,1.87252,1.98289
mTOR_pS2481,36.3055,1.9277,1.87252,1.98289
mTOR_pS2481,36.5673,1.9277,1.87252,1.98289
mTOR_pS2481,36.8291,1.9277,1.87252,1.98289
mTOR_pS2481,37.0909,1.9277,1.87252,1.98289
mTOR_pS2481,37.3528,1.9277,1.87252,1.98289
mTOR_pS2481,37.6146,1.9277,1.87252,1.98289
mTOR_pS2481,37.8764,1.9277,1.87252,1.98289
mTOR_pS2481,38.1382,1.9277,1.87252,1.98289
mTOR_pS2481,38.4,1.9277,1.87252,1.98289
mTOR_pS2481,38.6618,1.9277,1.87252,1.98289
mTOR_pS2481,38.9236,1.9277,1.87252,1.98289
mTOR_pS2481,39.1854,1.9277,1.87252,1.98289
mTOR_pS2481,39.4473,1.9277,1.87252,1.98289
mTOR_pS2481,39.7091,1.9277,1.87252,1.98289
mTOR_pS2481,39.9709,1.9277,1.87252,1.98289
mTOR_pS2481,40.2327,1.9277,1.87252,1.98289
mTOR_pS2481,40.4945,1.9277,1.87252,1.98289
mTOR_pS2481,40.7563,1.9277,1.87252,1.98289
mTOR_pS2481,41.0181,1.9277,1.87252,1.98289
mTOR_pS2481,41.28,1.9277,1.87252,1.98289
mTOR_pS2481,41.5418,1.9277,1.87252,1.98289
mTOR_pS2481,41.8036,1.9277,1.87252,1.98289
mTOR_pS2481,42.0654,1.9277,1.87252,1.98289
mTOR_pS2481,42.3272,1.9277,1.87252,1.98289
mTOR_pS2481,42.589,1.9277,1.87252,1.98289
mTOR_pS2481,42.8508,1.9277,1.87252,1.98289
mTOR_pS2481,43.1127,1.9277,1.87252,1.98289
mTOR_pS2481,43.3745,1.9277,1.87252,1.98289
mTOR_pS2481,43.6363,1.9277,1.87252,1.98289
mTOR_pS2481,43.8981,1.9277,1.87252,1.98289
mTOR_pS2481,44.1599,1.9277,1.87252,1.98289
mTOR_pS2481,44.4217,1.9277,1.87252,1.98289
mTOR_pS2481,44.6835,1.9277,1.87252,1.98289
mTOR_pS2481,44.9453,1.9277,1.87252,1.98289
mTOR_pS2481,45.2072,1.9277,1.87252,1.98289
mTOR_pS2481,45.469,1.9277,1.87252,1.98289
mTOR_pS2481,45.7308,1.9369,1.89091,1.98289
mTOR_pS2481,45.9926,1.9369,1.89091,1.98289
mTOR_pS2481,46.2544,1.9369,1.89091,1.98289
mTOR_pS2481,46.5162,1.9369,1.89091,1.98289
mTOR_pS2481,46.778,1.9369,1.89091,1.98289
mTOR_pS2481,47.0399,1.9369,1.89091,1.98289
mTOR_pS2481,47.3017,1.9369,1.89091,1.98289
mTOR_pS2481,47.5635,1.9461,1.90931,1.98289
mTOR_pS2481,47.8253,1.9461,1.90931,1.98289
mTOR_pS2481,48.0871,1.9369,1.89091,1.98289
mTOR_pS2481,48.3489,1.9369,1.89091,1.98289
mTOR_pS2481,48.6107,1.9369,1.89091,1.98289
mTOR_pS2481,48.8725,1.9369,1.89091,1.98289
mTOR_pS2481,49.1344,1.9369,1.89091,1.98289
mTOR_pS2481,49.3962,1.9277,1.87252,1.98289
mTOR_pS2481,49.658,1.9277,1.87252,1.98289
mTOR_pS2481,49.9198,1.9277,1.87252,1.98289
mTOR_pS2481,50.1816,1.9277,1.87252,1.98289
mTOR_pS2481,50.4434,1.9277,1.87252,1.98289
mTOR_pS2481,50.7052,1.9277,1.87252,1.98289
mTOR_pS2481,50.9671,1.9277,1.87252,1.98289
mTOR_pS2481,51.2289,1.9277,1.87252,1.98289
mTOR_pS2481,51.4907,1.9277,1.87252,1.98289
mTOR_pS2481,51.7525,1.9277,1.87252,1.98289
mTOR_pS2481,52.0143,1.9277,1.87252,1.98289
mTOR_pS2481,52.2761,1.9277,1.87252,1.98289
mTOR_pS2481,52.5379,1.9277,1.87252,1.98289
mTOR_pS2481,52.7998,1.9277,1.87252,1.98289
mTOR_pS2481,53.0616,1.9277,1.87252,1.98289
mTOR_pS2481,53.3234,1.9277,1.87252,1.98289
mTOR_pS2481,53.5852,1.9277,1.87252,1.98289
mTOR_pS2481,53.847,1.9277,1.87252,1.98289
mTOR_pS2481,54.1088,1.9277,1.87252,1.98289
mTOR_pS2481,54.3706,1.9277,1.87252,1.98289
mTOR_pS2481,54.6324,1.9277,1.87252,1.98289
mTOR_pS2481,54.8943,1.9277,1.87252,1.98289
mTOR_pS2481,55.1561,1.9277,1.87252,1.98289
mTOR_pS2481,55.4179,1.9277,1.87252,1.98289
mTOR_pS2481,55.6797,1.9277,1.87252,1.98289
mTOR_pS2481,55.9415,1.9277,1.87252,1.98289
mTOR_pS2481,56.2033,1.9277,1.87252,1.98289
mTOR_pS2481,56.4651,1.9277,1.87252,1.98289
mTOR_pS2481,56.727,1.9277,1.87252,1.98289
mTOR_pS2481,56.9888,1.9277,1.87252,1.98289
mTOR_pS2481,57.2506,1.9277,1.87252,1.98289
mTOR_pS2481,57.5124,1.9277,1.87252,1.98289
mTOR_pS2481,57.7742,1.9277,1.87252,1.98289
mTOR_pS2481,58.036,1.9277,1.87252,1.98289
mTOR_pS2481,58.2978,1.9277,1.87252,1.98289
mTOR_pS2481,58.5596,1.9277,1.87252,1.98289
mTOR_pS2481,58.8215,1.9277,1.87252,1.98289
mTOR_pS2481,59.0833,1.9277,1.87252,1.98289
mTOR_pS2481,59.3451,1.9277,1.87252,1.98289
mTOR_pS2481,59.6069,1.9277,1.87252,1.98289
mTOR_pS2481,59.8687,1.9277,1.87252,1.98289
mTOR_pS2481,60.1305,1.9277,1.87252,1.98289
mTOR_pS2481,60.3923,1.9277,1.87252,1.98289
mTOR_pS2481,60.6542,1.9277,1.87252,1.98289
mTOR_pS2481,60.916,1.9277,1.87252,1.98289
mTOR_pS2481,61.1778,1.9277,1.87252,1.98289
mTOR_pS2481,61.4396,1.9277,1.87252,1.98289
mTOR_pS2481,61.7014,1.9277,1.87252,1.98289
mTOR_pS2481,61.9632,1.9277,1.87252,1.98289
mTOR_pS2481,62.225,1.9277,1.87252,1.98289
mTOR_pS2481,62.4869,1.9277,1.87252,1.98289
mTOR_pS2481,62.7487,1.9277,1.87252,1.98289
mTOR_pS2481,63.0105,1.9277,1.87252,1.98289
mTOR_pS2481,63.2723,1.9277,1.87252,1.98289
mTOR_pS2481,63.5341,1.9277,1.87252,1.98289
mTOR_pS2481,63.7959,1.9277,1.87252,1.98289
mTOR_pS2481,64.0577,1.9277,1.87252,1.98289
mTOR_pS2481,64.3195,1.9277,1.87252,1.98289
mTOR_pS2481,64.5814,1.9277,1.87252,1.98289
mTOR_pS2481,64.8432,1.9277,1.87252,1.98289
mTOR_pS2481,65.105,1.9277,1.87252,1.98289
mTOR_pS2481,65.3668,1.9277,1.87252,1.98289
mTOR_pS2481,65.6286,1.9277,1.87252,1.98289
mTOR_pS2481,65.8904,1.9277,1.87252,1.98289
mTOR_pS2481,66.1522,1.9277,1.87252,1.98289
mTOR_pS2481,66.4141,1.9277,1.87252,1.98289
mTOR_pS2481,66.6759,1.9277,1.87252,1.98289
mTOR_pS2481,66.9377,1.9277,1.87252,1.98289
mTOR_pS2481,67.1995,1.9277,1.87252,1.98289
mTOR_pS2481,67.4613,1.9277,1.87252,1.98289
mTOR_pS2481,67.7231,1.9277,1.87252,1.98289
mTOR_pS2481,67.9849,1.9277,1.87252,1.98289
mTOR_pS2481,68.2467,1.9277,1.87252,1.98289
mTOR_pS2481,68.5086,1.9277,1.87252,1.98289
mTOR_pS2481,68.7704,1.9277,1.87252,1.98289
mTOR_pS2481,69.0322,1.9277,1.87252,1.98289
mTOR_pS2481,69.294,1.9277,1.87252,1.98289
mTOR_pS2481,69.5558,1.9277,1.87252,1.98289
mTOR_pS2481,69.8176,1.9277,1.87252,1.98289
mTOR_pS2481,70.0794,1.9277,1.87252,1.98289
mTOR_pS2481,70.3413,1.9277,1.87252,1.98289
mTOR_pS2481,70.6031,1.9277,1.87252,1.98289
mTOR_pS2481,70.8649,1.9277,1.87252,1.98289
mTOR_pS2481,71.1267,1.9277,1.87252,1.98289
mTOR_pS2481,71.3885,1.9277,1.87252,1.98289
mTOR_pS2481,71.6503,1.9277,1.87252,1.98289
mTOR_pS2481,71.9121,1.9277,1.87252,1.98289
mTOR_pS2481,72.174,1.9277,1.87252,1.98289
mTOR_pS2481,72.4358,1.9277,1.87252,1.98289
mTOR_pS2481,72.6976,1.9277,1.87252,1.98289
mTOR_pS2481,72.9594,1.9277,1.87252,1.98289
mTOR_pS2481,73.2212,1.9277,1.87252,1.98289
mTOR_pS2481,73.483,1.9277,1.87252,1.98289
mTOR_pS2481,73.7448,1.9277,1.87252,1.98289
mTOR_pS2481,74.0066,1.9277,1.87252,1.98289
mTOR_pS2481,74.2685,1.9277,1.87252,1.98289
mTOR_pS2481,74.5303,1.9277,1.87252,1.98289
mTOR_pS2481,74.7921,1.9277,1.87252,1.98289
mTOR_pS2481,75.0539,1.9277,1.87252,1.98289
mTOR_pS2481,75.3157,1.9277,1.87252,1.98289
mTOR_pS2481,75.5775,1.9277,1.87252,1.98289
mTOR_pS2481,75.8393,1.9277,1.87252,1.98289
mTOR_pS2481,76.1012,1.9277,1.87252,1.98289
mTOR_pS2481,76.363,1.9277,1.87252,1.98289
mTOR_pS2481,76.6248,1.9277,1.87252,1.98289
mTOR_pS2481,76.8866,1.9277,1.87252,1.98289
mTOR_pS2481,77.1484,1.9277,1.87252,1.98289
mTOR_pS2481,77.4102,1.9277,1.87252,1.98289
mTOR_pS2481,77.672,1.9277,1.87252,1.98289
mTOR_pS2481,77.9339,1.9277,1.87252,1.98289
mTOR_pS2481,78.1957,1.9277,1.87252,1.98289
mTOR_pS2481,78.4575,1.9277,1.87252,1.98289
mTOR_pS2481,78.7193,1.9277,1.87252,1.98289
mTOR_pS2481,78.9811,1.9277,1.87252,1.98289
mTOR_pS2481,79.2429,1.9277,1.87252,1.98289
mTOR_pS2481,79.5047,1.9277,1.87252,1.98289
mTOR_pS2481,79.7665,1.9277,1.87252,1.98289
mTOR_pS2481,80.0284,1.9277,1.87252,1.98289
mTOR_pS2481,80.2902,1.9277,1.87252,1.98289
mTOR_pS2481,80.552,1.9277,1.87252,1.98289
mTOR_pS2481,80.8138,1.9277,1.87252,1.98289
mTOR_pS2481,81.0756,1.9277,1.87252,1.98289
mTOR_pS2481,81.3374,1.9277,1.87252,1.98289
mTOR_pS2481,81.5992,1.9277,1.87252,1.98289
mTOR_pS2481,81.8611,1.9277,1.87252,1.98289
mTOR_pS2481,82.1229,1.9277,1.87252,1.98289
mTOR_pS2481,82.3847,1.9277,1.87252,1.98289
mTOR_pS2481,82.6465,1.9277,1.87252,1.98289
mTOR_pS2481,82.9083,1.9277,1.87252,1.98289
mTOR_pS2481,83.1701,1.9277,1.87252,1.98289
mTOR_pS2481,83.4319,1.9277,1.87252,1.98289
mTOR_pS2481,83.6937,1.9277,1.87252,1.98289
mTOR_pS2481,83.9556,1.9277,1.87252,1.98289
mTOR_pS2481,84.2174,1.9277,1.87252,1.98289
mTOR_pS2481,84.4792,1.9277,1.87252,1.98289
mTOR_pS2481,84.741,1.9277,1.87252,1.98289
mTOR_pS2481,85.0028,1.9277,1.87252,1.98289
mTOR_pS2481,85.2646,1.9277,1.87252,1.98289
mTOR_pS2481,85.5264,1.9277,1.87252,1.98289
mTOR_pS2481,85.7883,1.9277,1.87252,1.98289
mTOR_pS2481,86.0501,1.9277,1.87252,1.98289
mTOR_pS2481,86.3119,1.9277,1.87252,1.98289
mTOR_pS2481,86.5737,1.9277,1.87252,1.98289
mTOR_pS2481,86.8355,1.9277,1.87252,1.98289
mTOR_pS2481,87.0973,1.9277,1.87252,1.98289
mTOR_pS2481,87.3591,1.9277,1.87252,1.98289
mTOR_pS2481,87.621,1.9277,1.87252,1.98289
mTOR_pS2481,87.8828,1.9277,1.87252,1.98289
mTOR_pS2481,88.1446,1.9277,1.87252,1.98289
mTOR_pS2481,88.4064,1.9277,1.87252,1.98289
mTOR_pS2481,88.6682,1.9277,1.87252,1.98289
mTOR_pS2481,88.93,1.9277,1.87252,1.98289
mTOR_pS2481,89.1918,1.9277,1.87252,1.98289
mTOR_pS2481,89.4536,1.9277,1.87252,1.98289
mTOR_pS2481,89.7155,1.9277,1.87252,1.98289
mTOR_pS2481,89.9773,1.9277,1.87252,1.98289
mTOR_pS2481,90.2391,1.9277,1.87252,1.98289
mTOR_pS2481,90.5009,1.9277,1.87252,1.98289
mTOR_pS2481,90.7627,1.9277,1.87252,1.98289
mTOR_pS2481,91.0245,1.9277,1.87252,1.98289
mTOR_pS2481,91.2863,1.9277,1.87252,1.98289
mTOR_pS2481,91.5482,1.9277,1.87252,1.98289
mTOR_pS2481,91.81,1.9277,1.87252,1.98289
mTOR_pS2481,92.0718,1.9277,1.87252,1.98289
mTOR_pS2481,92.3336,1.9277,1.87252,1.98289
mTOR_pS2481,92.5954,1.9277,1.87252,1.98289
mTOR_pS2481,92.8572,1.9277,1.87252,1.98289
mTOR_pS2481,93.119,1.9277,1.87252,1.98289
mTOR_pS2481,93.3808,1.9277,1.87252,1.98289
mTOR_pS2481,93.6427,1.9277,1.87252,1.98289
mTOR_pS2481,93.9045,1.9277,1.87252,1.98289
mTOR_pS2481,94.1663,1.9277,1.87252,1.98289
mTOR_pS2481,94.4281,1.9277,1.87252,1.98289
mTOR_pS2481,94.6899,1.9277,1.87252,1.98289
mTOR_pS2481,94.9517,1.9277,1.87252,1.98289
mTOR_pS2481,95.2135,1.9277,1.87252,1.98289
mTOR_pS2481,95.4754,1.9277,1.87252,1.98289
mTOR_pS2481,95.7372,1.9277,1.87252,1.98289
mTOR_pS2481,95.999,1.9277,1.87252,1.98289
mTOR_pS2481,96.2608,1.9277,1.87252,1.98289
mTOR_pS2481,96.5226,1.9277,1.87252,1.98289
mTOR_pS2481,96.7844,1.9277,1.87252,1.98289
mTOR_pS2481,97.0462,1.9277,1.87252,1.98289
mTOR_pS2481,97.3081,1.9277,1.87252,1.98289
mTOR_pS2481,97.5699,1.9277,1.87252,1.98289
mTOR_pS2481,97.8317,1.9277,1.87252,1.98289
mTOR_pS2481,98.0935,1.9277,1.87252,1.98289
mTOR_pS2481,98.3553,1.9277,1.87252,1.98289
mTOR_pS2481,98.6171,1.9277,1.87252,1.98289
mTOR_pS2481,98.8789,1.9277,1.87252,1.98289
mTOR_pS2481,99.1407,1.9277,1.87252,1.98289
mTOR_pS2481,99.4026,1.9277,1.87252,1.98289
mTOR_pS2481,99.6644,1.9277,1.87252,1.98289
mTOR_pS2481,99.9262,1.9277,1.87252,1.98289
mTOR_pS2481,100.188,1.9277,1.87252,1.98289
mTOR_pS2481,100.45,1.9277,1.87252,1.98289
mTOR_pS2481,100.712,1.9277,1.87252,1.98289
mTOR_pS2481,100.973,1.9277,1.87252,1.98289
mTOR_pS2481,101.235,1.9277,1.87252,1.98289
mTOR_pS2481,101.497,1.9277,1.87252,1.98289
mTOR_pS2481,101.759,1.9277,1.87252,1.98289
mTOR_pS2481,102.021,1.9277,1.87252,1.98289
mTOR_pS2481,102.283,1.9277,1.87252,1.98289
mTOR_pS2481,102.544,1.9277,1.87252,1.98289
mTOR_pS2481,102.806,1.9277,1.87252,1.98289
mTOR_pS2481,103.068,1.9277,1.87252,1.98289
mTOR_pS2481,103.33,1.9277,1.87252,1.98289
mTOR_pS2481,103.592,1.9277,1.87252,1.98289
mTOR_pS2481,103.853,1.9277,1.87252,1.98289
mTOR_pS2481,104.115,1.9277,1.87252,1.98289
mTOR_pS2481,104.377,1.9277,1.87252,1.98289
mTOR_pS2481,104.639,1.9277,1.87252,1.98289
mTOR_pS2481,104.901,1.9277,1.87252,1.98289
mTOR_pS2481,105.162,1.9277,1.87252,1.98289
mTOR_pS2481,105.424,1.9277,1.87252,1.98289
mTOR_pS2481,105.686,1.9277,1.87252,1.98289
mTOR_pS2481,105.948,1.9277,1.87252,1.98289
mTOR_pS2481,106.21,1.9277,1.87252,1.98289
mTOR_pS2481,106.472,1.9277,1.87252,1.98289
mTOR_pS2481,106.733,1.9277,1.87252,1.98289
mTOR_pS2481,106.995,1.9277,1.87252,1.98289
mTOR_pS2481,107.257,1.9277,1.87252,1.98289
mTOR_pS2481,107.519,1.9277,1.87252,1.98289
mTOR_pS2481,107.781,1.9277,1.87252,1.98289
mTOR_pS2481,108.042,1.9277,1.87252,1.98289
mTOR_pS2481,108.304,1.9277,1.87252,1.98289
mTOR_pS2481,108.566,1.9277,1.87252,1.98289
mTOR_pS2481,108.828,1.9277,1.87252,1.98289
mTOR_pS2481,109.09,1.9277,1.87252,1.98289
mTOR_pS2481,109.351,1.9277,1.87252,1.98289
mTOR_pS2481,109.613,1.9277,1.87252,1.98289
mTOR_pS2481,109.875,1.9277,1.87252,1.98289
mTOR_pS2481,110.137,1.9277,1.87252,1.98289
mTOR_pS2481,110.399,1.9277,1.87252,1.98289
mTOR_pS2481,110.661,1.9277,1.87252,1.98289
mTOR_pS2481,110.922,1.9277,1.87252,1.98289
mTOR_pS2481,111.184,1.9277,1.87252,1.98289
mTOR_pS2481,111.446,1.9277,1.87252,1.98289
mTOR_pS2481,111.708,1.9277,1.87252,1.98289
mTOR_pS2481,111.97,1.9277,1.87252,1.98289
mTOR_pS2481,112.231,1.9277,1.87252,1.98289
mTOR_pS2481,112.493,1.9277,1.87252,1.98289
mTOR_pS2481,112.755,1.9277,1.87252,1.98289
mTOR_pS2481,113.017,1.9277,1.87252,1.98289
mTOR_pS2481,113.279,1.9277,1.87252,1.98289
mTOR_pS2481,113.54,1.9277,1.87252,1.98289
mTOR_pS2481,113.802,1.9277,1.87252,1.98289
mTOR_pS2481,114.064,1.9277,1.87252,1.98289
mTOR_pS2481,114.326,1.9277,1.87252,1.98289
mTOR_pS2481,114.588,1.9277,1.87252,1.98289
mTOR_pS2481,114.85,1.9277,1.87252,1.98289
mTOR_pS2481,115.111,1.9277,1.87252,1.98289
mTOR_pS2481,115.373,1.9277,1.87252,1.98289
mTOR_pS2481,115.635,1.9277,1.87252,1.98289
mTOR_pS2481,115.897,1.9277,1.87252,1.98289
mTOR_pS2481,116.159,1.9277,1.87252,1.98289
mTOR_pS2481,116.42,1.9277,1.87252,1.98289
mTOR_pS2481,116.682,1.9277,1.87252,1.98289
mTOR_pS2481,116.944,1.9277,1.87252,1.98289
mTOR_pS2481,117.206,1.9277,1.87252,1.98289
mTOR_pS2481,117.468,1.9277,1.87252,1.98289
mTOR_pS2481,117.73,1.9277,1.87252,1.98289
mTOR_pS2481,117.991,1.9277,1.87252,1.98289
mTOR_pS2481,118.253,1.9277,1.87252,1.98289
mTOR_pS2481,118.515,1.9277,1.87252,1.98289
mTOR_pS2481,118.777,1.9277,1.87252,1.98289
mTOR_pS2481,119.039,1.9277,1.87252,1.98289
mTOR_pS2481,119.3,1.9277,1.87252,1.98289
mTOR_pS2481,119.562,1.9277,1.87252,1.98289
mTOR_pS2481,119.824,1.9277,1.87252,1.98289
mTOR_pS2481,120,1.9277,1.87252,1.98289
mTOR_pS2481,120,1.9277,1.87252,1.98289
TSC_pS1387,0,0.37908,-0.00463482,0.762795
TSC_pS1387,0,0.413963,0.00931844,0.818608
TSC_pS1387,0.175231,0.483729,0.037225,0.930234
TSC_pS1387,0.437044,0.630239,0.246524,1.01395
TSC_pS1387,0.698858,0.700005,0.330243,1.06977
TSC_pS1387,0.960671,0.734888,0.386056,1.08372
TSC_pS1387,1.22248,0.846514,0.595355,1.09767
TSC_pS1387,1.4843,0.867444,0.637215,1.09767
TSC_pS1387,1.74611,0.895351,0.679075,1.11163
TSC_pS1387,2.00793,1.11163,0.944187,1.27907
TSC_pS1387,2.26974,1.03488,0.972093,1.09767
TSC_pS1387,2.53155,1.23721,1.18139,1.29302
TSC_pS1387,2.79337,1.25116,1.19535,1.30697
TSC_pS1387,3.31699,1.55813,1.48836,1.6279
TSC_pS1387,3.57881,1.58604,1.48836,1.68371
TSC_pS1387,3.84062,1.62092,1.48836,1.75348
TSC_pS1387,4.10243,1.63487,1.48836,1.78138
TSC_pS1387,4.36425,1.66278,1.50232,1.82324
TSC_pS1387,4.62606,1.69766,1.53022,1.8651
TSC_pS1387,4.88787,1.71859,1.55813,1.87906
TSC_pS1387,5.14969,1.7465,1.59999,1.89301
TSC_pS1387,5.4115,1.78138,1.6558,1.90696
TSC_pS1387,5.67332,1.80231,1.68371,1.92092
TSC_pS1387,5.93513,1.82324,1.71162,1.93487
TSC_pS1387,6.19694,1.85813,1.76743,1.94882
TSC_pS1387,6.45876,1.87208,1.79534,1.94882
TSC_pS1387,6.72057,1.87906,1.80929,1.94882
TSC_pS1387,6.98238,1.89999,1.8372,1.96278
TSC_pS1387,7.2442,1.89999,1.8372,1.96278
TSC_pS1387,7.50601,1.90696,1.85115,1.96278
TSC_pS1387,7.76782,1.90696,1.85115,1.96278
TSC_pS1387,8.02964,1.90696,1.85115,1.96278
TSC_pS1387,8.29145,1.89999,1.8372,1.96278
TSC_pS1387,8.55326,1.89999,1.8372,1.96278
TSC_pS1387,8.81508,1.88603,1.82324,1.94882
TSC_pS1387,9.07689,1.88603,1.82324,1.94882
TSC_pS1387,9.3387,1.87208,1.80929,1.93487
TSC_pS1387,9.60052,1.8651,1.79534,1.93487
TSC_pS1387,9.86233,1.85813,1.79534,1.92092
TSC_pS1387,10.1241,1.84417,1.78138,1.90696
TSC_pS1387,10.386,1.84417,1.78138,1.90696
TSC_pS1387,10.6478,1.8372,1.78138,1.89301
TSC_pS1387,10.9096,1.82324,1.76743,1.87906
TSC_pS1387,11.1714,1.80929,1.75348,1.8651
TSC_pS1387,11.4332,1.80929,1.75348,1.8651
TSC_pS1387,11.695,1.80929,1.75348,1.8651
TSC_pS1387,11.9568,1.80231,1.75348,1.85115
TSC_pS1387,12.2187,1.78836,1.73952,1.8372
TSC_pS1387,12.4805,1.78836,1.73952,1.8372
TSC_pS1387,12.7423,1.78138,1.73952,1.82324
TSC_pS1387,13.0041,1.76743,1.72557,1.80929
TSC_pS1387,13.2659,1.76045,1.72557,1.79534
TSC_pS1387,13.5277,1.75348,1.72557,1.78138
TSC_pS1387,13.7895,1.75348,1.72557,1.78138
TSC_pS1387,14.0513,1.75348,1.72557,1.78138
TSC_pS1387,14.3132,1.75348,1.72557,1.78138
TSC_pS1387,14.575,1.7465,1.71162,1.78138
TSC_pS1387,14.8368,1.75348,1.71162,1.79534
TSC_pS1387,15.0986,1.75348,1.71162,1.79534
TSC_pS1387,15.3604,1.75348,1.71162,1.79534
TSC_pS1387,15.6222,1.7465,1.69766,1.79534
TSC_pS1387,15.884,1.7465,1.69766,1.79534
TSC_pS1387,16.1459,1.7465,1.69766,1.79534
TSC_pS1387,16.4077,1.7465,1.69766,1.79534
TSC_pS1387,16.6695,1.7465,1.69766,1.79534
TSC_pS1387,16.9313,1.73952,1.68371,1.79534
TSC_pS1387,17.1931,1.73952,1.68371,1.79534
TSC_pS1387,17.4549,1.73952,1.68371,1.79534
TSC_pS1387,17.7167,1.73952,1.68371,1.79534
TSC_pS1387,17.9786,1.73952,1.68371,1.79534
TSC_pS1387,18.2404,1.7465,1.69766,1.79534
TSC_pS1387,18.5022,1.7465,1.69766,1.79534
TSC_pS1387,18.764,1.7465,1.69766,1.79534
TSC_pS1387,19.0258,1.7465,1.69766,1.79534
TSC_pS1387,19.2876,1.7465,1.69766,1.79534
TSC_pS1387,19.5494,1.7465,1.69766,1.79534
TSC_pS1387,19.8112,1.7465,1.69766,1.79534
TSC_pS1387,20.0731,1.7465,1.69766,1.79534
TSC_pS1387,20.3349,1.7465,1.69766,1.79534
TSC_pS1387,20.5967,1.7465,1.69766,1.79534
TSC_pS1387,20.8585,1.7465,1.69766,1.79534
TSC_pS1387,21.1203,1.7465,1.69766,1.79534
TSC_pS1387,21.3821,1.7465,1.69766,1.79534
TSC_pS1387,21.6439,1.75348,1.69766,1.80929
TSC_pS1387,21.9058,1.75348,1.69766,1.80929
TSC_pS1387,22.1676,1.75348,1.69766,1.80929
TSC_pS1387,22.4294,1.75348,1.69766,1.80929
TSC_pS1387,22.6912,1.75348,1.69766,1.80929
TSC_pS1387,22.953,1.75348,1.69766,1.80929
TSC_pS1387,23.2148,1.75348,1.69766,1.80929
TSC_pS1387,23.4766,1.7465,1.69766,1.79534
TSC_pS1387,23.7384,1.75348,1.69766,1.80929
TSC_pS1387,24.0003,1.75348,1.69766,1.80929
TSC_pS1387,24.2621,1.75348,1.69766,1.80929
TSC_pS1387,24.5239,1.75348,1.69766,1.80929
TSC_pS1387,24.7857,1.75348,1.69766,1.80929
TSC_pS1387,25.0475,1.75348,1.69766,1.80929
TSC_pS1387,25.3093,1.75348,1.69766,1.80929
TSC_pS1387,25.5711,1.75348,1.69766,1.80929
TSC_pS1387,25.833,1.75348,1.69766,1.80929
TSC_pS1387,26.0948,1.76743,1.71162,1.82324
TSC_pS1387,26.3566,1.76743,1.71162,1.82324
TSC_pS1387,26.6184,1.76743,1.71162,1.82324
TSC_pS1387,26.8802,1.76045,1.71162,1.80929
TSC_pS1387,27.142,1.76045,1.71162,1.80929
TSC_pS1387,27.4038,1.76045,1.71162,1.80929
TSC_pS1387,27.6657,1.76743,1.72557,1.80929
TSC_pS1387,27.9275,1.76743,1.72557,1.80929
TSC_pS1387,28.1893,1.76743,1.72557,1.80929
TSC_pS1387,28.4511,1.76743,1.72557,1.80929
TSC_pS1387,28.7129,1.76045,1.72557,1.79534
TSC_pS1387,28.9747,1.76743,1.73952,1.79534
TSC_pS1387,29.2365,1.76743,1.73952,1.79534
TSC_pS1387,29.4983,1.76743,1.73952,1.79534
TSC_pS1387,29.7602,1.77441,1.73952,1.80929
TSC_pS1387,30.022,1.77441,1.73952,1.80929
TSC_pS1387,30.2838,1.78138,1.73952,1.82324
TSC_pS1387,30.5456,1.78138,1.73952,1.82324
TSC_pS1387,30.8074,1.78836,1.73952,1.8372
TSC_pS1387,31.0692,1.78836,1.73952,1.8372
TSC_pS1387,31.331,1.78836,1.73952,1.8372
TSC_pS1387,31.5929,1.78836,1.73952,1.8372
TSC_pS1387,31.8547,1.78836,1.73952,1.8372
TSC_pS1387,32.1165,1.78836,1.73952,1.8372
TSC_pS1387,32.3783,1.78836,1.73952,1.8372
TSC_pS1387,32.6401,1.79534,1.73952,1.85115
TSC_pS1387,32.9019,1.79534,1.73952,1.85115
TSC_pS1387,33.1637,1.79534,1.73952,1.85115
TSC_pS1387,33.4255,1.79534,1.73952,1.85115
TSC_pS1387,33.6874,1.79534,1.73952,1.85115
TSC_pS1387,33.9492,1.79534,1.73952,1.85115
TSC_pS1387,34.211,1.79534,1.73952,1.85115
TSC_pS1387,34.4728,1.79534,1.73952,1.85115
TSC_pS1387,34.7346,1.79534,1.73952,1.85115
TSC_pS1387,34.9964,1.79534,1.73952,1.85115
TSC_pS1387,35.2582,1.79534,1.73952,1.85115
TSC_pS1387,35.5201,1.79534,1.73952,1.85115
TSC_pS1387,35.7819,1.79534,1.73952,1.85115
TSC_pS1387,36.0437,1.79534,1.73952,1.85115
TSC_pS1387,36.3055,1.79534,1.73952,1.85115
TSC_pS1387,36.5673,1.79534,1.73952,1.85115
TSC_pS1387,36.8291,1.79534,1.73952,1.85115
TSC_pS1387,37.0909,1.79534,1.73952,1.85115
TSC_pS1387,37.3528,1.79534,1.73952,1.85115
TSC_pS1387,37.6146,1.79534,1.73952,1.85115
TSC_pS1387,37.8764,1.79534,1.73952,1.85115
TSC_pS1387,38.1382,1.79534,1.73952,1.85115
TSC_pS1387,38.4,1.79534,1.73952,1.85115
TSC_pS1387,38.6618,1.79534,1.73952,1.85115
TSC_pS1387,38.9236,1.79534,1.73952,1.85115
TSC_pS1387,39.1854,1.79534,1.73952,1.85115
TSC_pS1387,39.4473,1.79534,1.73952,1.85115
TSC_pS1387,39.7091,1.79534,1.73952,1.85115
TSC_pS1387,39.9709,1.79534,1.73952,1.85115
TSC_pS1387,40.2327,1.79534,1.73952,1.85115
TSC_pS1387,40.4945,1.80231,1.75348,1.85115
TSC_pS1387,40.7563,1.80231,1.75348,1.85115
TSC_pS1387,41.0181,1.79534,1.73952,1.85115
TSC_pS1387,41.28,1.79534,1.73952,1.85115
TSC_pS1387,41.5418,1.79534,1.73952,1.85115
TSC_pS1387,41.8036,1.79534,1.73952,1.85115
TSC_pS1387,42.0654,1.79534,1.73952,1.85115
TSC_pS1387,42.3272,1.79534,1.73952,1.85115
TSC_pS1387,42.589,1.79534,1.73952,1.85115
TSC_pS1387,42.8508,1.80231,1.75348,1.85115
TSC_pS1387,43.1127,1.79534,1.75348,1.8372
TSC_pS1387,43.3745,1.78836,1.75348,1.82324
TSC_pS1387,43.6363,1.78836,1.75348,1.82324
TSC_pS1387,43.8981,1.78836,1.75348,1.82324
TSC_pS1387,44.1599,1.78836,1.76743,1.80929
TSC_pS1387,44.4217,1.78836,1.75348,1.82324
TSC_pS1387,44.6835,1.78836,1.75348,1.82324
TSC_pS1387,44.9453,1.78836,1.73952,1.8372
TSC_pS1387,45.2072,1.79534,1.75348,1.8372
TSC_pS1387,45.469,1.79534,1.75348,1.8372
TSC_pS1387,45.7308,1.79534,1.75348,1.8372
TSC_pS1387,45.9926,1.80231,1.75348,1.85115
TSC_pS1387,46.2544,1.79534,1.73952,1.85115
TSC_pS1387,46.5162,1.79534,1.73952,1.85115
TSC_pS1387,46.778,1.79534,1.73952,1.85115
TSC_pS1387,47.0399,1.79534,1.73952,1.85115
TSC_pS1387,47.3017,1.79534,1.73952,1.85115
TSC_pS1387,47.5635,1.79534,1.73952,1.85115
TSC_pS1387,47.8253,1.79534,1.73952,1.85115
TSC_pS1387,48.0871,1.79534,1.73952,1.85115
TSC_pS1387,48.3489,1.79534,1.73952,1.85115
TSC_pS1387,48.6107,1.79534,1.73952,1.85115
TSC_pS1387,48.8725,1.79534,1.73952,1.85115
TSC_pS1387,49.1344,1.79534,1.73952,1.85115
TSC_pS1387,49.3962,1.79534,1.73952,1.85115
TSC_pS1387,49.658,1.79534,1.73952,1.85115
TSC_pS1387,49.9198,1.79534,1.73952,1.85115
TSC_pS1387,50.1816,1.79534,1.73952,1.85115
TSC_pS1387,50.4434,1.79534,1.73952,1.85115
TSC_pS1387,50.7052,1.79534,1.73952,1.85115
TSC_pS1387,50.9671,1.79534,1.73952,1.85115
TSC_pS1387,51.2289,1.79534,1.73952,1.85115
TSC_pS1387,51.4907,1.79534,1.73952,1.85115
TSC_pS1387,51.7525,1.79534,1.73952,1.85115
TSC_pS1387,52.0143,1.79534,1.73952,1.85115
TSC_pS1387,52.2761,1.79534,1.73952,1.85115
TSC_pS1387,52.5379,1.79534,1.73952,1.85115
TSC_pS1387,52.7998,1.79534,1.73952,1.85115
TSC_pS1387,53.0616,1.79534,1.73952,1.85115
TSC_pS1387,53.3234,1.79534,1.73952,1.85115
TSC_pS1387,53.5852,1.79534,1.73952,1.85115
TSC_pS1387,53.847,1.79534,1.73952,1.85115
TSC_pS1387,54.1088,1.79534,1.73952,1.85115
TSC_pS1387,54.3706,1.79534,1.73952,1.85115
TSC_pS1387,54.6324,1.79534,1.73952,1.85115
TSC_pS1387,54.8943,1.79534,1.73952,1.85115
TSC_pS1387,55.1561,1.79534,1.73952,1.85115
TSC_pS1387,55.4179,1.79534,1.73952,1.85115
TSC_pS1387,55.6797,1.79534,1.73952,1.85115
TSC_pS1387,55.9415,1.79534,1.73952,1.85115
TSC_pS1387,56.2033,1.79534,1.73952,1.85115
TSC_pS1387,56.4651,1.79534,1.73952,1.85115
TSC_pS1387,56.727,1.79534,1.73952,1.85115
TSC_pS1387,56.9888,1.79534,1.73952,1.85115
TSC_pS1387,57.2506,1.79534,1.73952,1.85115
TSC_pS1387,57.5124,1.79534,1.73952,1.85115
TSC_pS1387,57.7742,1.79534,1.73952,1.85115
TSC_pS1387,58.036,1.79534,1.73952,1.85115
TSC_pS1387,58.2978,1.79534,1.73952,1.85115
TSC_pS1387,58.5596,1.79534,1.73952,1.85115
TSC_pS1387,58.8215,1.79534,1.73952,1.85115
TSC_pS1387,59.0833,1.79534,1.73952,1.85115
TSC_pS1387,59.3451,1.79534,1.73952,1.85115
TSC_pS1387,59.6069,1.79534,1.73952,1.85115
TSC_pS1387,59.8687,1.79534,1.73952,1.85115
TSC_pS1387,60.1305,1.79534,1.73952,1.85115
TSC_pS1387,60.3923,1.79534,1.73952,1.85115
TSC_pS1387,60.6542,1.79534,1.73952,1.85115
TSC_pS1387,60.916,1.79534,1.73952,1.85115
TSC_pS1387,61.1778,1.79534,1.73952,1.85115
TSC_pS1387,61.4396,1.79534,1.73952,1.85115
TSC_pS1387,61.7014,1.79534,1.73952,1.85115
TSC_pS1387,61.9632,1.79534,1.73952,1.85115
TSC_pS1387,62.225,1.79534,1.73952,1.85115
TSC_pS1387,62.4869,1.79534,1.73952,1.85115
TSC_pS1387,62.7487,1.79534,1.73952,1.85115
TSC_pS1387,63.0105,1.79534,1.73952,1.85115
TSC_pS1387,63.2723,1.79534,1.73952,1.85115
TSC_pS1387,63.5341,1.79534,1.73952,1.85115
TSC_pS1387,63.7959,1.79534,1.73952,1.85115
TSC_pS1387,64.0577,1.79534,1.73952,1.85115
TSC_pS1387,64.3195,1.79534,1.73952,1.85115
TSC_pS1387,64.5814,1.79534,1.73952,1.85115
TSC_pS1387,64.8432,1.79534,1.73952,1.85115
TSC_pS1387,65.105,1.79534,1.73952,1.85115
TSC_pS1387,65.3668,1.79534,1.73952,1.85115
TSC_pS1387,65.6286,1.79534,1.73952,1.85115
TSC_pS1387,65.8904,1.79534,1.73952,1.85115
TSC_pS1387,66.1522,1.79534,1.73952,1.85115
TSC_pS1387,66.4141,1.79534,1.73952,1.85115
TSC_pS1387,66.6759,1.79534,1.73952,1.85115
TSC_pS1387,66.9377,1.79534,1.73952,1.85115
TSC_pS1387,67.1995,1.79534,1.73952,1.85115
TSC_pS1387,67.4613,1.79534,1.73952,1.85115
TSC_pS1387,67.7231,1.79534,1.73952,1.85115
TSC_pS1387,67.9849,1.79534,1.73952,1.85115
TSC_pS1387,68.2467,1.79534,1.73952,1.85115
TSC_pS1387,68.5086,1.79534,1.73952,1.85115
TSC_pS1387,68.7704,1.79534,1.73952,1.85115
TSC_pS1387,69.0322,1.79534,1.73952,1.85115
TSC_pS1387,69.294,1.79534,1.73952,1.85115
TSC_pS1387,69.5558,1.79534,1.73952,1.85115
TSC_pS1387,69.8176,1.79534,1.73952,1.85115
TSC_pS1387,70.0794,1.79534,1.73952,1.85115
TSC_pS1387,70.3413,1.79534,1.73952,1.85115
TSC_pS1387,70.6031,1.79534,1.73952,1.85115
TSC_pS1387,70.8649,1.79534,1.73952,1.85115
TSC_pS1387,71.1267,1.79534,1.73952,1.85115
TSC_pS1387,71.3885,1.79534,1.73952,1.85115
TSC_pS1387,71.6503,1.79534,1.73952,1.85115
TSC_pS1387,71.9121,1.79534,1.73952,1.85115
TSC_pS1387,72.174,1.79534,1.73952,1.85115
TSC_pS1387,72.4358,1.79534,1.73952,1.85115
TSC_pS1387,72.6976,1.79534,1.73952,1.85115
TSC_pS1387,72.9594,1.79534,1.73952,1.85115
TSC_pS1387,73.2212,1.79534,1.73952,1.85115
TSC_pS1387,73.483,1.79534,1.73952,1.85115
TSC_pS1387,73.7448,1.79534,1.73952,1.85115
TSC_pS1387,74.0066,1.79534,1.73952,1.85115
TSC_pS1387,74.2685,1.79534,1.73952,1.85115
TSC_pS1387,74.5303,1.79534,1.73952,1.85115
TSC_pS1387,74.7921,1.79534,1.73952,1.85115
TSC_pS1387,75.0539,1.79534,1.73952,1.85115
TSC_pS1387,75.3157,1.79534,1.73952,1.85115
TSC_pS1387,75.5775,1.79534,1.73952,1.85115
TSC_pS1387,75.8393,1.79534,1.73952,1.85115
TSC_pS1387,76.1012,1.79534,1.73952,1.85115
TSC_pS1387,76.363,1.79534,1.73952,1.85115
TSC_pS1387,76.6248,1.79534,1.73952,1.85115
TSC_pS1387,76.8866,1.79534,1.73952,1.85115
TSC_pS1387,77.1484,1.79534,1.73952,1.85115
TSC_pS1387,77.4102,1.79534,1.73952,1.85115
TSC_pS1387,77.672,1.79534,1.73952,1.85115
TSC_pS1387,77.9339,1.79534,1.73952,1.85115
TSC_pS1387,78.1957,1.79534,1.73952,1.85115
TSC_pS1387,78.4575,1.79534,1.73952,1.85115
TSC_pS1387,78.7193,1.79534,1.73952,1.85115
TSC_pS1387,78.9811,1.79534,1.73952,1.85115
TSC_pS1387,79.2429,1.79534,1.73952,1.85115
TSC_pS1387,79.5047,1.79534,1.73952,1.85115
TSC_pS1387,79.7665,1.79534,1.73952,1.85115
TSC_pS1387,80.0284,1.79534,1.73952,1.85115
TSC_pS1387,80.2902,1.79534,1.73952,1.85115
TSC_pS1387,80.552,1.79534,1.73952,1.85115
TSC_pS1387,80.8138,1.79534,1.73952,1.85115
TSC_pS1387,81.0756,1.79534,1.73952,1.85115
TSC_pS1387,81.3374,1.79534,1.73952,1.85115
TSC_pS1387,81.5992,1.79534,1.73952,1.85115
TSC_pS1387,81.8611,1.79534,1.73952,1.85115
TSC_pS1387,82.1229,1.79534,1.73952,1.85115
TSC_pS1387,82.3847,1.79534,1.73952,1.85115
TSC_pS1387,82.6465,1.79534,1.73952,1.85115
TSC_pS1387,82.9083,1.79534,1.73952,1.85115
TSC_pS1387,83.1701,1.79534,1.73952,1.85115
TSC_pS1387,83.4319,1.79534,1.73952,1.85115
TSC_pS1387,83.6937,1.79534,1.73952,1.85115
TSC_pS1387,83.9556,1.79534,1.73952,1.85115
TSC_pS1387,84.2174,1.79534,1.73952,1.85115
TSC_pS1387,84.4792,1.79534,1.73952,1.85115
TSC_pS1387,84.741,1.79534,1.73952,1.85115
TSC_pS1387,85.0028,1.79534,1.73952,1.85115
TSC_pS1387,85.2646,1.79534,1.73952,1.85115
TSC_pS1387,85.5264,1.79534,1.73952,1.85115
TSC_pS1387,85.7883,1.79534,1.73952,1.85115
TSC_pS1387,86.0501,1.79534,1.73952,1.85115
TSC_pS1387,86.3119,1.79534,1.73952,1.85115
TSC_pS1387,86.5737,1.79534,1.73952,1.85115
TSC_pS1387,86.8355,1.79534,1.73952,1.85115
TSC_pS1387,87.0973,1.79534,1.73952,1.85115
TSC_pS1387,87.3591,1.79534,1.73952,1.85115
TSC_pS1387,87.621,1.79534,1.73952,1.85115
TSC_pS1387,87.8828,1.79534,1.73952,1.85115
TSC_pS1387,88.1446,1.79534,1.73952,1.85115
TSC_pS1387,88.4064,1.79534,1.73952,1.85115
TSC_pS1387,88.6682,1.79534,1.73952,1.85115
TSC_pS1387,88.93,1.79534,1.73952,1.85115
TSC_pS1387,89.1918,1.79534,1.73952,1.85115
TSC_pS1387,89.4536,1.79534,1.73952,1.85115
TSC_pS1387,89.7155,1.79534,1.73952,1.85115
TSC_pS1387,89.9773,1.79534,1.73952,1.85115
TSC_pS1387,90.2391,1.79534,1.73952,1.85115
TSC_pS1387,90.5009,1.79534,1.73952,1.85115
TSC_pS1387,90.7627,1.79534,1.73952,1.85115
TSC_pS1387,91.0245,1.79534,1.73952,1.85115
TSC_pS1387,91.2863,1.79534,1.73952,1.85115
TSC_pS1387,91.5482,1.79534,1.73952,1.85115
TSC_pS1387,91.81,1.79534,1.73952,1.85115
TSC_pS1387,92.0718,1.79534,1.73952,1.85115
TSC_pS1387,92.3336,1.79534,1.73952,1.85115
TSC_pS1387,92.5954,1.79534,1.73952,1.85115
TSC_pS1387,92.8572,1.79534,1.73952,1.85115
TSC_pS1387,93.119,1.79534,1.73952,1.85115
TSC_pS1387,93.3808,1.79534,1.73952,1.85115
TSC_pS1387,93.6427,1.79534,1.73952,1.85115
TSC_pS1387,93.9045,1.79534,1.73952,1.85115
TSC_pS1387,94.1663,1.79534,1.73952,1.85115
TSC_pS1387,94.4281,1.79534,1.73952,1.85115
TSC_pS1387,94.6899,1.79534,1.73952,1.85115
TSC_pS1387,94.9517,1.79534,1.73952,1.85115
TSC_pS1387,95.2135,1.79534,1.73952,1.85115
TSC_pS1387,95.4754,1.79534,1.73952,1.85115
TSC_pS1387,95.7372,1.79534,1.73952,1.85115
TSC_pS1387,95.999,1.79534,1.73952,1.85115
TSC_pS1387,96.2608,1.79534,1.73952,1.85115
TSC_pS1387,96.5226,1.79534,1.73952,1.85115
TSC_pS1387,96.7844,1.79534,1.73952,1.85115
TSC_pS1387,97.0462,1.79534,1.73952,1.85115
TSC_pS1387,97.3081,1.79534,1.73952,1.85115
TSC_pS1387,97.5699,1.79534,1.73952,1.85115
TSC_pS1387,97.8317,1.79534,1.73952,1.85115
TSC_pS1387,98.0935,1.79534,1.73952,1.85115
TSC_pS1387,98.3553,1.79534,1.73952,1.85115
TSC_pS1387,98.6171,1.79534,1.73952,1.85115
TSC_pS1387,98.8789,1.79534,1.73952,1.85115
TSC_pS1387,99.1407,1.79534,1.73952,1.85115
TSC_pS1387,99.4026,1.79534,1.73952,1.85115
TSC_pS1387,99.6644,1.79534,1.73952,1.85115
TSC_pS1387,99.9262,1.79534,1.73952,1.85115
TSC_pS1387,100.188,1.79534,1.73952,1.85115
TSC_pS1387,100.45,1.79534,1.73952,1.85115
TSC_pS1387,100.712,1.79534,1.73952,1.85115
TSC_pS1387,100.973,1.79534,1.73952,1.85115
TSC_pS1387,101.235,1.79534,1.73952,1.85115
TSC_pS1387,101.497,1.79534,1.73952,1.85115
TSC_pS1387,101.759,1.79534,1.73952,1.85115
TSC_pS1387,102.021,1.79534,1.73952,1.85115
TSC_pS1387,102.283,1.79534,1.73952,1.85115
TSC_pS1387,102.544,1.79534,1.73952,1.85115
TSC_pS1387,102.806,1.79534,1.73952,1.85115
TSC_pS1387,103.068,1.79534,1.73952,1.85115
TSC_pS1387,103.33,1.79534,1.73952,1.85115
TSC_pS1387,103.592,1.79534,1.73952,1.85115
TSC_pS1387,103.853,1.79534,1.73952,1.85115
TSC_pS1387,104.115,1.79534,1.73952,1.85115
TSC_pS1387,104.377,1.79534,1.73952,1.85115
TSC_pS1387,104.639,1.79534,1.73952,1.85115
TSC_pS1387,104.901,1.79534,1.73952,1.85115
TSC_pS1387,105.162,1.79534,1.73952,1.85115
TSC_pS1387,105.424,1.79534,1.73952,1.85115
TSC_pS1387,105.686,1.79534,1.73952,1.85115
TSC_pS1387,105.948,1.79534,1.73952,1.85115
TSC_pS1387,106.21,1.79534,1.73952,1.85115
TSC_pS1387,106.472,1.79534,1.73952,1.85115
TSC_pS1387,106.733,1.79534,1.73952,1.85115
TSC_pS1387,106.995,1.79534,1.73952,1.85115
TSC_pS1387,107.257,1.79534,1.73952,1.85115
TSC_pS1387,107.519,1.79534,1.73952,1.85115
TSC_pS1387,107.781,1.79534,1.73952,1.85115
TSC_pS1387,108.042,1.79534,1.73952,1.85115
TSC_pS1387,108.304,1.79534,1.73952,1.85115
TSC_pS1387,108.566,1.79534,1.73952,1.85115
TSC_pS1387,108.828,1.79534,1.73952,1.85115
TSC_pS1387,109.09,1.79534,1.73952,1.85115
TSC_pS1387,109.351,1.79534,1.73952,1.85115
TSC_pS1387,109.613,1.79534,1.73952,1.85115
TSC_pS1387,109.875,1.79534,1.73952,1.85115
TSC_pS1387,110.137,1.79534,1.73952,1.85115
TSC_pS1387,110.399,1.79534,1.73952,1.85115
TSC_pS1387,110.661,1.79534,1.73952,1.85115
TSC_pS1387,110.922,1.79534,1.73952,1.85115
TSC_pS1387,111.184,1.79534,1.73952,1.85115
TSC_pS1387,111.446,1.79534,1.73952,1.85115
TSC_pS1387,111.708,1.79534,1.73952,1.85115
TSC_pS1387,111.97,1.79534,1.73952,1.85115
TSC_pS1387,112.231,1.79534,1.73952,1.85115
TSC_pS1387,112.493,1.79534,1.73952,1.85115
TSC_pS1387,112.755,1.79534,1.73952,1.85115
TSC_pS1387,113.017,1.79534,1.73952,1.85115
TSC_pS1387,113.279,1.79534,1.73952,1.85115
TSC_pS1387,113.54,1.79534,1.73952,1.85115
TSC_pS1387,113.802,1.79534,1.73952,1.85115
TSC_pS1387,114.064,1.79534,1.73952,1.85115
TSC_pS1387,114.326,1.79534,1.73952,1.85115
TSC_pS1387,114.588,1.79534,1.73952,1.85115
TSC_pS1387,114.85,1.79534,1.73952,1.85115
TSC_pS1387,115.111,1.79534,1.73952,1.85115
TSC_pS1387,115.373,1.79534,1.73952,1.85115
TSC_pS1387,115.635,1.79534,1.73952,1.85115
TSC_pS1387,115.897,1.79534,1.73952,1.85115
TSC_pS1387,116.159,1.79534,1.73952,1.85115
TSC_pS1387,116.42,1.79534,1.73952,1.85115
TSC_pS1387,116.682,1.79534,1.73952,1.85115
TSC_pS1387,116.944,1.79534,1.73952,1.85115
TSC_pS1387,117.206,1.79534,1.73952,1.85115
TSC_pS1387,117.468,1.79534,1.73952,1.85115
TSC_pS1387,117.73,1.79534,1.73952,1.85115
TSC_pS1387,117.991,1.79534,1.73952,1.85115
TSC_pS1387,118.253,1.79534,1.73952,1.85115
TSC_pS1387,118.515,1.79534,1.73952,1.85115
TSC_pS1387,118.777,1.80231,1.75348,1.85115
TSC_pS1387,119.039,1.80231,1.75348,1.85115
TSC_pS1387,119.3,1.79534,1.75348,1.8372
TSC_pS1387,119.562,1.79534,1.76743,1.82324
TSC_pS1387,119.824,1.79534,1.76743,1.82324
mTOR_pS2448,0,0.453244,0.268026,0.638463
mTOR_pS2448,0.175231,0.604787,0.23435,0.975224
mTOR_pS2448,0.437044,0.705815,0.23435,1.17728
mTOR_pS2448,0.698858,0.756329,0.200674,1.31199
mTOR_pS2448,0.960671,0.891034,0.200674,1.58139
mTOR_pS2448,1.22248,0.975224,0.200674,1.74977
mTOR_pS2448,1.4843,1.02574,0.200674,1.8508
mTOR_pS2448,1.74611,0.773167,0.23435,1.31199
mTOR_pS2448,2.00793,0.554273,0.301702,0.806844
mTOR_pS2448,2.26974,1.95183,1.51404,2.38962
mTOR_pS2448,2.53155,2.08654,1.61507,2.558
mTOR_pS2448,2.79337,2.25492,1.8508,2.65903
mTOR_pS2448,3.05518,2.32227,1.91816,2.72638
mTOR_pS2448,3.31699,2.4233,2.01918,2.82741
mTOR_pS2448,3.57881,2.52432,2.12021,2.92844
mTOR_pS2448,3.84062,2.59168,2.22124,2.96211
mTOR_pS2448,4.10243,2.74322,2.38962,3.09682
mTOR_pS2448,4.36425,2.84425,2.558,3.13049
mTOR_pS2448,4.62606,3.06314,2.86109,3.2652
mTOR_pS2448,4.88787,3.11366,2.92844,3.29888
mTOR_pS2448,5.14969,3.11366,2.92844,3.29888
mTOR_pS2448,5.4115,3.16417,2.96211,3.36623
mTOR_pS2448,5.67332,3.18101,2.96211,3.3999
mTOR_pS2448,5.93513,3.23152,2.99579,3.46726
mTOR_pS2448,6.19694,3.2652,3.02947,3.50093
mTOR_pS2448,6.45876,3.31571,3.09682,3.53461
mTOR_pS2448,6.72057,3.36623,3.16417,3.56828
mTOR_pS2448,6.98238,3.3999,3.19785,3.60196
mTOR_pS2448,7.2442,3.45042,3.2652,3.63564
mTOR_pS2448,7.50601,3.46726,3.2652,3.66931
mTOR_pS2448,7.76782,3.51777,3.33255,3.70299
mTOR_pS2448,8.02964,3.55145,3.3999,3.70299
mTOR_pS2448,8.29145,3.58512,3.3999,3.77034
mTOR_pS2448,8.55326,3.6188,3.43358,3.80402
mTOR_pS2448,8.81508,3.63564,3.46726,3.80402
mTOR_pS2448,9.07689,3.66931,3.50093,3.83769
mTOR_pS2448,9.3387,3.68615,3.53461,3.83769
mTOR_pS2448,9.60052,3.71983,3.60196,3.83769
mTOR_pS2448,9.86233,3.73666,3.63564,3.83769
mTOR_pS2448,10.1241,3.73666,3.63564,3.83769
mTOR_pS2448,10.386,3.7535,3.66931,3.83769
mTOR_pS2448,10.6478,3.7535,3.66931,3.83769
mTOR_pS2448,10.9096,3.7535,3.66931,3.83769
mTOR_pS2448,11.1714,3.7535,3.66931,3.83769
mTOR_pS2448,11.4332,3.7535,3.66931,3.83769
mTOR_pS2448,11.695,3.77034,3.66931,3.87137
mTOR_pS2448,11.9568,3.77034,3.66931,3.87137
mTOR_pS2448,12.2187,3.78718,3.66931,3.90505
mTOR_pS2448,12.4805,3.78718,3.66931,3.90505
mTOR_pS2448,12.7423,3.80402,3.66931,3.93872
mTOR_pS2448,13.0041,3.80402,3.66931,3.93872
mTOR_pS2448,13.2659,3.80402,3.66931,3.93872
mTOR_pS2448,13.5277,3.78718,3.66931,3.90505
mTOR_pS2448,13.7895,3.77034,3.63564,3.90505
mTOR_pS2448,14.0513,3.77034,3.66931,3.87137
mTOR_pS2448,14.3132,3.77034,3.66931,3.87137
mTOR_pS2448,14.575,3.7535,3.66931,3.83769
mTOR_pS2448,14.8368,3.7535,3.66931,3.83769
mTOR_pS2448,15.0986,3.73666,3.66931,3.80402
mTOR_pS2448,15.3604,3.73666,3.66931,3.80402
mTOR_pS2448,15.6222,3.73666,3.66931,3.80402
mTOR_pS2448,15.884,3.73666,3.66931,3.80402
mTOR_pS2448,16.1459,3.73666,3.66931,3.80402
mTOR_pS2448,16.4077,3.71983,3.63564,3.80402
mTOR_pS2448,16.6695,3.70299,3.60196,3.80402
mTOR_pS2448,16.9313,3.71983,3.60196,3.83769
mTOR_pS2448,17.1931,3.71983,3.60196,3.83769
mTOR_pS2448,17.4549,3.70299,3.56828,3.83769
mTOR_pS2448,17.7167,3.70299,3.56828,3.83769
mTOR_pS2448,17.9786,3.70299,3.56828,3.83769
mTOR_pS2448,18.2404,3.68615,3.53461,3.83769
mTOR_pS2448,18.5022,3.68615,3.53461,3.83769
mTOR_pS2448,18.764,3.66931,3.53461,3.80402
mTOR_pS2448,19.0258,3.65247,3.50093,3.80402
mTOR_pS2448,19.2876,3.63564,3.50093,3.77034
mTOR_pS2448,19.5494,3.63564,3.50093,3.77034
mTOR_pS2448,19.8112,3.6188,3.50093,3.73666
mTOR_pS2448,20.0731,3.6188,3.50093,3.73666
mTOR_pS2448,20.3349,3.6188,3.50093,3.73666
mTOR_pS2448,20.5967,3.60196,3.46726,3.73666
mTOR_pS2448,20.8585,3.60196,3.46726,3.73666
mTOR_pS2448,21.1203,3.60196,3.46726,3.73666
mTOR_pS2448,21.3821,3.60196,3.46726,3.73666
mTOR_pS2448,21.6439,3.60196,3.46726,3.73666
mTOR_pS2448,21.9058,3.58512,3.46726,3.70299
mTOR_pS2448,22.1676,3.58512,3.46726,3.70299
mTOR_pS2448,22.4294,3.58512,3.46726,3.70299
mTOR_pS2448,22.6912,3.58512,3.46726,3.70299
mTOR_pS2448,22.953,3.58512,3.46726,3.70299
mTOR_pS2448,23.2148,3.58512,3.46726,3.70299
mTOR_pS2448,23.4766,3.58512,3.46726,3.70299
mTOR_pS2448,23.7384,3.58512,3.46726,3.70299
mTOR_pS2448,24.0003,3.58512,3.46726,3.70299
mTOR_pS2448,24.2621,3.58512,3.46726,3.70299
mTOR_pS2448,24.5239,3.58512,3.46726,3.70299
mTOR_pS2448,24.7857,3.58512,3.46726,3.70299
mTOR_pS2448,25.0475,3.58512,3.46726,3.70299
mTOR_pS2448,25.3093,3.56828,3.46726,3.66931
mTOR_pS2448,25.5711,3.56828,3.46726,3.66931
mTOR_pS2448,25.833,3.56828,3.46726,3.66931
mTOR_pS2448,26.0948,3.55145,3.43358,3.66931
mTOR_pS2448,26.3566,3.55145,3.43358,3.66931
mTOR_pS2448,26.6184,3.55145,3.43358,3.66931
mTOR_pS2448,26.8802,3.55145,3.43358,3.66931
mTOR_pS2448,27.142,3.55145,3.43358,3.66931
mTOR_pS2448,27.4038,3.53461,3.3999,3.66931
mTOR_pS2448,27.6657,3.53461,3.3999,3.66931
mTOR_pS2448,27.9275,3.53461,3.3999,3.66931
mTOR_pS2448,28.1893,3.53461,3.3999,3.66931
mTOR_pS2448,28.4511,3.53461,3.3999,3.66931
mTOR_pS2448,28.7129,3.55145,3.43358,3.66931
mTOR_pS2448,28.9747,3.55145,3.43358,3.66931
mTOR_pS2448,29.2365,3.55145,3.43358,3.66931
mTOR_pS2448,29.4983,3.55145,3.43358,3.66931
mTOR_pS2448,29.7602,3.55145,3.46726,3.63564
mTOR_pS2448,30.022,3.56828,3.50093,3.63564
mTOR_pS2448,30.2838,3.56828,3.50093,3.63564
mTOR_pS2448,30.5456,3.56828,3.53461,3.60196
mTOR_pS2448,30.8074,3.55145,3.53461,3.56828
mTOR_pS2448,31.0692,3.55145,3.53461,3.56828
mTOR_pS2448,31.331,3.55145,3.53461,3.56828
mTOR_pS2448,31.5929,3.56828,3.53461,3.60196
mTOR_pS2448,31.8547,3.55145,3.50093,3.60196
mTOR_pS2448,32.1165,3.55145,3.46726,3.63564
mTOR_pS2448,32.3783,3.53461,3.43358,3.63564
mTOR_pS2448,32.6401,3.55145,3.43358,3.66931
mTOR_pS2448,32.9019,3.53461,3.3999,3.66931
mTOR_pS2448,33.1637,3.53461,3.3999,3.66931
mTOR_pS2448,33.4255,3.53461,3.3999,3.66931
mTOR_pS2448,33.6874,3.53461,3.3999,3.66931
mTOR_pS2448,33.9492,3.53461,3.3999,3.66931
mTOR_pS2448,34.211,3.53461,3.3999,3.66931
mTOR_pS2448,34.4728,3.53461,3.3999,3.66931
mTOR_pS2448,34.7346,3.53461,3.3999,3.66931
mTOR_pS2448,34.9964,3.53461,3.3999,3.66931
mTOR_pS2448,35.2582,3.53461,3.3999,3.66931
mTOR_pS2448,35.5201,3.53461,3.3999,3.66931
mTOR_pS2448,35.7819,3.53461,3.3999,3.66931
mTOR_pS2448,36.0437,3.53461,3.3999,3.66931
mTOR_pS2448,36.3055,3.53461,3.3999,3.66931
mTOR_pS2448,36.5673,3.53461,3.3999,3.66931
mTOR_pS2448,36.8291,3.53461,3.3999,3.66931
mTOR_pS2448,37.0909,3.53461,3.3999,3.66931
mTOR_pS2448,37.3528,3.53461,3.3999,3.66931
mTOR_pS2448,37.6146,3.53461,3.3999,3.66931
mTOR_pS2448,37.8764,3.53461,3.3999,3.66931
mTOR_pS2448,38.1382,3.53461,3.3999,3.66931
mTOR_pS2448,38.4,3.53461,3.3999,3.66931
mTOR_pS2448,38.6618,3.53461,3.3999,3.66931
mTOR_pS2448,38.9236,3.53461,3.3999,3.66931
mTOR_pS2448,39.1854,3.53461,3.3999,3.66931
mTOR_pS2448,39.4473,3.53461,3.3999,3.66931
mTOR_pS2448,39.7091,3.53461,3.3999,3.66931
mTOR_pS2448,39.9709,3.53461,3.3999,3.66931
mTOR_pS2448,40.2327,3.53461,3.3999,3.66931
mTOR_pS2448,40.4945,3.53461,3.3999,3.66931
mTOR_pS2448,40.7563,3.53461,3.3999,3.66931
mTOR_pS2448,41.0181,3.53461,3.3999,3.66931
mTOR_pS2448,41.28,3.53461,3.3999,3.66931
mTOR_pS2448,41.5418,3.53461,3.3999,3.66931
mTOR_pS2448,41.8036,3.53461,3.3999,3.66931
mTOR_pS2448,42.0654,3.53461,3.3999,3.66931
mTOR_pS2448,42.3272,3.53461,3.3999,3.66931
mTOR_pS2448,42.589,3.53461,3.3999,3.66931
mTOR_pS2448,42.8508,3.53461,3.3999,3.66931
mTOR_pS2448,43.1127,3.53461,3.3999,3.66931
mTOR_pS2448,43.3745,3.53461,3.3999,3.66931
mTOR_pS2448,43.6363,3.53461,3.3999,3.66931
mTOR_pS2448,43.8981,3.53461,3.3999,3.66931
mTOR_pS2448,44.1599,3.53461,3.3999,3.66931
mTOR_pS2448,44.4217,3.53461,3.3999,3.66931
mTOR_pS2448,44.6835,3.53461,3.3999,3.66931
mTOR_pS2448,44.9453,3.53461,3.3999,3.66931
mTOR_pS2448,45.2072,3.53461,3.3999,3.66931
mTOR_pS2448,45.469,3.53461,3.3999,3.66931
mTOR_pS2448,45.7308,3.53461,3.3999,3.66931
mTOR_pS2448,45.9926,3.53461,3.3999,3.66931
mTOR_pS2448,46.2544,3.53461,3.3999,3.66931
mTOR_pS2448,46.5162,3.53461,3.3999,3.66931
mTOR_pS2448,46.778,3.53461,3.3999,3.66931
mTOR_pS2448,47.0399,3.53461,3.3999,3.66931
mTOR_pS2448,47.3017,3.53461,3.3999,3.66931
mTOR_pS2448,47.5635,3.53461,3.3999,3.66931
mTOR_pS2448,47.8253,3.53461,3.3999,3.66931
mTOR_pS2448,48.0871,3.53461,3.3999,3.66931
mTOR_pS2448,48.3489,3.53461,3.3999,3.66931
mTOR_pS2448,48.6107,3.53461,3.3999,3.66931
mTOR_pS2448,48.8725,3.53461,3.3999,3.66931
mTOR_pS2448,49.1344,3.53461,3.3999,3.66931
mTOR_pS2448,49.3962,3.53461,3.3999,3.66931
mTOR_pS2448,49.658,3.53461,3.3999,3.66931
mTOR_pS2448,49.9198,3.53461,3.3999,3.66931
mTOR_pS2448,50.1816,3.53461,3.3999,3.66931
mTOR_pS2448,50.4434,3.53461,3.3999,3.66931
mTOR_pS2448,50.7052,3.53461,3.3999,3.66931
mTOR_pS2448,50.9671,3.53461,3.3999,3.66931
mTOR_pS2448,51.2289,3.53461,3.3999,3.66931
mTOR_pS2448,51.4907,3.53461,3.3999,3.66931
mTOR_pS2448,51.7525,3.53461,3.3999,3.66931
mTOR_pS2448,52.0143,3.53461,3.3999,3.66931
mTOR_pS2448,52.2761,3.53461,3.3999,3.66931
mTOR_pS2448,52.5379,3.53461,3.3999,3.66931
mTOR_pS2448,52.7998,3.53461,3.3999,3.66931
mTOR_pS2448,53.0616,3.53461,3.3999,3.66931
mTOR_pS2448,53.3234,3.53461,3.3999,3.66931
mTOR_pS2448,53.5852,3.53461,3.3999,3.66931
mTOR_pS2448,53.847,3.53461,3.3999,3.66931
mTOR_pS2448,54.1088,3.53461,3.3999,3.66931
mTOR_pS2448,54.3706,3.53461,3.3999,3.66931
mTOR_pS2448,54.6324,3.53461,3.3999,3.66931
mTOR_pS2448,54.8943,3.53461,3.3999,3.66931
mTOR_pS2448,55.1561,3.53461,3.3999,3.66931
mTOR_pS2448,55.4179,3.53461,3.3999,3.66931
mTOR_pS2448,55.6797,3.53461,3.3999,3.66931
mTOR_pS2448,55.9415,3.53461,3.3999,3.66931
mTOR_pS2448,56.2033,3.53461,3.3999,3.66931
mTOR_pS2448,56.4651,3.53461,3.3999,3.66931
mTOR_pS2448,56.727,3.53461,3.3999,3.66931
mTOR_pS2448,56.9888,3.53461,3.3999,3.66931
mTOR_pS2448,57.2506,3.53461,3.3999,3.66931
mTOR_pS2448,57.5124,3.53461,3.3999,3.66931
mTOR_pS2448,57.7742,3.53461,3.3999,3.66931
mTOR_pS2448,58.036,3.53461,3.3999,3.66931
mTOR_pS2448,58.2978,3.53461,3.3999,3.66931
mTOR_pS2448,58.5596,3.53461,3.3999,3.66931
mTOR_pS2448,58.8215,3.53461,3.3999,3.66931
mTOR_pS2448,59.0833,3.53461,3.3999,3.66931
mTOR_pS2448,59.3451,3.51777,3.3999,3.63564
mTOR_pS2448,59.6069,3.53461,3.43358,3.63564
mTOR_pS2448,59.8687,3.53461,3.43358,3.63564
mTOR_pS2448,60.1305,3.53461,3.43358,3.63564
mTOR_pS2448,60.3923,3.55145,3.46726,3.63564
mTOR_pS2448,60.6542,3.55145,3.50093,3.60196
mTOR_pS2448,60.916,3.53461,3.50093,3.56828
mTOR_pS2448,61.1778,3.55145,3.50093,3.60196
mTOR_pS2448,61.4396,3.55145,3.50093,3.60196
mTOR_pS2448,61.7014,3.53461,3.46726,3.60196
mTOR_pS2448,61.9632,3.55145,3.46726,3.63564
mTOR_pS2448,62.225,3.53461,3.43358,3.63564
mTOR_pS2448,62.4869,3.53461,3.3999,3.66931
mTOR_pS2448,62.7487,3.53461,3.3999,3.66931
mTOR_pS2448,63.0105,3.53461,3.3999,3.66931
mTOR_pS2448,63.2723,3.53461,3.3999,3.66931
mTOR_pS2448,63.5341,3.53461,3.3999,3.66931
mTOR_pS2448,63.7959,3.53461,3.3999,3.66931
mTOR_pS2448,64.0577,3.53461,3.3999,3.66931
mTOR_pS2448,64.3195,3.53461,3.3999,3.66931
mTOR_pS2448,64.5814,3.53461,3.3999,3.66931
mTOR_pS2448,64.8432,3.53461,3.3999,3.66931
mTOR_pS2448,65.105,3.53461,3.3999,3.66931
mTOR_pS2448,65.3668,3.53461,3.3999,3.66931
mTOR_pS2448,65.6286,3.53461,3.3999,3.66931
mTOR_pS2448,65.8904,3.53461,3.3999,3.66931
mTOR_pS2448,66.1522,3.53461,3.3999,3.66931
mTOR_pS2448,66.4141,3.53461,3.3999,3.66931
mTOR_pS2448,66.6759,3.53461,3.3999,3.66931
mTOR_pS2448,66.9377,3.53461,3.3999,3.66931
mTOR_pS2448,67.1995,3.53461,3.3999,3.66931
mTOR_pS2448,67.4613,3.53461,3.3999,3.66931
mTOR_pS2448,67.7231,3.53461,3.3999,3.66931
mTOR_pS2448,67.9849,3.53461,3.3999,3.66931
mTOR_pS2448,68.2467,3.53461,3.3999,3.66931
mTOR_pS2448,68.5086,3.53461,3.3999,3.66931
mTOR_pS2448,68.7704,3.53461,3.3999,3.66931
mTOR_pS2448,69.0322,3.53461,3.3999,3.66931
mTOR_pS2448,69.294,3.53461,3.3999,3.66931
mTOR_pS2448,69.5558,3.53461,3.3999,3.66931
mTOR_pS2448,69.8176,3.53461,3.3999,3.66931
mTOR_pS2448,70.0794,3.53461,3.3999,3.66931
mTOR_pS2448,70.3413,3.53461,3.3999,3.66931
mTOR_pS2448,70.6031,3.53461,3.3999,3.66931
mTOR_pS2448,70.8649,3.53461,3.3999,3.66931
mTOR_pS2448,71.1267,3.53461,3.3999,3.66931
mTOR_pS2448,71.3885,3.53461,3.3999,3.66931
mTOR_pS2448,71.6503,3.53461,3.3999,3.66931
mTOR_pS2448,71.9121,3.53461,3.3999,3.66931
mTOR_pS2448,72.174,3.53461,3.3999,3.66931
mTOR_pS2448,72.4358,3.53461,3.3999,3.66931
mTOR_pS2448,72.6976,3.53461,3.3999,3.66931
mTOR_pS2448,72.9594,3.53461,3.3999,3.66931
mTOR_pS2448,73.2212,3.53461,3.3999,3.66931
mTOR_pS2448,73.483,3.53461,3.3999,3.66931
mTOR_pS2448,73.7448,3.53461,3.3999,3.66931
mTOR_pS2448,74.0066,3.53461,3.3999,3.66931
mTOR_pS2448,74.2685,3.53461,3.3999,3.66931
mTOR_pS2448,74.5303,3.53461,3.3999,3.66931
mTOR_pS2448,74.7921,3.53461,3.3999,3.66931
mTOR_pS2448,75.0539,3.53461,3.3999,3.66931
mTOR_pS2448,75.3157,3.53461,3.3999,3.66931
mTOR_pS2448,75.5775,3.53461,3.3999,3.66931
mTOR_pS2448,75.8393,3.53461,3.3999,3.66931
mTOR_pS2448,76.1012,3.53461,3.3999,3.66931
mTOR_pS2448,76.363,3.53461,3.3999,3.66931
mTOR_pS2448,76.6248,3.53461,3.3999,3.66931
mTOR_pS2448,76.8866,3.53461,3.3999,3.66931
mTOR_pS2448,77.1484,3.53461,3.3999,3.66931
mTOR_pS2448,77.4102,3.53461,3.3999,3.66931
mTOR_pS2448,77.672,3.53461,3.3999,3.66931
mTOR_pS2448,77.9339,3.53461,3.3999,3.66931
mTOR_pS2448,78.1957,3.53461,3.3999,3.66931
mTOR_pS2448,78.4575,3.53461,3.3999,3.66931
mTOR_pS2448,78.7193,3.53461,3.3999,3.66931
mTOR_pS2448,78.9811,3.53461,3.3999,3.66931
mTOR_pS2448,79.2429,3.53461,3.3999,3.66931
mTOR_pS2448,79.5047,3.53461,3.3999,3.66931
mTOR_pS2448,79.7665,3.53461,3.3999,3.66931
mTOR_pS2448,80.0284,3.53461,3.3999,3.66931
mTOR_pS2448,80.2902,3.53461,3.3999,3.66931
mTOR_pS2448,80.552,3.53461,3.3999,3.66931
mTOR_pS2448,80.8138,3.53461,3.3999,3.66931
mTOR_pS2448,81.0756,3.53461,3.3999,3.66931
mTOR_pS2448,81.3374,3.53461,3.3999,3.66931
mTOR_pS2448,81.5992,3.53461,3.3999,3.66931
mTOR_pS2448,81.8611,3.53461,3.3999,3.66931
mTOR_pS2448,82.1229,3.53461,3.3999,3.66931
mTOR_pS2448,82.3847,3.53461,3.3999,3.66931
mTOR_pS2448,82.6465,3.53461,3.3999,3.66931
mTOR_pS2448,82.9083,3.53461,3.3999,3.66931
mTOR_pS2448,83.1701,3.53461,3.3999,3.66931
mTOR_pS2448,83.4319,3.53461,3.3999,3.66931
mTOR_pS2448,83.6937,3.53461,3.3999,3.66931
mTOR_pS2448,83.9556,3.53461,3.3999,3.66931
mTOR_pS2448,84.2174,3.53461,3.3999,3.66931
mTOR_pS2448,84.4792,3.53461,3.3999,3.66931
mTOR_pS2448,84.741,3.53461,3.3999,3.66931
mTOR_pS2448,85.0028,3.53461,3.3999,3.66931
mTOR_pS2448,85.2646,3.53461,3.3999,3.66931
mTOR_pS2448,85.5264,3.53461,3.3999,3.66931
mTOR_pS2448,85.7883,3.53461,3.3999,3.66931
mTOR_pS2448,86.0501,3.53461,3.3999,3.66931
mTOR_pS2448,86.3119,3.53461,3.3999,3.66931
mTOR_pS2448,86.5737,3.53461,3.3999,3.66931
mTOR_pS2448,86.8355,3.53461,3.3999,3.66931
mTOR_pS2448,87.0973,3.53461,3.3999,3.66931
mTOR_pS2448,87.3591,3.53461,3.3999,3.66931
mTOR_pS2448,87.621,3.53461,3.3999,3.66931
mTOR_pS2448,87.8828,3.53461,3.3999,3.66931
mTOR_pS2448,88.1446,3.53461,3.3999,3.66931
mTOR_pS2448,88.4064,3.53461,3.3999,3.66931
mTOR_pS2448,88.6682,3.53461,3.3999,3.66931
mTOR_pS2448,88.93,3.53461,3.3999,3.66931
mTOR_pS2448,89.1918,3.53461,3.3999,3.66931
mTOR_pS2448,89.4536,3.53461,3.3999,3.66931
mTOR_pS2448,89.7155,3.53461,3.3999,3.66931
mTOR_pS2448,89.9773,3.53461,3.3999,3.66931
mTOR_pS2448,90.2391,3.53461,3.3999,3.66931
mTOR_pS2448,90.5009,3.53461,3.3999,3.66931
mTOR_pS2448,90.7627,3.53461,3.3999,3.66931
mTOR_pS2448,91.0245,3.53461,3.3999,3.66931
mTOR_pS2448,91.2863,3.53461,3.3999,3.66931
mTOR_pS2448,91.5482,3.53461,3.3999,3.66931
mTOR_pS2448,91.81,3.53461,3.3999,3.66931
mTOR_pS2448,92.0718,3.53461,3.3999,3.66931
mTOR_pS2448,92.3336,3.53461,3.3999,3.66931
mTOR_pS2448,92.5954,3.53461,3.3999,3.66931
mTOR_pS2448,92.8572,3.53461,3.3999,3.66931
mTOR_pS2448,93.119,3.53461,3.3999,3.66931
mTOR_pS2448,93.3808,3.53461,3.3999,3.66931
mTOR_pS2448,93.6427,3.53461,3.3999,3.66931
mTOR_pS2448,93.9045,3.53461,3.3999,3.66931
mTOR_pS2448,94.1663,3.53461,3.3999,3.66931
mTOR_pS2448,94.4281,3.53461,3.3999,3.66931
mTOR_pS2448,94.6899,3.53461,3.3999,3.66931
mTOR_pS2448,94.9517,3.53461,3.3999,3.66931
mTOR_pS2448,95.2135,3.53461,3.3999,3.66931
mTOR_pS2448,95.4754,3.53461,3.3999,3.66931
mTOR_pS2448,95.7372,3.53461,3.3999,3.66931
mTOR_pS2448,95.999,3.53461,3.3999,3.66931
mTOR_pS2448,96.2608,3.53461,3.3999,3.66931
mTOR_pS2448,96.5226,3.53461,3.3999,3.66931
mTOR_pS2448,96.7844,3.53461,3.3999,3.66931
mTOR_pS2448,97.0462,3.53461,3.3999,3.66931
mTOR_pS2448,97.3081,3.53461,3.3999,3.66931
mTOR_pS2448,97.5699,3.53461,3.3999,3.66931
mTOR_pS2448,97.8317,3.53461,3.3999,3.66931
mTOR_pS2448,98.0935,3.53461,3.3999,3.66931
mTOR_pS2448,98.3553,3.53461,3.3999,3.66931
mTOR_pS2448,98.6171,3.53461,3.3999,3.66931
mTOR_pS2448,98.8789,3.53461,3.3999,3.66931
mTOR_pS2448,99.1407,3.53461,3.3999,3.66931
mTOR_pS2448,99.4026,3.53461,3.3999,3.66931
mTOR_pS2448,99.6644,3.53461,3.3999,3.66931
mTOR_pS2448,99.9262,3.53461,3.3999,3.66931
mTOR_pS2448,100.188,3.53461,3.3999,3.66931
mTOR_pS2448,100.45,3.53461,3.3999,3.66931
mTOR_pS2448,100.712,3.53461,3.3999,3.66931
mTOR_pS2448,100.973,3.53461,3.3999,3.66931
mTOR_pS2448,101.235,3.53461,3.3999,3.66931
mTOR_pS2448,101.497,3.53461,3.3999,3.66931
mTOR_pS2448,101.759,3.53461,3.3999,3.66931
mTOR_pS2448,102.021,3.53461,3.3999,3.66931
mTOR_pS2448,102.283,3.53461,3.3999,3.66931
mTOR_pS2448,102.544,3.53461,3.3999,3.66931
mTOR_pS2448,102.806,3.53461,3.3999,3.66931
mTOR_pS2448,103.068,3.53461,3.3999,3.66931
mTOR_pS2448,103.33,3.53461,3.3999,3.66931
mTOR_pS2448,103.592,3.53461,3.3999,3.66931
mTOR_pS2448,103.853,3.53461,3.3999,3.66931
mTOR_pS2448,104.115,3.53461,3.3999,3.66931
mTOR_pS2448,104.377,3.53461,3.3999,3.66931
mTOR_pS2448,104.639,3.53461,3.3999,3.66931
mTOR_pS2448,104.901,3.53461,3.3999,3.66931
mTOR_pS2448,105.162,3.53461,3.3999,3.66931
mTOR_pS2448,105.424,3.53461,3.3999,3.66931
mTOR_pS2448,105.686,3.53461,3.3999,3.66931
mTOR_pS2448,105.948,3.53461,3.3999,3.66931
mTOR_pS2448,106.21,3.53461,3.3999,3.66931
mTOR_pS2448,106.472,3.53461,3.3999,3.66931
mTOR_pS2448,106.733,3.53461,3.3999,3.66931
mTOR_pS2448,106.995,3.53461,3.3999,3.66931
mTOR_pS2448,107.257,3.53461,3.3999,3.66931
mTOR_pS2448,107.519,3.53461,3.3999,3.66931
mTOR_pS2448,107.781,3.53461,3.3999,3.66931
mTOR_pS2448,108.042,3.53461,3.3999,3.66931
mTOR_pS2448,108.304,3.53461,3.3999,3.66931
mTOR_pS2448,108.566,3.53461,3.3999,3.66931
mTOR_pS2448,108.828,3.53461,3.3999,3.66931
mTOR_pS2448,109.09,3.53461,3.3999,3.66931
mTOR_pS2448,109.351,3.53461,3.3999,3.66931
mTOR_pS2448,109.613,3.53461,3.3999,3.66931
mTOR_pS2448,109.875,3.53461,3.3999,3.66931
mTOR_pS2448,110.137,3.53461,3.3999,3.66931
mTOR_pS2448,110.399,3.53461,3.3999,3.66931
mTOR_pS2448,110.661,3.53461,3.3999,3.66931
mTOR_pS2448,110.922,3.53461,3.3999,3.66931
mTOR_pS2448,111.184,3.53461,3.3999,3.66931
mTOR_pS2448,111.446,3.53461,3.3999,3.66931
mTOR_pS2448,111.708,3.53461,3.3999,3.66931
mTOR_pS2448,111.97,3.53461,3.3999,3.66931
mTOR_pS2448,112.231,3.53461,3.3999,3.66931
mTOR_pS2448,112.493,3.53461,3.3999,3.66931
mTOR_pS2448,112.755,3.53461,3.3999,3.66931
mTOR_pS2448,113.017,3.53461,3.3999,3.66931
mTOR_pS2448,113.279,3.53461,3.3999,3.66931
mTOR_pS2448,113.54,3.53461,3.3999,3.66931
mTOR_pS2448,113.802,3.53461,3.3999,3.66931
mTOR_pS2448,114.064,3.53461,3.3999,3.66931
mTOR_pS2448,114.326,3.53461,3.3999,3.66931
mTOR_pS2448,114.588,3.53461,3.3999,3.66931
mTOR_pS2448,114.85,3.53461,3.3999,3.66931
mTOR_pS2448,115.111,3.53461,3.3999,3.66931
mTOR_pS2448,115.373,3.53461,3.3999,3.66931
mTOR_pS2448,115.635,3.53461,3.3999,3.66931
mTOR_pS2448,115.897,3.53461,3.3999,3.66931
mTOR_pS2448,116.159,3.53461,3.3999,3.66931
mTOR_pS2448,116.42,3.53461,3.3999,3.66931
mTOR_pS2448,116.682,3.53461,3.3999,3.66931
mTOR_pS2448,116.944,3.53461,3.3999,3.66931
mTOR_pS2448,117.206,3.53461,3.3999,3.66931
mTOR_pS2448,117.468,3.53461,3.3999,3.66931
mTOR_pS2448,117.73,3.53461,3.3999,3.66931
mTOR_pS2448,117.991,3.53461,3.3999,3.66931
mTOR_pS2448,118.253,3.53461,3.3999,3.66931
mTOR_pS2448,118.515,3.53461,3.3999,3.66931
mTOR_pS2448,118.777,3.53461,3.3999,3.66931
mTOR_pS2448,119.039,3.53461,3.3999,3.66931
mTOR_pS2448,119.3,3.53461,3.3999,3.66931
mTOR_pS2448,119.562,3.53461,3.3999,3.66931
mTOR_pS2448,119.824,3.53461,3.3999,3.66931
mTOR_pS2448,120,3.53461,3.43358,3.63564
mTOR_pS2448,120,3.55145,3.46726,3.63564
PRAS40_pT246,2.00793,0.371349,0.325029,0.417669
PRAS40_pT246,2.26974,0.386789,0.26327,0.510309
PRAS40_pT246,2.53155,0.402229,0.23239,0.572069
PRAS40_pT246,2.79337,0.541189,0.23239,0.849988
PRAS40_pT246,3.05518,0.572069,0.20151,0.942627
PRAS40_pT246,3.31699,0.587508,0.20151,0.973507
PRAS40_pT246,3.57881,0.602948,0.20151,1.00439
PRAS40_pT246,3.84062,0.618388,0.20151,1.03527
PRAS40_pT246,4.10243,0.695588,0.29415,1.09703
PRAS40_pT246,4.36425,0.803668,0.386789,1.22055
PRAS40_pT246,4.62606,1.01983,0.572069,1.46759
PRAS40_pT246,4.88787,1.09703,0.695588,1.49847
PRAS40_pT246,5.14969,1.62198,0.911747,2.33222
PRAS40_pT246,5.4115,1.71462,1.09703,2.33222
PRAS40_pT246,5.67332,1.99254,1.68374,2.30134
PRAS40_pT246,5.93513,2.00798,1.7455,2.27046
PRAS40_pT246,6.19694,2.02342,1.83814,2.2087
PRAS40_pT246,6.45876,1.99254,1.93078,2.0543
PRAS40_pT246,6.72057,3.62918,2.9807,4.27766
PRAS40_pT246,6.98238,3.73726,3.10422,4.3703
PRAS40_pT246,7.2442,3.96886,3.2895,4.64821
PRAS40_pT246,7.50601,4.2159,3.66006,4.77173
PRAS40_pT246,7.76782,4.32398,3.7527,4.89525
PRAS40_pT246,8.02964,4.38574,3.78358,4.98789
PRAS40_pT246,8.29145,4.41662,3.81446,5.01877
PRAS40_pT246,8.55326,4.50925,3.87622,5.14229
PRAS40_pT246,8.81508,4.70997,4.18502,5.23493
PRAS40_pT246,9.07689,4.81805,4.33942,5.29669
PRAS40_pT246,9.3387,4.87981,4.43205,5.32757
PRAS40_pT246,9.60052,5.04965,4.74085,5.35845
PRAS40_pT246,9.86233,5.11141,4.83349,5.38933
PRAS40_pT246,10.1241,5.15773,4.92613,5.38933
PRAS40_pT246,10.386,5.25037,5.08053,5.42021
PRAS40_pT246,10.6478,5.25037,5.11141,5.38933
PRAS40_pT246,10.9096,5.25037,5.11141,5.38933
PRAS40_pT246,11.1714,5.25037,5.14229,5.35845
PRAS40_pT246,11.4332,5.21949,5.08053,5.35845
PRAS40_pT246,11.695,5.17317,5.01877,5.32757
PRAS40_pT246,11.9568,5.15773,5.01877,5.29669
PRAS40_pT246,12.2187,5.12685,4.98789,5.26581
PRAS40_pT246,12.4805,5.11141,4.98789,5.23493
PRAS40_pT246,12.7423,5.08053,4.95701,5.20405
PRAS40_pT246,13.0041,5.04965,4.89525,5.20405
PRAS40_pT246,13.2659,4.97245,4.77173,5.17317
PRAS40_pT246,13.5277,4.91069,4.67909,5.14229
PRAS40_pT246,13.7895,4.78717,4.49381,5.08053
PRAS40_pT246,14.0513,4.69453,4.3703,5.01877
PRAS40_pT246,14.3132,4.58645,4.2159,4.95701
PRAS40_pT246,14.575,4.47837,4.09238,4.86437
PRAS40_pT246,14.8368,4.41662,4.03062,4.80261
PRAS40_pT246,15.0986,4.33942,3.96886,4.70997
PRAS40_pT246,15.3604,4.27766,3.93798,4.61733
PRAS40_pT246,15.6222,4.20046,3.81446,4.58645
PRAS40_pT246,15.884,4.07694,3.72182,4.43205
PRAS40_pT246,16.1459,3.9843,3.66006,4.30854
PRAS40_pT246,16.4077,3.84534,3.5983,4.09238
PRAS40_pT246,16.6695,3.76814,3.53654,3.99974
PRAS40_pT246,16.9313,3.73726,3.50566,3.96886
PRAS40_pT246,17.1931,3.64462,3.38214,3.9071
PRAS40_pT246,17.4549,3.5983,3.35126,3.84534
PRAS40_pT246,17.7167,3.53654,3.25862,3.81446
PRAS40_pT246,17.9786,3.50566,3.19686,3.81446
PRAS40_pT246,18.2404,3.42846,3.16598,3.69094
PRAS40_pT246,18.5022,3.33582,3.04246,3.62918
PRAS40_pT246,18.764,3.27406,3.01158,3.53654
PRAS40_pT246,19.0258,3.2123,2.9807,3.4439
PRAS40_pT246,19.2876,3.15054,2.88806,3.41302
PRAS40_pT246,19.5494,3.10422,2.85718,3.35126
PRAS40_pT246,19.8112,3.04246,2.79542,3.2895
PRAS40_pT246,20.0731,2.99614,2.73366,3.25862
PRAS40_pT246,20.3349,2.93438,2.70278,3.16598
PRAS40_pT246,20.5967,2.9035,2.6719,3.1351
PRAS40_pT246,20.8585,2.84174,2.61014,3.07334
PRAS40_pT246,21.1203,2.81086,2.57926,3.04246
PRAS40_pT246,21.3821,2.76454,2.5175,3.01158
PRAS40_pT246,21.6439,2.71822,2.48662,2.94982
PRAS40_pT246,21.9058,2.6719,2.45574,2.88806
PRAS40_pT246,22.1676,2.64102,2.42486,2.85718
PRAS40_pT246,22.4294,2.5947,2.39398,2.79542
PRAS40_pT246,22.6912,2.56382,2.3631,2.76454
PRAS40_pT246,22.953,2.5175,2.33222,2.70278
PRAS40_pT246,23.2148,2.50206,2.33222,2.6719
PRAS40_pT246,23.4766,2.47118,2.30134,2.64102
PRAS40_pT246,23.7384,2.4403,2.27046,2.61014
PRAS40_pT246,24.0003,2.40942,2.23958,2.57926
PRAS40_pT246,24.2621,2.3631,2.17782,2.54838
PRAS40_pT246,24.5239,2.34766,2.17782,2.5175
PRAS40_pT246,24.7857,2.31678,2.14694,2.48662
PRAS40_pT246,25.0475,2.30134,2.14694,2.45574
PRAS40_pT246,25.3093,2.27046,2.11606,2.42486
PRAS40_pT246,25.5711,2.22414,2.08518,2.3631
PRAS40_pT246,25.833,2.22414,2.08518,2.3631
PRAS40_pT246,26.0948,2.2087,2.08518,2.33222
PRAS40_pT246,26.3566,2.19326,2.0543,2.33222
PRAS40_pT246,26.6184,2.16238,2.02342,2.30134
PRAS40_pT246,26.8802,2.14694,2.02342,2.27046
PRAS40_pT246,27.142,2.1315,1.99254,2.27046
PRAS40_pT246,27.4038,2.11606,1.99254,2.23958
PRAS40_pT246,27.6657,2.10062,1.99254,2.2087
PRAS40_pT246,27.9275,2.08518,1.96166,2.2087
PRAS40_pT246,28.1893,2.0543,1.93078,2.17782
PRAS40_pT246,28.4511,2.03886,1.8999,2.17782
PRAS40_pT246,28.7129,2.03886,1.8999,2.17782
PRAS40_pT246,28.9747,2.02342,1.86902,2.17782
PRAS40_pT246,29.2365,2.00798,1.86902,2.14694
PRAS40_pT246,29.4983,2.00798,1.86902,2.14694
PRAS40_pT246,29.7602,1.9771,1.83814,2.11606
PRAS40_pT246,30.022,1.9771,1.83814,2.11606
PRAS40_pT246,30.2838,1.96166,1.83814,2.08518
PRAS40_pT246,30.5456,1.96166,1.83814,2.08518
PRAS40_pT246,30.8074,1.96166,1.83814,2.08518
PRAS40_pT246,31.0692,1.93078,1.80726,2.0543
PRAS40_pT246,31.331,1.93078,1.80726,2.0543
PRAS40_pT246,31.5929,1.91534,1.80726,2.02342
PRAS40_pT246,31.8547,1.91534,1.80726,2.02342
PRAS40_pT246,32.1165,1.8999,1.77638,2.02342
PRAS40_pT246,32.3783,1.8999,1.77638,2.02342
PRAS40_pT246,32.6401,1.8999,1.77638,2.02342
PRAS40_pT246,32.9019,1.8999,1.77638,2.02342
PRAS40_pT246,33.1637,1.8999,1.77638,2.02342
PRAS40_pT246,33.4255,1.8999,1.77638,2.02342
PRAS40_pT246,33.6874,1.8999,1.77638,2.02342
PRAS40_pT246,33.9492,1.8999,1.77638,2.02342
PRAS40_pT246,34.211,1.8999,1.77638,2.02342
PRAS40_pT246,34.4728,1.8999,1.77638,2.02342
PRAS40_pT246,34.7346,1.8999,1.77638,2.02342
PRAS40_pT246,34.9964,1.8999,1.77638,2.02342
PRAS40_pT246,35.2582,1.88446,1.7455,2.02342
PRAS40_pT246,35.5201,1.88446,1.7455,2.02342
PRAS40_pT246,35.7819,1.88446,1.7455,2.02342
PRAS40_pT246,36.0437,1.88446,1.7455,2.02342
PRAS40_pT246,36.3055,1.88446,1.7455,2.02342
PRAS40_pT246,36.5673,1.88446,1.7455,2.02342
PRAS40_pT246,36.8291,1.86902,1.7455,1.99254
PRAS40_pT246,37.0909,1.86902,1.7455,1.99254
PRAS40_pT246,37.3528,1.86902,1.7455,1.99254
PRAS40_pT246,37.6146,1.86902,1.7455,1.99254
PRAS40_pT246,37.8764,1.86902,1.7455,1.99254
PRAS40_pT246,38.1382,1.86902,1.7455,1.99254
PRAS40_pT246,38.4,1.86902,1.7455,1.99254
PRAS40_pT246,38.6618,1.86902,1.7455,1.99254
PRAS40_pT246,38.9236,1.86902,1.7455,1.99254
PRAS40_pT246,39.1854,1.86902,1.7455,1.99254
PRAS40_pT246,39.4473,1.86902,1.7455,1.99254
PRAS40_pT246,39.7091,1.88446,1.7455,2.02342
PRAS40_pT246,39.9709,1.88446,1.7455,2.02342
PRAS40_pT246,40.2327,1.88446,1.7455,2.02342
PRAS40_pT246,40.4945,1.88446,1.7455,2.02342
PRAS40_pT246,40.7563,1.88446,1.7455,2.02342
PRAS40_pT246,41.0181,1.88446,1.7455,2.02342
PRAS40_pT246,41.28,1.88446,1.7455,2.02342
PRAS40_pT246,41.5418,1.88446,1.7455,2.02342
PRAS40_pT246,41.8036,1.8999,1.77638,2.02342
PRAS40_pT246,42.0654,1.8999,1.77638,2.02342
PRAS40_pT246,42.3272,1.8999,1.77638,2.02342
PRAS40_pT246,42.589,1.8999,1.77638,2.02342
PRAS40_pT246,42.8508,1.8999,1.77638,2.02342
PRAS40_pT246,43.1127,1.8999,1.77638,2.02342
PRAS40_pT246,43.3745,1.8999,1.77638,2.02342
PRAS40_pT246,43.6363,1.8999,1.77638,2.02342
PRAS40_pT246,43.8981,1.8999,1.77638,2.02342
PRAS40_pT246,44.1599,1.8999,1.77638,2.02342
PRAS40_pT246,44.4217,1.8999,1.77638,2.02342
PRAS40_pT246,44.6835,1.8999,1.77638,2.02342
PRAS40_pT246,44.9453,1.8999,1.77638,2.02342
PRAS40_pT246,45.2072,1.8999,1.77638,2.02342
PRAS40_pT246,45.469,1.8999,1.77638,2.02342
PRAS40_pT246,45.7308,1.8999,1.77638,2.02342
PRAS40_pT246,45.9926,1.8999,1.77638,2.02342
PRAS40_pT246,46.2544,1.8999,1.77638,2.02342
PRAS40_pT246,46.5162,1.8999,1.77638,2.02342
PRAS40_pT246,46.778,1.8999,1.80726,1.99254
PRAS40_pT246,47.0399,1.8999,1.80726,1.99254
PRAS40_pT246,47.3017,1.91534,1.83814,1.99254
PRAS40_pT246,47.5635,1.91534,1.83814,1.99254
PRAS40_pT246,47.8253,1.91534,1.83814,1.99254
PRAS40_pT246,48.0871,1.91534,1.83814,1.99254
PRAS40_pT246,48.3489,1.91534,1.86902,1.96166
PRAS40_pT246,48.6107,1.91534,1.86902,1.96166
PRAS40_pT246,48.8725,1.91534,1.86902,1.96166
PRAS40_pT246,49.1344,1.91534,1.86902,1.96166
PRAS40_pT246,49.3962,1.91534,1.83814,1.99254
PRAS40_pT246,49.658,1.91534,1.83814,1.99254
PRAS40_pT246,49.9198,1.91534,1.83814,1.99254
PRAS40_pT246,50.1816,1.91534,1.83814,1.99254
PRAS40_pT246,50.4434,1.91534,1.80726,2.02342
PRAS40_pT246,50.7052,1.91534,1.80726,2.02342
PRAS40_pT246,50.9671,1.91534,1.80726,2.02342
PRAS40_pT246,51.2289,1.91534,1.80726,2.02342
PRAS40_pT246,51.4907,1.91534,1.80726,2.02342
PRAS40_pT246,51.7525,1.91534,1.80726,2.02342
PRAS40_pT246,52.0143,1.91534,1.80726,2.02342
PRAS40_pT246,52.2761,1.91534,1.80726,2.02342
PRAS40_pT246,52.5379,1.91534,1.80726,2.02342
PRAS40_pT246,52.7998,1.91534,1.80726,2.02342
PRAS40_pT246,53.0616,1.91534,1.80726,2.02342
PRAS40_pT246,53.3234,1.93078,1.80726,2.0543
PRAS40_pT246,53.5852,1.93078,1.80726,2.0543
PRAS40_pT246,53.847,1.93078,1.80726,2.0543
PRAS40_pT246,54.1088,1.93078,1.80726,2.0543
PRAS40_pT246,54.3706,1.93078,1.80726,2.0543
PRAS40_pT246,54.6324,1.93078,1.80726,2.0543
PRAS40_pT246,54.8943,1.96166,1.83814,2.08518
PRAS40_pT246,55.1561,1.96166,1.83814,2.08518
PRAS40_pT246,55.4179,1.96166,1.83814,2.08518
PRAS40_pT246,55.6797,1.96166,1.83814,2.08518
PRAS40_pT246,55.9415,1.96166,1.83814,2.08518
PRAS40_pT246,56.2033,1.96166,1.83814,2.08518
PRAS40_pT246,56.4651,1.96166,1.83814,2.08518
PRAS40_pT246,56.727,1.96166,1.83814,2.08518
PRAS40_pT246,56.9888,1.96166,1.83814,2.08518
PRAS40_pT246,57.2506,1.96166,1.83814,2.08518
PRAS40_pT246,57.5124,1.96166,1.83814,2.08518
PRAS40_pT246,57.7742,1.96166,1.83814,2.08518
PRAS40_pT246,58.036,1.96166,1.83814,2.08518
PRAS40_pT246,58.2978,1.96166,1.83814,2.08518
PRAS40_pT246,58.5596,1.96166,1.83814,2.08518
PRAS40_pT246,58.8215,1.96166,1.83814,2.08518
PRAS40_pT246,59.0833,1.96166,1.83814,2.08518
PRAS40_pT246,59.3451,1.9771,1.83814,2.11606
PRAS40_pT246,59.6069,1.9771,1.83814,2.11606
PRAS40_pT246,59.8687,1.9771,1.83814,2.11606
PRAS40_pT246,60.1305,1.9771,1.83814,2.11606
PRAS40_pT246,60.3923,1.9771,1.83814,2.11606
PRAS40_pT246,60.6542,1.9771,1.83814,2.11606
PRAS40_pT246,60.916,1.9771,1.83814,2.11606
PRAS40_pT246,61.1778,1.9771,1.83814,2.11606
PRAS40_pT246,61.4396,1.9771,1.83814,2.11606
PRAS40_pT246,61.7014,1.9771,1.83814,2.11606
PRAS40_pT246,61.9632,1.9771,1.83814,2.11606
PRAS40_pT246,62.225,1.96166,1.83814,2.08518
PRAS40_pT246,62.4869,1.9771,1.86902,2.08518
PRAS40_pT246,62.7487,1.9771,1.86902,2.08518
PRAS40_pT246,63.0105,1.96166,1.86902,2.0543
PRAS40_pT246,63.2723,1.96166,1.86902,2.0543
PRAS40_pT246,63.5341,1.9771,1.8999,2.0543
PRAS40_pT246,63.7959,1.96166,1.8999,2.02342
PRAS40_pT246,64.0577,1.96166,1.8999,2.02342
PRAS40_pT246,64.3195,1.9771,1.8999,2.0543
PRAS40_pT246,64.5814,1.9771,1.8999,2.0543
PRAS40_pT246,64.8432,1.9771,1.8999,2.0543
PRAS40_pT246,65.105,1.96166,1.86902,2.0543
PRAS40_pT246,65.3668,1.9771,1.86902,2.08518
PRAS40_pT246,65.6286,1.9771,1.86902,2.08518
PRAS40_pT246,65.8904,1.9771,1.86902,2.08518
PRAS40_pT246,66.1522,1.9771,1.86902,2.08518
PRAS40_pT246,66.4141,1.99254,1.86902,2.11606
PRAS40_pT246,66.6759,1.9771,1.83814,2.11606
PRAS40_pT246,66.9377,1.9771,1.83814,2.11606
PRAS40_pT246,67.1995,1.9771,1.83814,2.11606
PRAS40_pT246,67.4613,1.9771,1.83814,2.11606
PRAS40_pT246,67.7231,1.9771,1.83814,2.11606
PRAS40_pT246,67.9849,1.99254,1.86902,2.11606
PRAS40_pT246,68.2467,1.99254,1.86902,2.11606
PRAS40_pT246,68.5086,1.99254,1.86902,2.11606
PRAS40_pT246,68.7704,1.99254,1.86902,2.11606
PRAS40_pT246,69.0322,1.99254,1.86902,2.11606
PRAS40_pT246,69.294,1.99254,1.86902,2.11606
PRAS40_pT246,69.5558,1.99254,1.86902,2.11606
PRAS40_pT246,69.8176,1.99254,1.86902,2.11606
PRAS40_pT246,70.0794,1.99254,1.86902,2.11606
PRAS40_pT246,70.3413,1.99254,1.86902,2.11606
PRAS40_pT246,70.6031,1.99254,1.86902,2.11606
PRAS40_pT246,70.8649,2.00798,1.86902,2.14694
PRAS40_pT246,71.1267,2.00798,1.86902,2.14694
PRAS40_pT246,71.3885,2.00798,1.86902,2.14694
PRAS40_pT246,71.6503,2.00798,1.86902,2.14694
PRAS40_pT246,71.9121,2.00798,1.86902,2.14694
PRAS40_pT246,72.174,2.00798,1.86902,2.14694
PRAS40_pT246,72.4358,2.00798,1.86902,2.14694
PRAS40_pT246,72.6976,2.00798,1.86902,2.14694
PRAS40_pT246,72.9594,1.99254,1.86902,2.11606
PRAS40_pT246,73.2212,1.99254,1.86902,2.11606
PRAS40_pT246,73.483,1.99254,1.86902,2.11606
PRAS40_pT246,73.7448,1.99254,1.86902,2.11606
PRAS40_pT246,74.0066,1.99254,1.86902,2.11606
PRAS40_pT246,74.2685,1.99254,1.86902,2.11606
PRAS40_pT246,74.5303,1.99254,1.86902,2.11606
PRAS40_pT246,74.7921,1.99254,1.86902,2.11606
PRAS40_pT246,75.0539,1.99254,1.86902,2.11606
PRAS40_pT246,75.3157,1.99254,1.86902,2.11606
PRAS40_pT246,75.5775,1.99254,1.86902,2.11606
PRAS40_pT246,75.8393,1.99254,1.86902,2.11606
PRAS40_pT246,76.1012,1.99254,1.86902,2.11606
PRAS40_pT246,76.363,1.99254,1.86902,2.11606
PRAS40_pT246,76.6248,1.99254,1.86902,2.11606
PRAS40_pT246,76.8866,2.00798,1.86902,2.14694
PRAS40_pT246,77.1484,2.00798,1.86902,2.14694
PRAS40_pT246,77.4102,2.00798,1.86902,2.14694
PRAS40_pT246,77.672,2.00798,1.86902,2.14694
PRAS40_pT246,77.9339,2.00798,1.86902,2.14694
PRAS40_pT246,78.1957,2.00798,1.86902,2.14694
PRAS40_pT246,78.4575,2.00798,1.86902,2.14694
PRAS40_pT246,78.7193,2.00798,1.86902,2.14694
PRAS40_pT246,78.9811,2.00798,1.86902,2.14694
PRAS40_pT246,79.2429,2.00798,1.86902,2.14694
PRAS40_pT246,79.5047,2.00798,1.86902,2.14694
PRAS40_pT246,79.7665,2.00798,1.86902,2.14694
PRAS40_pT246,80.0284,2.00798,1.86902,2.14694
PRAS40_pT246,80.2902,2.00798,1.86902,2.14694
PRAS40_pT246,80.552,2.00798,1.86902,2.14694
PRAS40_pT246,80.8138,2.00798,1.86902,2.14694
PRAS40_pT246,81.0756,2.00798,1.86902,2.14694
PRAS40_pT246,81.3374,2.00798,1.86902,2.14694
PRAS40_pT246,81.5992,2.00798,1.86902,2.14694
PRAS40_pT246,81.8611,2.00798,1.86902,2.14694
PRAS40_pT246,82.1229,2.00798,1.86902,2.14694
PRAS40_pT246,82.3847,2.00798,1.86902,2.14694
PRAS40_pT246,82.6465,2.00798,1.86902,2.14694
PRAS40_pT246,82.9083,2.00798,1.86902,2.14694
PRAS40_pT246,83.1701,2.00798,1.86902,2.14694
PRAS40_pT246,83.4319,2.00798,1.86902,2.14694
PRAS40_pT246,83.6937,2.00798,1.86902,2.14694
PRAS40_pT246,83.9556,2.00798,1.86902,2.14694
PRAS40_pT246,84.2174,2.00798,1.86902,2.14694
PRAS40_pT246,84.4792,2.00798,1.86902,2.14694
PRAS40_pT246,84.741,2.00798,1.86902,2.14694
PRAS40_pT246,85.0028,2.00798,1.86902,2.14694
PRAS40_pT246,85.2646,2.00798,1.86902,2.14694
PRAS40_pT246,85.5264,2.00798,1.86902,2.14694
PRAS40_pT246,85.7883,2.00798,1.86902,2.14694
PRAS40_pT246,86.0501,2.00798,1.86902,2.14694
PRAS40_pT246,86.3119,2.00798,1.86902,2.14694
PRAS40_pT246,86.5737,2.00798,1.86902,2.14694
PRAS40_pT246,86.8355,2.00798,1.86902,2.14694
PRAS40_pT246,87.0973,2.00798,1.86902,2.14694
PRAS40_pT246,87.3591,2.00798,1.86902,2.14694
PRAS40_pT246,87.621,2.00798,1.86902,2.14694
PRAS40_pT246,87.8828,2.00798,1.86902,2.14694
PRAS40_pT246,88.1446,2.00798,1.86902,2.14694
PRAS40_pT246,88.4064,2.00798,1.86902,2.14694
PRAS40_pT246,88.6682,2.00798,1.86902,2.14694
PRAS40_pT246,88.93,2.00798,1.86902,2.14694
PRAS40_pT246,89.1918,2.00798,1.86902,2.14694
PRAS40_pT246,89.4536,2.00798,1.86902,2.14694
PRAS40_pT246,89.7155,2.00798,1.86902,2.14694
PRAS40_pT246,89.9773,2.00798,1.86902,2.14694
PRAS40_pT246,90.2391,2.00798,1.86902,2.14694
PRAS40_pT246,90.5009,2.00798,1.86902,2.14694
PRAS40_pT246,90.7627,2.00798,1.86902,2.14694
PRAS40_pT246,91.0245,2.00798,1.86902,2.14694
PRAS40_pT246,91.2863,2.00798,1.86902,2.14694
PRAS40_pT246,91.5482,2.00798,1.86902,2.14694
PRAS40_pT246,91.81,2.00798,1.86902,2.14694
PRAS40_pT246,92.0718,2.00798,1.86902,2.14694
PRAS40_pT246,92.3336,2.00798,1.86902,2.14694
PRAS40_pT246,92.5954,2.00798,1.86902,2.14694
PRAS40_pT246,92.8572,2.00798,1.86902,2.14694
PRAS40_pT246,93.119,2.00798,1.86902,2.14694
PRAS40_pT246,93.3808,2.00798,1.86902,2.14694
PRAS40_pT246,93.6427,2.00798,1.86902,2.14694
PRAS40_pT246,93.9045,2.00798,1.86902,2.14694
PRAS40_pT246,94.1663,2.00798,1.86902,2.14694
PRAS40_pT246,94.4281,2.00798,1.86902,2.14694
PRAS40_pT246,94.6899,2.00798,1.86902,2.14694
PRAS40_pT246,94.9517,2.00798,1.86902,2.14694
PRAS40_pT246,95.2135,2.00798,1.86902,2.14694
PRAS40_pT246,95.4754,2.00798,1.86902,2.14694
PRAS40_pT246,95.7372,2.00798,1.86902,2.14694
PRAS40_pT246,95.999,2.00798,1.86902,2.14694
PRAS40_pT246,96.2608,2.00798,1.86902,2.14694
PRAS40_pT246,96.5226,2.00798,1.86902,2.14694
PRAS40_pT246,96.7844,2.00798,1.86902,2.14694
PRAS40_pT246,97.0462,2.00798,1.86902,2.14694
PRAS40_pT246,97.3081,2.00798,1.86902,2.14694
PRAS40_pT246,97.5699,2.00798,1.86902,2.14694
PRAS40_pT246,97.8317,2.00798,1.86902,2.14694
PRAS40_pT246,98.0935,2.00798,1.86902,2.14694
PRAS40_pT246,98.3553,2.00798,1.86902,2.14694
PRAS40_pT246,98.6171,2.00798,1.86902,2.14694
PRAS40_pT246,98.8789,2.00798,1.86902,2.14694
PRAS40_pT246,99.1407,2.00798,1.86902,2.14694
PRAS40_pT246,99.4026,2.00798,1.86902,2.14694
PRAS40_pT246,99.6644,2.00798,1.86902,2.14694
PRAS40_pT246,99.9262,2.00798,1.86902,2.14694
PRAS40_pT246,100.188,2.00798,1.86902,2.14694
PRAS40_pT246,100.45,2.00798,1.86902,2.14694
PRAS40_pT246,100.712,2.00798,1.86902,2.14694
PRAS40_pT246,100.973,2.00798,1.86902,2.14694
PRAS40_pT246,101.235,2.00798,1.86902,2.14694
PRAS40_pT246,101.497,2.00798,1.86902,2.14694
PRAS40_pT246,101.759,2.00798,1.86902,2.14694
PRAS40_pT246,102.021,2.00798,1.86902,2.14694
PRAS40_pT246,102.283,2.00798,1.86902,2.14694
PRAS40_pT246,102.544,2.00798,1.86902,2.14694
PRAS40_pT246,102.806,2.00798,1.86902,2.14694
PRAS40_pT246,103.068,2.00798,1.86902,2.14694
PRAS40_pT246,103.33,2.00798,1.86902,2.14694
PRAS40_pT246,103.592,2.00798,1.86902,2.14694
PRAS40_pT246,103.853,2.00798,1.86902,2.14694
PRAS40_pT246,104.115,2.00798,1.86902,2.14694
PRAS40_pT246,104.377,2.00798,1.86902,2.14694
PRAS40_pT246,104.639,2.00798,1.86902,2.14694
PRAS40_pT246,104.901,2.00798,1.86902,2.14694
PRAS40_pT246,105.162,2.00798,1.86902,2.14694
PRAS40_pT246,105.424,2.00798,1.86902,2.14694
PRAS40_pT246,105.686,2.00798,1.86902,2.14694
PRAS40_pT246,105.948,2.00798,1.86902,2.14694
PRAS40_pT246,106.21,2.00798,1.86902,2.14694
PRAS40_pT246,106.472,2.00798,1.86902,2.14694
PRAS40_pT246,106.733,2.00798,1.86902,2.14694
PRAS40_pT246,106.995,2.00798,1.86902,2.14694
PRAS40_pT246,107.257,2.00798,1.86902,2.14694
PRAS40_pT246,107.519,2.00798,1.86902,2.14694
PRAS40_pT246,107.781,2.00798,1.86902,2.14694
PRAS40_pT246,108.042,2.00798,1.86902,2.14694
PRAS40_pT246,108.304,2.00798,1.86902,2.14694
PRAS40_pT246,108.566,2.00798,1.86902,2.14694
PRAS40_pT246,108.828,2.00798,1.86902,2.14694
PRAS40_pT246,109.09,2.00798,1.86902,2.14694
PRAS40_pT246,109.351,2.00798,1.86902,2.14694
PRAS40_pT246,109.613,2.00798,1.86902,2.14694
PRAS40_pT246,109.875,2.00798,1.86902,2.14694
PRAS40_pT246,110.137,2.00798,1.86902,2.14694
PRAS40_pT246,110.399,2.00798,1.86902,2.14694
PRAS40_pT246,110.661,2.00798,1.86902,2.14694
PRAS40_pT246,110.922,2.00798,1.86902,2.14694
PRAS40_pT246,111.184,2.00798,1.86902,2.14694
PRAS40_pT246,111.446,2.00798,1.86902,2.14694
PRAS40_pT246,111.708,2.00798,1.86902,2.14694
PRAS40_pT246,111.97,2.00798,1.86902,2.14694
PRAS40_pT246,112.231,2.00798,1.86902,2.14694
PRAS40_pT246,112.493,2.00798,1.86902,2.14694
PRAS40_pT246,112.755,2.00798,1.86902,2.14694
PRAS40_pT246,113.017,2.00798,1.86902,2.14694
PRAS40_pT246,113.279,2.00798,1.86902,2.14694
PRAS40_pT246,113.54,2.00798,1.86902,2.14694
PRAS40_pT246,113.802,2.00798,1.86902,2.14694
PRAS40_pT246,114.064,2.00798,1.86902,2.14694
PRAS40_pT246,114.326,2.00798,1.86902,2.14694
PRAS40_pT246,114.588,2.00798,1.86902,2.14694
PRAS40_pT246,114.85,2.00798,1.86902,2.14694
PRAS40_pT246,115.111,2.00798,1.86902,2.14694
PRAS40_pT246,115.373,2.00798,1.86902,2.14694
PRAS40_pT246,115.635,2.00798,1.86902,2.14694
PRAS40_pT246,115.897,2.00798,1.86902,2.14694
PRAS40_pT246,116.159,2.00798,1.86902,2.14694
PRAS40_pT246,116.42,2.00798,1.86902,2.14694
PRAS40_pT246,116.682,2.00798,1.86902,2.14694
PRAS40_pT246,116.944,2.00798,1.86902,2.14694
PRAS40_pT246,117.206,2.00798,1.86902,2.14694
PRAS40_pT246,117.468,2.00798,1.86902,2.14694
PRAS40_pT246,117.73,2.00798,1.86902,2.14694
PRAS40_pT246,117.991,2.00798,1.86902,2.14694
PRAS40_pT246,118.253,2.00798,1.86902,2.14694
PRAS40_pT246,118.515,2.00798,1.86902,2.14694
PRAS40_pT246,118.777,2.00798,1.86902,2.14694
PRAS40_pT246,119.039,2.00798,1.86902,2.14694
PRAS40_pT246,119.3,2.00798,1.86902,2.14694
PRAS40_pT246,119.562,2.00798,1.86902,2.14694
PRAS40_pT246,119.824,2.00798,1.86902,2.14694
PRAS40_pT246,120,2.00798,1.86902,2.14694
PRAS40_pT246,120,2.00798,1.86902,2.14694
IRS_pS636,0,0.0982647,0.0591879,0.137341
IRS_pS636,0.175231,0.0852391,0.00708558,0.163393
IRS_pS636,0.437044,0.0852391,0.00708558,0.163393
IRS_pS636,0.698858,0.0852391,-0.0189656,0.189444
IRS_pS636,0.960671,0.0852391,-0.0189656,0.189444
IRS_pS636,1.22248,0.0852391,-0.0189656,0.189444
IRS_pS636,1.4843,0.11129,0.00708558,0.215495
IRS_pS636,1.74611,0.124316,0.00708558,0.241546
IRS_pS636,2.00793,0.137341,0.0331367,0.241546
IRS_pS636,2.26974,0.150367,0.0331367,0.267597
IRS_pS636,2.53155,0.176418,0.0591879,0.293648
IRS_pS636,2.79337,0.189444,0.0591879,0.3197
IRS_pS636,3.05518,0.215495,0.0591879,0.371802
IRS_pS636,3.31699,0.267597,0.0852391,0.449955
IRS_pS636,3.57881,0.293648,0.11129,0.476007
IRS_pS636,3.84062,0.332725,0.137341,0.528109
IRS_pS636,4.10243,0.371802,0.163393,0.580211
IRS_pS636,4.36425,0.423904,0.189444,0.658365
IRS_pS636,4.62606,0.489032,0.215495,0.762569
IRS_pS636,4.88787,0.541135,0.267597,0.814672
IRS_pS636,5.14969,0.606262,0.3197,0.892825
IRS_pS636,5.4115,0.684416,0.371802,0.99703
IRS_pS636,5.67332,0.723493,0.423904,1.02308
IRS_pS636,5.93513,0.801646,0.449955,1.15334
IRS_pS636,6.19694,0.8798,0.55416,1.20544
IRS_pS636,6.45876,0.931902,0.606262,1.25754
IRS_pS636,6.72057,1.01006,0.684416,1.3357
IRS_pS636,6.98238,1.07518,0.762569,1.3878
IRS_pS636,7.2442,1.11426,0.788621,1.4399
IRS_pS636,7.50601,1.21846,0.892825,1.5441
IRS_pS636,7.76782,1.29662,0.99703,1.59621
IRS_pS636,8.02964,1.34872,1.04913,1.64831
IRS_pS636,8.29145,1.40082,1.15334,1.64831
IRS_pS636,8.55326,1.4399,1.20544,1.67436
IRS_pS636,8.81508,1.492,1.25754,1.72646
IRS_pS636,9.07689,1.57016,1.36175,1.77857
IRS_pS636,9.3387,1.60923,1.41385,1.80462
IRS_pS636,9.60052,1.64831,1.46595,1.83067
IRS_pS636,9.86233,1.71344,1.57016,1.85672
IRS_pS636,10.1241,1.75251,1.62226,1.88277
IRS_pS636,10.386,1.84369,1.70041,1.98697
IRS_pS636,10.6478,1.90882,1.75251,2.06513
IRS_pS636,10.9096,1.9479,1.80462,2.09118
IRS_pS636,11.1714,1.98697,1.83067,2.14328
IRS_pS636,11.4332,2.03908,1.88277,2.19538
IRS_pS636,11.695,2.1042,1.90882,2.29959
IRS_pS636,11.9568,2.14328,1.96092,2.32564
IRS_pS636,12.2187,2.16933,1.98697,2.35169
IRS_pS636,12.4805,2.20841,2.03908,2.37774
IRS_pS636,12.7423,2.26051,2.11723,2.40379
IRS_pS636,13.0041,2.29959,2.19538,2.40379
IRS_pS636,13.2659,2.35169,2.27354,2.42984
IRS_pS636,13.5277,2.39077,2.32564,2.4559
IRS_pS636,13.7895,2.39077,2.32564,2.4559
IRS_pS636,14.0513,2.41682,2.35169,2.48195
IRS_pS636,14.3132,2.41682,2.35169,2.48195
IRS_pS636,14.575,2.44287,2.37774,2.508
IRS_pS636,14.8368,2.44287,2.37774,2.508
IRS_pS636,15.0986,2.4559,2.40379,2.508
IRS_pS636,15.3604,2.46892,2.40379,2.53405
IRS_pS636,15.6222,2.48195,2.40379,2.5601
IRS_pS636,15.884,2.49497,2.40379,2.58615
IRS_pS636,16.1459,2.508,2.40379,2.6122
IRS_pS636,16.4077,2.53405,2.42984,2.63825
IRS_pS636,16.6695,2.54707,2.42984,2.6643
IRS_pS636,16.9313,2.5601,2.4559,2.6643
IRS_pS636,17.1931,2.5601,2.4559,2.6643
IRS_pS636,17.4549,2.5601,2.4559,2.6643
IRS_pS636,17.7167,2.5601,2.4559,2.6643
IRS_pS636,17.9786,2.57313,2.4559,2.69036
IRS_pS636,18.2404,2.58615,2.48195,2.69036
IRS_pS636,18.5022,2.58615,2.48195,2.69036
IRS_pS636,18.764,2.58615,2.48195,2.69036
IRS_pS636,19.0258,2.59918,2.508,2.69036
IRS_pS636,19.2876,2.59918,2.508,2.69036
IRS_pS636,19.5494,2.6122,2.508,2.71641
IRS_pS636,19.8112,2.6122,2.508,2.71641
IRS_pS636,20.0731,2.6122,2.508,2.71641
IRS_pS636,20.3349,2.6122,2.508,2.71641
IRS_pS636,20.5967,2.6122,2.508,2.71641
IRS_pS636,20.8585,2.6122,2.508,2.71641
IRS_pS636,21.1203,2.6122,2.508,2.71641
IRS_pS636,21.3821,2.6122,2.508,2.71641
IRS_pS636,21.6439,2.6122,2.508,2.71641
IRS_pS636,21.9058,2.6122,2.508,2.71641
IRS_pS636,22.1676,2.59918,2.508,2.69036
IRS_pS636,22.4294,2.58615,2.48195,2.69036
IRS_pS636,22.6912,2.58615,2.48195,2.69036
IRS_pS636,22.953,2.58615,2.48195,2.69036
IRS_pS636,23.2148,2.58615,2.48195,2.69036
IRS_pS636,23.4766,2.57313,2.4559,2.69036
IRS_pS636,23.7384,2.57313,2.4559,2.69036
IRS_pS636,24.0003,2.5601,2.4559,2.6643
IRS_pS636,24.2621,2.57313,2.48195,2.6643
IRS_pS636,24.5239,2.5601,2.4559,2.6643
IRS_pS636,24.7857,2.5601,2.4559,2.6643
IRS_pS636,25.0475,2.5601,2.4559,2.6643
IRS_pS636,25.3093,2.5601,2.4559,2.6643
IRS_pS636,25.5711,2.5601,2.4559,2.6643
IRS_pS636,25.833,2.5601,2.4559,2.6643
IRS_pS636,26.0948,2.54707,2.4559,2.63825
IRS_pS636,26.3566,2.54707,2.4559,2.63825
IRS_pS636,26.6184,2.54707,2.4559,2.63825
IRS_pS636,26.8802,2.54707,2.4559,2.63825
IRS_pS636,27.142,2.54707,2.4559,2.63825
IRS_pS636,27.4038,2.53405,2.42984,2.63825
IRS_pS636,27.6657,2.52102,2.42984,2.6122
IRS_pS636,27.9275,2.52102,2.42984,2.6122
IRS_pS636,28.1893,2.52102,2.42984,2.6122
IRS_pS636,28.4511,2.508,2.42984,2.58615
IRS_pS636,28.7129,2.508,2.42984,2.58615
IRS_pS636,28.9747,2.49497,2.42984,2.5601
IRS_pS636,29.2365,2.48195,2.42984,2.53405
IRS_pS636,29.4983,2.46892,2.42984,2.508
IRS_pS636,29.7602,2.46892,2.42984,2.508
IRS_pS636,30.022,2.46892,2.42984,2.508
IRS_pS636,30.2838,2.46892,2.42984,2.508
IRS_pS636,30.5456,2.46892,2.40379,2.53405
IRS_pS636,30.8074,2.46892,2.40379,2.53405
IRS_pS636,31.0692,2.46892,2.40379,2.53405
IRS_pS636,31.331,2.46892,2.40379,2.53405
IRS_pS636,31.5929,2.46892,2.37774,2.5601
IRS_pS636,31.8547,2.46892,2.37774,2.5601
IRS_pS636,32.1165,2.46892,2.37774,2.5601
IRS_pS636,32.3783,2.46892,2.37774,2.5601
IRS_pS636,32.6401,2.46892,2.37774,2.5601
IRS_pS636,32.9019,2.46892,2.37774,2.5601
IRS_pS636,33.1637,2.44287,2.35169,2.53405
IRS_pS636,33.4255,2.44287,2.35169,2.53405
IRS_pS636,33.6874,2.42984,2.32564,2.53405
IRS_pS636,33.9492,2.42984,2.32564,2.53405
IRS_pS636,34.211,2.42984,2.32564,2.53405
IRS_pS636,34.4728,2.42984,2.32564,2.53405
IRS_pS636,34.7346,2.42984,2.32564,2.53405
IRS_pS636,34.9964,2.41682,2.29959,2.53405
IRS_pS636,35.2582,2.40379,2.29959,2.508
IRS_pS636,35.5201,2.40379,2.29959,2.508
IRS_pS636,35.7819,2.40379,2.29959,2.508
IRS_pS636,36.0437,2.40379,2.29959,2.508
IRS_pS636,36.3055,2.40379,2.29959,2.508
IRS_pS636,36.5673,2.40379,2.29959,2.508
IRS_pS636,36.8291,2.40379,2.29959,2.508
IRS_pS636,37.0909,2.40379,2.29959,2.508
IRS_pS636,37.3528,2.40379,2.29959,2.508
IRS_pS636,37.6146,2.40379,2.29959,2.508
IRS_pS636,37.8764,2.40379,2.29959,2.508
IRS_pS636,38.1382,2.39077,2.27354,2.508
IRS_pS636,38.4,2.37774,2.27354,2.48195
IRS_pS636,38.6618,2.37774,2.27354,2.48195
IRS_pS636,38.9236,2.37774,2.27354,2.48195
IRS_pS636,39.1854,2.36472,2.24749,2.48195
IRS_pS636,39.4473,2.36472,2.24749,2.48195
IRS_pS636,39.7091,2.36472,2.24749,2.48195
IRS_pS636,39.9709,2.35169,2.24749,2.4559
IRS_pS636,40.2327,2.35169,2.24749,2.4559
IRS_pS636,40.4945,2.35169,2.24749,2.4559
IRS_pS636,40.7563,2.33867,2.24749,2.42984
IRS_pS636,41.0181,2.33867,2.24749,2.42984
IRS_pS636,41.28,2.32564,2.24749,2.40379
IRS_pS636,41.5418,2.32564,2.24749,2.40379
IRS_pS636,41.8036,2.31261,2.22143,2.40379
IRS_pS636,42.0654,2.31261,2.22143,2.40379
IRS_pS636,42.3272,2.31261,2.22143,2.40379
IRS_pS636,42.589,2.31261,2.22143,2.40379
IRS_pS636,42.8508,2.31261,2.22143,2.40379
IRS_pS636,43.1127,2.32564,2.24749,2.40379
IRS_pS636,43.3745,2.31261,2.24749,2.37774
IRS_pS636,43.6363,2.31261,2.24749,2.37774
IRS_pS636,43.8981,2.31261,2.24749,2.37774
IRS_pS636,44.1599,2.31261,2.24749,2.37774
IRS_pS636,44.4217,2.32564,2.27354,2.37774
IRS_pS636,44.6835,2.32564,2.27354,2.37774
IRS_pS636,44.9453,2.31261,2.27354,2.35169
IRS_pS636,45.2072,2.32564,2.27354,2.37774
IRS_pS636,45.469,2.32564,2.27354,2.37774
IRS_pS636,45.7308,2.32564,2.27354,2.37774
IRS_pS636,45.9926,2.31261,2.24749,2.37774
IRS_pS636,46.2544,2.31261,2.24749,2.37774
IRS_pS636,46.5162,2.29959,2.22143,2.37774
IRS_pS636,46.778,2.31261,2.22143,2.40379
IRS_pS636,47.0399,2.31261,2.22143,2.40379
IRS_pS636,47.3017,2.29959,2.19538,2.40379
IRS_pS636,47.5635,2.29959,2.19538,2.40379
IRS_pS636,47.8253,2.29959,2.19538,2.40379
IRS_pS636,48.0871,2.29959,2.19538,2.40379
IRS_pS636,48.3489,2.29959,2.19538,2.40379
IRS_pS636,48.6107,2.29959,2.19538,2.40379
IRS_pS636,48.8725,2.28656,2.16933,2.40379
IRS_pS636,49.1344,2.28656,2.16933,2.40379
IRS_pS636,49.3962,2.28656,2.16933,2.40379
IRS_pS636,49.658,2.27354,2.16933,2.37774
IRS_pS636,49.9198,2.27354,2.16933,2.37774
IRS_pS636,50.1816,2.27354,2.16933,2.37774
IRS_pS636,50.4434,2.27354,2.16933,2.37774
IRS_pS636,50.7052,2.27354,2.16933,2.37774
IRS_pS636,50.9671,2.27354,2.16933,2.37774
IRS_pS636,51.2289,2.27354,2.16933,2.37774
IRS_pS636,51.4907,2.27354,2.16933,2.37774
IRS_pS636,51.7525,2.27354,2.16933,2.37774
IRS_pS636,52.0143,2.27354,2.16933,2.37774
IRS_pS636,52.2761,2.27354,2.16933,2.37774
IRS_pS636,52.5379,2.27354,2.16933,2.37774
IRS_pS636,52.7998,2.27354,2.16933,2.37774
IRS_pS636,53.0616,2.27354,2.16933,2.37774
IRS_pS636,53.3234,2.26051,2.16933,2.35169
IRS_pS636,53.5852,2.26051,2.16933,2.35169
IRS_pS636,53.847,2.26051,2.16933,2.35169
IRS_pS636,54.1088,2.26051,2.16933,2.35169
IRS_pS636,54.3706,2.26051,2.16933,2.35169
IRS_pS636,54.6324,2.26051,2.16933,2.35169
IRS_pS636,54.8943,2.26051,2.16933,2.35169
IRS_pS636,55.1561,2.26051,2.16933,2.35169
IRS_pS636,55.4179,2.26051,2.16933,2.35169
IRS_pS636,55.6797,2.26051,2.16933,2.35169
IRS_pS636,55.9415,2.26051,2.16933,2.35169
IRS_pS636,56.2033,2.24749,2.16933,2.32564
IRS_pS636,56.4651,2.24749,2.16933,2.32564
IRS_pS636,56.727,2.24749,2.16933,2.32564
IRS_pS636,56.9888,2.24749,2.16933,2.32564
IRS_pS636,57.2506,2.24749,2.16933,2.32564
IRS_pS636,57.5124,2.23446,2.14328,2.32564
IRS_pS636,57.7742,2.23446,2.14328,2.32564
IRS_pS636,58.036,2.24749,2.16933,2.32564
IRS_pS636,58.2978,2.24749,2.16933,2.32564
IRS_pS636,58.5596,2.24749,2.16933,2.32564
IRS_pS636,58.8215,2.24749,2.16933,2.32564
IRS_pS636,59.0833,2.24749,2.19538,2.29959
IRS_pS636,59.3451,2.24749,2.19538,2.29959
IRS_pS636,59.6069,2.26051,2.22143,2.29959
IRS_pS636,59.8687,2.24749,2.22143,2.27354
IRS_pS636,60.1305,2.24749,2.22143,2.27354
IRS_pS636,60.3923,2.24749,2.22143,2.27354
IRS_pS636,60.6542,2.26051,2.22143,2.29959
IRS_pS636,60.916,2.24749,2.19538,2.29959
IRS_pS636,61.1778,2.24749,2.19538,2.29959
IRS_pS636,61.4396,2.24749,2.19538,2.29959
IRS_pS636,61.7014,2.24749,2.16933,2.32564
IRS_pS636,61.9632,2.24749,2.16933,2.32564
IRS_pS636,62.225,2.23446,2.14328,2.32564
IRS_pS636,62.4869,2.23446,2.14328,2.32564
IRS_pS636,62.7487,2.23446,2.14328,2.32564
IRS_pS636,63.0105,2.23446,2.14328,2.32564
IRS_pS636,63.2723,2.23446,2.14328,2.32564
IRS_pS636,63.5341,2.24749,2.16933,2.32564
IRS_pS636,63.7959,2.24749,2.16933,2.32564
IRS_pS636,64.0577,2.24749,2.16933,2.32564
IRS_pS636,64.3195,2.24749,2.16933,2.32564
IRS_pS636,64.5814,2.24749,2.16933,2.32564
IRS_pS636,64.8432,2.24749,2.16933,2.32564
IRS_pS636,65.105,2.24749,2.16933,2.32564
IRS_pS636,65.3668,2.23446,2.14328,2.32564
IRS_pS636,65.6286,2.23446,2.14328,2.32564
IRS_pS636,65.8904,2.23446,2.14328,2.32564
IRS_pS636,66.1522,2.23446,2.14328,2.32564
IRS_pS636,66.4141,2.24749,2.16933,2.32564
IRS_pS636,66.6759,2.24749,2.16933,2.32564
IRS_pS636,66.9377,2.24749,2.16933,2.32564
IRS_pS636,67.1995,2.23446,2.14328,2.32564
IRS_pS636,67.4613,2.23446,2.14328,2.32564
IRS_pS636,67.7231,2.23446,2.14328,2.32564
IRS_pS636,67.9849,2.23446,2.14328,2.32564
IRS_pS636,68.2467,2.23446,2.14328,2.32564
IRS_pS636,68.5086,2.23446,2.14328,2.32564
IRS_pS636,68.7704,2.23446,2.14328,2.32564
IRS_pS636,69.0322,2.23446,2.14328,2.32564
IRS_pS636,69.294,2.23446,2.14328,2.32564
IRS_pS636,69.5558,2.23446,2.14328,2.32564
IRS_pS636,69.8176,2.23446,2.14328,2.32564
IRS_pS636,70.0794,2.23446,2.14328,2.32564
IRS_pS636,70.3413,2.23446,2.14328,2.32564
IRS_pS636,70.6031,2.23446,2.14328,2.32564
IRS_pS636,70.8649,2.23446,2.14328,2.32564
IRS_pS636,71.1267,2.23446,2.14328,2.32564
IRS_pS636,71.3885,2.23446,2.14328,2.32564
IRS_pS636,71.6503,2.23446,2.14328,2.32564
IRS_pS636,71.9121,2.23446,2.14328,2.32564
IRS_pS636,72.174,2.23446,2.14328,2.32564
IRS_pS636,72.4358,2.23446,2.14328,2.32564
IRS_pS636,72.6976,2.23446,2.14328,2.32564
IRS_pS636,72.9594,2.23446,2.14328,2.32564
IRS_pS636,73.2212,2.23446,2.14328,2.32564
IRS_pS636,73.483,2.23446,2.14328,2.32564
IRS_pS636,73.7448,2.23446,2.14328,2.32564
IRS_pS636,74.0066,2.23446,2.14328,2.32564
IRS_pS636,74.2685,2.23446,2.14328,2.32564
IRS_pS636,74.5303,2.23446,2.14328,2.32564
IRS_pS636,74.7921,2.23446,2.14328,2.32564
IRS_pS636,75.0539,2.23446,2.14328,2.32564
IRS_pS636,75.3157,2.23446,2.14328,2.32564
IRS_pS636,75.5775,2.23446,2.14328,2.32564
IRS_pS636,75.8393,2.23446,2.14328,2.32564
IRS_pS636,76.1012,2.23446,2.14328,2.32564
IRS_pS636,76.363,2.23446,2.14328,2.32564
IRS_pS636,76.6248,2.23446,2.14328,2.32564
IRS_pS636,76.8866,2.23446,2.14328,2.32564
IRS_pS636,77.1484,2.23446,2.14328,2.32564
IRS_pS636,77.4102,2.23446,2.14328,2.32564
IRS_pS636,77.672,2.23446,2.14328,2.32564
IRS_pS636,77.9339,2.23446,2.14328,2.32564
IRS_pS636,78.1957,2.23446,2.14328,2.32564
IRS_pS636,78.4575,2.23446,2.14328,2.32564
IRS_pS636,78.7193,2.23446,2.14328,2.32564
IRS_pS636,78.9811,2.23446,2.14328,2.32564
IRS_pS636,79.2429,2.23446,2.14328,2.32564
IRS_pS636,79.5047,2.23446,2.14328,2.32564
IRS_pS636,79.7665,2.23446,2.14328,2.32564
IRS_pS636,80.0284,2.23446,2.14328,2.32564
IRS_pS636,80.2902,2.23446,2.14328,2.32564
IRS_pS636,80.552,2.23446,2.14328,2.32564
IRS_pS636,80.8138,2.23446,2.14328,2.32564
IRS_pS636,81.0756,2.23446,2.14328,2.32564
IRS_pS636,81.3374,2.23446,2.14328,2.32564
IRS_pS636,81.5992,2.23446,2.14328,2.32564
IRS_pS636,81.8611,2.23446,2.14328,2.32564
IRS_pS636,82.1229,2.23446,2.14328,2.32564
IRS_pS636,82.3847,2.23446,2.14328,2.32564
IRS_pS636,82.6465,2.23446,2.14328,2.32564
IRS_pS636,82.9083,2.23446,2.14328,2.32564
IRS_pS636,83.1701,2.23446,2.14328,2.32564
IRS_pS636,83.4319,2.23446,2.14328,2.32564
IRS_pS636,83.6937,2.23446,2.14328,2.32564
IRS_pS636,83.9556,2.23446,2.14328,2.32564
IRS_pS636,84.2174,2.23446,2.14328,2.32564
IRS_pS636,84.4792,2.23446,2.14328,2.32564
IRS_pS636,84.741,2.23446,2.14328,2.32564
IRS_pS636,85.0028,2.23446,2.14328,2.32564
IRS_pS636,85.2646,2.23446,2.14328,2.32564
IRS_pS636,85.5264,2.23446,2.14328,2.32564
IRS_pS636,85.7883,2.23446,2.14328,2.32564
IRS_pS636,86.0501,2.23446,2.14328,2.32564
IRS_pS636,86.3119,2.23446,2.14328,2.32564
IRS_pS636,86.5737,2.23446,2.14328,2.32564
IRS_pS636,86.8355,2.23446,2.14328,2.32564
IRS_pS636,87.0973,2.23446,2.14328,2.32564
IRS_pS636,87.3591,2.23446,2.14328,2.32564
IRS_pS636,87.621,2.23446,2.14328,2.32564
IRS_pS636,87.8828,2.23446,2.14328,2.32564
IRS_pS636,88.1446,2.23446,2.14328,2.32564
IRS_pS636,88.4064,2.23446,2.14328,2.32564
IRS_pS636,88.6682,2.23446,2.14328,2.32564
IRS_pS636,88.93,2.23446,2.14328,2.32564
IRS_pS636,89.1918,2.23446,2.14328,2.32564
IRS_pS636,89.4536,2.23446,2.14328,2.32564
IRS_pS636,89.7155,2.23446,2.14328,2.32564
IRS_pS636,89.9773,2.23446,2.14328,2.32564
IRS_pS636,90.2391,2.23446,2.14328,2.32564
IRS_pS636,90.5009,2.23446,2.14328,2.32564
IRS_pS636,90.7627,2.23446,2.14328,2.32564
IRS_pS636,91.0245,2.23446,2.14328,2.32564
IRS_pS636,91.2863,2.23446,2.14328,2.32564
IRS_pS636,91.5482,2.23446,2.14328,2.32564
IRS_pS636,91.81,2.23446,2.14328,2.32564
IRS_pS636,92.0718,2.23446,2.14328,2.32564
IRS_pS636,92.3336,2.23446,2.14328,2.32564
IRS_pS636,92.5954,2.23446,2.14328,2.32564
IRS_pS636,92.8572,2.23446,2.14328,2.32564
IRS_pS636,93.119,2.23446,2.14328,2.32564
IRS_pS636,93.3808,2.23446,2.14328,2.32564
IRS_pS636,93.6427,2.23446,2.14328,2.32564
IRS_pS636,93.9045,2.23446,2.14328,2.32564
IRS_pS636,94.1663,2.23446,2.14328,2.32564
IRS_pS636,94.4281,2.23446,2.14328,2.32564
IRS_pS636,94.6899,2.23446,2.14328,2.32564
IRS_pS636,94.9517,2.23446,2.14328,2.32564
IRS_pS636,95.2135,2.23446,2.14328,2.32564
IRS_pS636,95.4754,2.23446,2.14328,2.32564
IRS_pS636,95.7372,2.23446,2.14328,2.32564
IRS_pS636,95.999,2.23446,2.14328,2.32564
IRS_pS636,96.2608,2.23446,2.14328,2.32564
IRS_pS636,96.5226,2.23446,2.14328,2.32564
IRS_pS636,96.7844,2.23446,2.14328,2.32564
IRS_pS636,97.0462,2.23446,2.14328,2.32564
IRS_pS636,97.3081,2.23446,2.14328,2.32564
IRS_pS636,97.5699,2.23446,2.14328,2.32564
IRS_pS636,97.8317,2.23446,2.14328,2.32564
IRS_pS636,98.0935,2.23446,2.14328,2.32564
IRS_pS636,98.3553,2.23446,2.14328,2.32564
IRS_pS636,98.6171,2.23446,2.14328,2.32564
IRS_pS636,98.8789,2.23446,2.14328,2.32564
IRS_pS636,99.1407,2.23446,2.14328,2.32564
IRS_pS636,99.4026,2.23446,2.14328,2.32564
IRS_pS636,99.6644,2.23446,2.14328,2.32564
IRS_pS636,99.9262,2.23446,2.14328,2.32564
IRS_pS636,100.188,2.23446,2.14328,2.32564
IRS_pS636,100.45,2.23446,2.14328,2.32564
IRS_pS636,100.712,2.23446,2.14328,2.32564
IRS_pS636,100.973,2.23446,2.14328,2.32564
IRS_pS636,101.235,2.23446,2.14328,2.32564
IRS_pS636,101.497,2.23446,2.14328,2.32564
IRS_pS636,101.759,2.23446,2.14328,2.32564
IRS_pS636,102.021,2.23446,2.14328,2.32564
IRS_pS636,102.283,2.23446,2.14328,2.32564
IRS_pS636,102.544,2.23446,2.14328,2.32564
IRS_pS636,102.806,2.23446,2.14328,2.32564
IRS_pS636,103.068,2.23446,2.14328,2.32564
IRS_pS636,103.33,2.23446,2.14328,2.32564
IRS_pS636,103.592,2.23446,2.14328,2.32564
IRS_pS636,103.853,2.23446,2.14328,2.32564
IRS_pS636,104.115,2.23446,2.14328,2.32564
IRS_pS636,104.377,2.23446,2.14328,2.32564
IRS_pS636,104.639,2.23446,2.14328,2.32564
IRS_pS636,104.901,2.23446,2.14328,2.32564
IRS_pS636,105.162,2.23446,2.14328,2.32564
IRS_pS636,105.424,2.23446,2.14328,2.32564
IRS_pS636,105.686,2.23446,2.14328,2.32564
IRS_pS636,105.948,2.23446,2.14328,2.32564
IRS_pS636,106.21,2.23446,2.14328,2.32564
IRS_pS636,106.472,2.23446,2.14328,2.32564
IRS_pS636,106.733,2.23446,2.14328,2.32564
IRS_pS636,106.995,2.23446,2.14328,2.32564
IRS_pS636,107.257,2.23446,2.14328,2.32564
IRS_pS636,107.519,2.23446,2.14328,2.32564
IRS_pS636,107.781,2.23446,2.14328,2.32564
IRS_pS636,108.042,2.23446,2.14328,2.32564
IRS_pS636,108.304,2.23446,2.14328,2.32564
IRS_pS636,108.566,2.23446,2.14328,2.32564
IRS_pS636,108.828,2.23446,2.14328,2.32564
IRS_pS636,109.09,2.23446,2.14328,2.32564
IRS_pS636,109.351,2.23446,2.14328,2.32564
IRS_pS636,109.613,2.23446,2.14328,2.32564
IRS_pS636,109.875,2.23446,2.14328,2.32564
IRS_pS636,110.137,2.23446,2.14328,2.32564
IRS_pS636,110.399,2.23446,2.14328,2.32564
IRS_pS636,110.661,2.23446,2.14328,2.32564
IRS_pS636,110.922,2.23446,2.14328,2.32564
IRS_pS636,111.184,2.23446,2.14328,2.32564
IRS_pS636,111.446,2.23446,2.14328,2.32564
IRS_pS636,111.708,2.23446,2.14328,2.32564
IRS_pS636,111.97,2.23446,2.14328,2.32564
IRS_pS636,112.231,2.23446,2.14328,2.32564
IRS_pS636,112.493,2.23446,2.14328,2.32564
IRS_pS636,112.755,2.23446,2.14328,2.32564
IRS_pS636,113.017,2.23446,2.14328,2.32564
IRS_pS636,113.279,2.23446,2.14328,2.32564
IRS_pS636,113.54,2.23446,2.14328,2.32564
IRS_pS636,113.802,2.23446,2.14328,2.32564
IRS_pS636,114.064,2.23446,2.14328,2.32564
IRS_pS636,114.326,2.23446,2.14328,2.32564
IRS_pS636,114.588,2.23446,2.14328,2.32564
IRS_pS636,114.85,2.23446,2.14328,2.32564
IRS_pS636,115.111,2.23446,2.14328,2.32564
IRS_pS636,115.373,2.23446,2.14328,2.32564
IRS_pS636,115.635,2.23446,2.14328,2.32564
IRS_pS636,115.897,2.23446,2.14328,2.32564
IRS_pS636,116.159,2.23446,2.14328,2.32564
IRS_pS636,116.42,2.23446,2.14328,2.32564
IRS_pS636,116.682,2.23446,2.14328,2.32564
IRS_pS636,116.944,2.23446,2.14328,2.32564
IRS_pS636,117.206,2.23446,2.14328,2.32564
IRS_pS636,117.468,2.23446,2.14328,2.32564
IRS_pS636,117.73,2.23446,2.14328,2.32564
IRS_pS636,117.991,2.23446,2.14328,2.32564
IRS_pS636,118.253,2.23446,2.14328,2.32564
IRS_pS636,118.515,2.23446,2.14328,2.32564
IRS_pS636,118.777,2.23446,2.14328,2.32564
IRS_pS636,119.039,2.23446,2.14328,2.32564
IRS_pS636,119.3,2.23446,2.14328,2.32564
IRS_pS636,119.562,2.24749,2.16933,2.32564
IRS_pS636,119.824,2.24749,2.16933,2.32564
IRS_pS636,120,2.26051,2.22143,2.29959
PRAS40_pS183,0.698858,0.315029,0.122496,0.507562
PRAS40_pS183,0.960671,0.507562,0.0674863,0.947637
PRAS40_pS183,1.22248,0.562571,0.0674863,1.05766
PRAS40_pS183,1.4843,0.645086,0.0124769,1.27769
PRAS40_pS183,1.74611,0.810114,0.0674863,1.55274
PRAS40_pS183,2.00793,1.19518,0.0674863,2.32287
PRAS40_pS183,2.26974,1.38771,0.177505,2.59792
PRAS40_pS183,2.53155,1.63526,0.287524,2.98299
PRAS40_pS183,2.79337,1.9103,0.7276,3.09301
PRAS40_pS183,3.05518,1.3052,0.892628,1.71777
PRAS40_pS183,3.31699,1.44272,1.3327,1.55274
PRAS40_pS183,3.57881,3.12051,2.65293,3.58809
PRAS40_pS183,3.84062,3.17552,2.76295,3.58809
PRAS40_pS183,4.10243,3.28554,2.81796,3.75312
PRAS40_pS183,4.36425,3.36805,2.92798,3.80813
PRAS40_pS183,4.62606,3.50558,3.14802,3.86314
PRAS40_pS183,4.88787,3.72561,3.47807,3.97316
PRAS40_pS183,5.14969,3.80813,3.58809,4.02817
PRAS40_pS183,5.4115,3.86314,3.69811,4.02817
PRAS40_pS183,5.67332,3.91815,3.75312,4.08318
PRAS40_pS183,5.93513,3.97316,3.80813,4.13819
PRAS40_pS183,6.19694,4.00066,3.86314,4.13819
PRAS40_pS183,6.45876,4.05567,3.91815,4.19319
PRAS40_pS183,6.72057,4.08318,3.91815,4.2482
PRAS40_pS183,6.98238,4.08318,3.91815,4.2482
PRAS40_pS183,7.2442,4.11068,3.97316,4.2482
PRAS40_pS183,7.50601,4.13819,3.97316,4.30321
PRAS40_pS183,7.76782,4.16569,3.97316,4.35822
PRAS40_pS183,8.02964,4.19319,3.97316,4.41323
PRAS40_pS183,8.29145,4.2207,3.97316,4.46824
PRAS40_pS183,8.55326,4.2482,4.02817,4.46824
PRAS40_pS183,8.81508,4.27571,4.02817,4.52325
PRAS40_pS183,9.07689,4.27571,4.02817,4.52325
PRAS40_pS183,9.3387,4.30321,4.08318,4.52325
PRAS40_pS183,9.60052,4.33072,4.08318,4.57826
PRAS40_pS183,9.86233,4.35822,4.13819,4.57826
PRAS40_pS183,10.1241,4.38573,4.19319,4.57826
PRAS40_pS183,10.386,4.41323,4.19319,4.63327
PRAS40_pS183,10.6478,4.44074,4.2482,4.63327
PRAS40_pS183,10.9096,4.44074,4.2482,4.63327
PRAS40_pS183,11.1714,4.46824,4.30321,4.63327
PRAS40_pS183,11.4332,4.46824,4.30321,4.63327
PRAS40_pS183,11.695,4.46824,4.30321,4.63327
PRAS40_pS183,11.9568,4.46824,4.30321,4.63327
PRAS40_pS183,12.2187,4.46824,4.30321,4.63327
PRAS40_pS183,12.4805,4.46824,4.30321,4.63327
PRAS40_pS183,12.7423,4.52325,4.35822,4.68828
PRAS40_pS183,13.0041,4.55076,4.35822,4.74329
PRAS40_pS183,13.2659,4.55076,4.35822,4.74329
PRAS40_pS183,13.5277,4.55076,4.35822,4.74329
PRAS40_pS183,13.7895,4.55076,4.35822,4.74329
PRAS40_pS183,14.0513,4.57826,4.35822,4.7983
PRAS40_pS183,14.3132,4.60577,4.41323,4.7983
PRAS40_pS183,14.575,4.60577,4.41323,4.7983
PRAS40_pS183,14.8368,4.60577,4.41323,4.7983
PRAS40_pS183,15.0986,4.60577,4.41323,4.7983
PRAS40_pS183,15.3604,4.60577,4.41323,4.7983
PRAS40_pS183,15.6222,4.60577,4.41323,4.7983
PRAS40_pS183,15.884,4.60577,4.41323,4.7983
PRAS40_pS183,16.1459,4.63327,4.46824,4.7983
PRAS40_pS183,16.4077,4.63327,4.46824,4.7983
PRAS40_pS183,16.6695,4.63327,4.46824,4.7983
PRAS40_pS183,16.9313,4.63327,4.46824,4.7983
PRAS40_pS183,17.1931,4.63327,4.46824,4.7983
PRAS40_pS183,17.4549,4.63327,4.46824,4.7983
PRAS40_pS183,17.7167,4.63327,4.46824,4.7983
PRAS40_pS183,17.9786,4.63327,4.46824,4.7983
PRAS40_pS183,18.2404,4.63327,4.46824,4.7983
PRAS40_pS183,18.5022,4.63327,4.46824,4.7983
PRAS40_pS183,18.764,4.63327,4.46824,4.7983
PRAS40_pS183,19.0258,4.63327,4.46824,4.7983
PRAS40_pS183,19.2876,4.63327,4.46824,4.7983
PRAS40_pS183,19.5494,4.63327,4.46824,4.7983
PRAS40_pS183,19.8112,4.63327,4.46824,4.7983
PRAS40_pS183,20.0731,4.63327,4.46824,4.7983
PRAS40_pS183,20.3349,4.63327,4.46824,4.7983
PRAS40_pS183,20.5967,4.63327,4.46824,4.7983
PRAS40_pS183,20.8585,4.63327,4.46824,4.7983
PRAS40_pS183,21.1203,4.63327,4.46824,4.7983
PRAS40_pS183,21.3821,4.63327,4.46824,4.7983
PRAS40_pS183,21.6439,4.63327,4.46824,4.7983
PRAS40_pS183,21.9058,4.63327,4.46824,4.7983
PRAS40_pS183,22.1676,4.63327,4.46824,4.7983
PRAS40_pS183,22.4294,4.63327,4.46824,4.7983
PRAS40_pS183,22.6912,4.63327,4.46824,4.7983
PRAS40_pS183,22.953,4.63327,4.46824,4.7983
PRAS40_pS183,23.2148,4.63327,4.46824,4.7983
PRAS40_pS183,23.4766,4.63327,4.46824,4.7983
PRAS40_pS183,23.7384,4.63327,4.46824,4.7983
PRAS40_pS183,24.0003,4.63327,4.46824,4.7983
PRAS40_pS183,24.2621,4.63327,4.46824,4.7983
PRAS40_pS183,24.5239,4.63327,4.46824,4.7983
PRAS40_pS183,24.7857,4.63327,4.46824,4.7983
PRAS40_pS183,25.0475,4.63327,4.46824,4.7983
PRAS40_pS183,25.3093,4.63327,4.46824,4.7983
PRAS40_pS183,25.5711,4.63327,4.46824,4.7983
PRAS40_pS183,25.833,4.63327,4.46824,4.7983
PRAS40_pS183,26.0948,4.63327,4.46824,4.7983
PRAS40_pS183,26.3566,4.63327,4.46824,4.7983
PRAS40_pS183,26.6184,4.63327,4.46824,4.7983
PRAS40_pS183,26.8802,4.63327,4.46824,4.7983
PRAS40_pS183,27.142,4.63327,4.46824,4.7983
PRAS40_pS183,27.4038,4.63327,4.46824,4.7983
PRAS40_pS183,27.6657,4.63327,4.46824,4.7983
PRAS40_pS183,27.9275,4.60577,4.41323,4.7983
PRAS40_pS183,28.1893,4.63327,4.46824,4.7983
PRAS40_pS183,28.4511,4.63327,4.46824,4.7983
PRAS40_pS183,28.7129,4.63327,4.46824,4.7983
PRAS40_pS183,28.9747,4.63327,4.46824,4.7983
PRAS40_pS183,29.2365,4.63327,4.46824,4.7983
PRAS40_pS183,29.4983,4.63327,4.46824,4.7983
PRAS40_pS183,29.7602,4.63327,4.46824,4.7983
PRAS40_pS183,30.022,4.63327,4.46824,4.7983
PRAS40_pS183,30.2838,4.63327,4.46824,4.7983
PRAS40_pS183,30.5456,4.66078,4.52325,4.7983
PRAS40_pS183,30.8074,4.68828,4.63327,4.74329
PRAS40_pS183,31.0692,4.68828,4.63327,4.74329
PRAS40_pS183,31.331,4.68828,4.68828,4.68828
PRAS40_pS183,31.5929,4.68828,4.68828,4.68828
PRAS40_pS183,31.8547,4.68828,4.63327,4.74329
PRAS40_pS183,32.1165,4.68828,4.63327,4.74329
PRAS40_pS183,32.3783,4.68828,4.57826,4.7983
PRAS40_pS183,32.6401,4.63327,4.52325,4.74329
PRAS40_pS183,32.9019,4.60577,4.46824,4.74329
PRAS40_pS183,33.1637,4.63327,4.46824,4.7983
PRAS40_pS183,33.4255,4.63327,4.46824,4.7983
PRAS40_pS183,33.6874,4.63327,4.46824,4.7983
PRAS40_pS183,33.9492,4.63327,4.46824,4.7983
PRAS40_pS183,34.211,4.60577,4.41323,4.7983
PRAS40_pS183,34.4728,4.60577,4.41323,4.7983
PRAS40_pS183,34.7346,4.60577,4.41323,4.7983
PRAS40_pS183,34.9964,4.60577,4.41323,4.7983
PRAS40_pS183,35.2582,4.60577,4.41323,4.7983
PRAS40_pS183,35.5201,4.60577,4.41323,4.7983
PRAS40_pS183,35.7819,4.60577,4.41323,4.7983
PRAS40_pS183,36.0437,4.60577,4.41323,4.7983
PRAS40_pS183,36.3055,4.60577,4.41323,4.7983
PRAS40_pS183,36.5673,4.60577,4.41323,4.7983
PRAS40_pS183,36.8291,4.60577,4.41323,4.7983
PRAS40_pS183,37.0909,4.60577,4.41323,4.7983
PRAS40_pS183,37.3528,4.60577,4.41323,4.7983
PRAS40_pS183,37.6146,4.60577,4.41323,4.7983
PRAS40_pS183,37.8764,4.60577,4.41323,4.7983
PRAS40_pS183,38.1382,4.60577,4.41323,4.7983
PRAS40_pS183,38.4,4.60577,4.41323,4.7983
PRAS40_pS183,38.6618,4.60577,4.41323,4.7983
PRAS40_pS183,38.9236,4.60577,4.41323,4.7983
PRAS40_pS183,39.1854,4.60577,4.41323,4.7983
PRAS40_pS183,39.4473,4.60577,4.41323,4.7983
PRAS40_pS183,39.7091,4.60577,4.41323,4.7983
PRAS40_pS183,39.9709,4.60577,4.41323,4.7983
PRAS40_pS183,40.2327,4.60577,4.41323,4.7983
PRAS40_pS183,40.4945,4.60577,4.41323,4.7983
PRAS40_pS183,40.7563,4.60577,4.41323,4.7983
PRAS40_pS183,41.0181,4.60577,4.41323,4.7983
PRAS40_pS183,41.28,4.60577,4.41323,4.7983
PRAS40_pS183,41.5418,4.60577,4.41323,4.7983
PRAS40_pS183,41.8036,4.60577,4.41323,4.7983
PRAS40_pS183,42.0654,4.60577,4.41323,4.7983
PRAS40_pS183,42.3272,4.60577,4.41323,4.7983
PRAS40_pS183,42.589,4.60577,4.41323,4.7983
PRAS40_pS183,42.8508,4.60577,4.41323,4.7983
PRAS40_pS183,43.1127,4.60577,4.41323,4.7983
PRAS40_pS183,43.3745,4.60577,4.41323,4.7983
PRAS40_pS183,43.6363,4.60577,4.41323,4.7983
PRAS40_pS183,43.8981,4.60577,4.41323,4.7983
PRAS40_pS183,44.1599,4.60577,4.41323,4.7983
PRAS40_pS183,44.4217,4.60577,4.41323,4.7983
PRAS40_pS183,44.6835,4.60577,4.41323,4.7983
PRAS40_pS183,44.9453,4.63327,4.46824,4.7983
PRAS40_pS183,45.2072,4.60577,4.46824,4.74329
PRAS40_pS183,45.469,4.63327,4.46824,4.7983
PRAS40_pS183,45.7308,4.66078,4.52325,4.7983
PRAS40_pS183,45.9926,4.63327,4.52325,4.74329
PRAS40_pS183,46.2544,4.66078,4.57826,4.74329
PRAS40_pS183,46.5162,4.68828,4.63327,4.74329
PRAS40_pS183,46.778,4.68828,4.63327,4.74329
PRAS40_pS183,47.0399,4.66078,4.57826,4.74329
PRAS40_pS183,47.3017,4.66078,4.57826,4.74329
PRAS40_pS183,47.5635,4.63327,4.52325,4.74329
PRAS40_pS183,47.8253,4.63327,4.46824,4.7983
PRAS40_pS183,48.0871,4.63327,4.46824,4.7983
PRAS40_pS183,48.3489,4.60577,4.41323,4.7983
PRAS40_pS183,48.6107,4.60577,4.41323,4.7983
PRAS40_pS183,48.8725,4.60577,4.41323,4.7983
PRAS40_pS183,49.1344,4.60577,4.41323,4.7983
PRAS40_pS183,49.3962,4.60577,4.41323,4.7983
PRAS40_pS183,49.658,4.60577,4.41323,4.7983
PRAS40_pS183,49.9198,4.60577,4.41323,4.7983
PRAS40_pS183,50.1816,4.60577,4.41323,4.7983
PRAS40_pS183,50.4434,4.60577,4.41323,4.7983
PRAS40_pS183,50.7052,4.60577,4.41323,4.7983
PRAS40_pS183,50.9671,4.60577,4.41323,4.7983
PRAS40_pS183,51.2289,4.60577,4.41323,4.7983
PRAS40_pS183,51.4907,4.60577,4.41323,4.7983
PRAS40_pS183,51.7525,4.60577,4.41323,4.7983
PRAS40_pS183,52.0143,4.60577,4.41323,4.7983
PRAS40_pS183,52.2761,4.60577,4.41323,4.7983
PRAS40_pS183,52.5379,4.60577,4.41323,4.7983
PRAS40_pS183,52.7998,4.60577,4.41323,4.7983
PRAS40_pS183,53.0616,4.60577,4.41323,4.7983
PRAS40_pS183,53.3234,4.60577,4.41323,4.7983
PRAS40_pS183,53.5852,4.60577,4.41323,4.7983
PRAS40_pS183,53.847,4.60577,4.41323,4.7983
PRAS40_pS183,54.1088,4.60577,4.41323,4.7983
PRAS40_pS183,54.3706,4.60577,4.41323,4.7983
PRAS40_pS183,54.6324,4.60577,4.41323,4.7983
PRAS40_pS183,54.8943,4.60577,4.41323,4.7983
PRAS40_pS183,55.1561,4.60577,4.41323,4.7983
PRAS40_pS183,55.4179,4.60577,4.41323,4.7983
PRAS40_pS183,55.6797,4.60577,4.41323,4.7983
PRAS40_pS183,55.9415,4.60577,4.41323,4.7983
PRAS40_pS183,56.2033,4.60577,4.41323,4.7983
PRAS40_pS183,56.4651,4.60577,4.41323,4.7983
PRAS40_pS183,56.727,4.60577,4.41323,4.7983
PRAS40_pS183,56.9888,4.60577,4.41323,4.7983
PRAS40_pS183,57.2506,4.60577,4.41323,4.7983
PRAS40_pS183,57.5124,4.60577,4.41323,4.7983
PRAS40_pS183,57.7742,4.60577,4.41323,4.7983
PRAS40_pS183,58.036,4.60577,4.41323,4.7983
PRAS40_pS183,58.2978,4.60577,4.41323,4.7983
PRAS40_pS183,58.5596,4.60577,4.41323,4.7983
PRAS40_pS183,58.8215,4.60577,4.41323,4.7983
PRAS40_pS183,59.0833,4.60577,4.41323,4.7983
PRAS40_pS183,59.3451,4.60577,4.41323,4.7983
PRAS40_pS183,59.6069,4.60577,4.41323,4.7983
PRAS40_pS183,59.8687,4.63327,4.46824,4.7983
PRAS40_pS183,60.1305,4.63327,4.46824,4.7983
PRAS40_pS183,60.3923,4.63327,4.46824,4.7983
PRAS40_pS183,60.6542,4.63327,4.46824,4.7983
PRAS40_pS183,60.916,4.63327,4.46824,4.7983
PRAS40_pS183,61.1778,4.63327,4.46824,4.7983
PRAS40_pS183,61.4396,4.63327,4.46824,4.7983
PRAS40_pS183,61.7014,4.63327,4.46824,4.7983
PRAS40_pS183,61.9632,4.63327,4.46824,4.7983
PRAS40_pS183,62.225,4.63327,4.46824,4.7983
PRAS40_pS183,62.4869,4.63327,4.46824,4.7983
PRAS40_pS183,62.7487,4.63327,4.46824,4.7983
PRAS40_pS183,63.0105,4.63327,4.46824,4.7983
PRAS40_pS183,63.2723,4.63327,4.46824,4.7983
PRAS40_pS183,63.5341,4.63327,4.46824,4.7983
PRAS40_pS183,63.7959,4.60577,4.41323,4.7983
PRAS40_pS183,64.0577,4.60577,4.41323,4.7983
PRAS40_pS183,64.3195,4.60577,4.41323,4.7983
PRAS40_pS183,64.5814,4.60577,4.41323,4.7983
PRAS40_pS183,64.8432,4.60577,4.41323,4.7983
PRAS40_pS183,65.105,4.60577,4.41323,4.7983
PRAS40_pS183,65.3668,4.60577,4.41323,4.7983
PRAS40_pS183,65.6286,4.60577,4.41323,4.7983
PRAS40_pS183,65.8904,4.60577,4.41323,4.7983
PRAS40_pS183,66.1522,4.60577,4.41323,4.7983
PRAS40_pS183,66.4141,4.60577,4.41323,4.7983
PRAS40_pS183,66.6759,4.60577,4.41323,4.7983
PRAS40_pS183,66.9377,4.60577,4.41323,4.7983
PRAS40_pS183,67.1995,4.60577,4.41323,4.7983
PRAS40_pS183,67.4613,4.60577,4.41323,4.7983
PRAS40_pS183,67.7231,4.60577,4.41323,4.7983
PRAS40_pS183,67.9849,4.60577,4.41323,4.7983
PRAS40_pS183,68.2467,4.60577,4.41323,4.7983
PRAS40_pS183,68.5086,4.60577,4.41323,4.7983
PRAS40_pS183,68.7704,4.60577,4.41323,4.7983
PRAS40_pS183,69.0322,4.60577,4.41323,4.7983
PRAS40_pS183,69.294,4.60577,4.41323,4.7983
PRAS40_pS183,69.5558,4.60577,4.41323,4.7983
PRAS40_pS183,69.8176,4.60577,4.41323,4.7983
PRAS40_pS183,70.0794,4.60577,4.41323,4.7983
PRAS40_pS183,70.3413,4.60577,4.41323,4.7983
PRAS40_pS183,70.6031,4.60577,4.41323,4.7983
PRAS40_pS183,70.8649,4.60577,4.41323,4.7983
PRAS40_pS183,71.1267,4.60577,4.41323,4.7983
PRAS40_pS183,71.3885,4.60577,4.41323,4.7983
PRAS40_pS183,71.6503,4.60577,4.41323,4.7983
PRAS40_pS183,71.9121,4.60577,4.41323,4.7983
PRAS40_pS183,72.174,4.60577,4.41323,4.7983
PRAS40_pS183,72.4358,4.60577,4.41323,4.7983
PRAS40_pS183,72.6976,4.60577,4.41323,4.7983
PRAS40_pS183,72.9594,4.60577,4.41323,4.7983
PRAS40_pS183,73.2212,4.60577,4.41323,4.7983
PRAS40_pS183,73.483,4.60577,4.41323,4.7983
PRAS40_pS183,73.7448,4.60577,4.41323,4.7983
PRAS40_pS183,74.0066,4.60577,4.41323,4.7983
PRAS40_pS183,74.2685,4.60577,4.41323,4.7983
PRAS40_pS183,74.5303,4.60577,4.41323,4.7983
PRAS40_pS183,74.7921,4.60577,4.41323,4.7983
PRAS40_pS183,75.0539,4.60577,4.41323,4.7983
PRAS40_pS183,75.3157,4.60577,4.41323,4.7983
PRAS40_pS183,75.5775,4.60577,4.41323,4.7983
PRAS40_pS183,75.8393,4.60577,4.41323,4.7983
PRAS40_pS183,76.1012,4.60577,4.41323,4.7983
PRAS40_pS183,76.363,4.60577,4.41323,4.7983
PRAS40_pS183,76.6248,4.60577,4.41323,4.7983
PRAS40_pS183,76.8866,4.60577,4.41323,4.7983
PRAS40_pS183,77.1484,4.60577,4.41323,4.7983
PRAS40_pS183,77.4102,4.60577,4.41323,4.7983
PRAS40_pS183,77.672,4.60577,4.41323,4.7983
PRAS40_pS183,77.9339,4.60577,4.41323,4.7983
PRAS40_pS183,78.1957,4.60577,4.41323,4.7983
PRAS40_pS183,78.4575,4.60577,4.41323,4.7983
PRAS40_pS183,78.7193,4.60577,4.41323,4.7983
PRAS40_pS183,78.9811,4.60577,4.41323,4.7983
PRAS40_pS183,79.2429,4.60577,4.41323,4.7983
PRAS40_pS183,79.5047,4.60577,4.41323,4.7983
PRAS40_pS183,79.7665,4.60577,4.41323,4.7983
PRAS40_pS183,80.0284,4.60577,4.41323,4.7983
PRAS40_pS183,80.2902,4.60577,4.41323,4.7983
PRAS40_pS183,80.552,4.60577,4.41323,4.7983
PRAS40_pS183,80.8138,4.60577,4.41323,4.7983
PRAS40_pS183,81.0756,4.60577,4.41323,4.7983
PRAS40_pS183,81.3374,4.60577,4.41323,4.7983
PRAS40_pS183,81.5992,4.60577,4.41323,4.7983
PRAS40_pS183,81.8611,4.60577,4.41323,4.7983
PRAS40_pS183,82.1229,4.60577,4.41323,4.7983
PRAS40_pS183,82.3847,4.60577,4.41323,4.7983
PRAS40_pS183,82.6465,4.60577,4.41323,4.7983
PRAS40_pS183,82.9083,4.60577,4.41323,4.7983
PRAS40_pS183,83.1701,4.60577,4.41323,4.7983
PRAS40_pS183,83.4319,4.60577,4.41323,4.7983
PRAS40_pS183,83.6937,4.60577,4.41323,4.7983
PRAS40_pS183,83.9556,4.60577,4.41323,4.7983
PRAS40_pS183,84.2174,4.60577,4.41323,4.7983
PRAS40_pS183,84.4792,4.60577,4.41323,4.7983
PRAS40_pS183,84.741,4.60577,4.41323,4.7983
PRAS40_pS183,85.0028,4.60577,4.41323,4.7983
PRAS40_pS183,85.2646,4.60577,4.41323,4.7983
PRAS40_pS183,85.5264,4.60577,4.41323,4.7983
PRAS40_pS183,85.7883,4.60577,4.41323,4.7983
PRAS40_pS183,86.0501,4.60577,4.41323,4.7983
PRAS40_pS183,86.3119,4.60577,4.41323,4.7983
PRAS40_pS183,86.5737,4.60577,4.41323,4.7983
PRAS40_pS183,86.8355,4.60577,4.41323,4.7983
PRAS40_pS183,87.0973,4.60577,4.41323,4.7983
PRAS40_pS183,87.3591,4.60577,4.41323,4.7983
PRAS40_pS183,87.621,4.60577,4.41323,4.7983
PRAS40_pS183,87.8828,4.60577,4.41323,4.7983
PRAS40_pS183,88.1446,4.60577,4.41323,4.7983
PRAS40_pS183,88.4064,4.60577,4.41323,4.7983
PRAS40_pS183,88.6682,4.60577,4.41323,4.7983
PRAS40_pS183,88.93,4.60577,4.41323,4.7983
PRAS40_pS183,89.1918,4.60577,4.41323,4.7983
PRAS40_pS183,89.4536,4.60577,4.41323,4.7983
PRAS40_pS183,89.7155,4.60577,4.41323,4.7983
PRAS40_pS183,89.9773,4.60577,4.41323,4.7983
PRAS40_pS183,90.2391,4.60577,4.41323,4.7983
PRAS40_pS183,90.5009,4.60577,4.41323,4.7983
PRAS40_pS183,90.7627,4.60577,4.41323,4.7983
PRAS40_pS183,91.0245,4.60577,4.41323,4.7983
PRAS40_pS183,91.2863,4.60577,4.41323,4.7983
PRAS40_pS183,91.5482,4.60577,4.41323,4.7983
PRAS40_pS183,91.81,4.60577,4.41323,4.7983
PRAS40_pS183,92.0718,4.60577,4.41323,4.7983
PRAS40_pS183,92.3336,4.60577,4.41323,4.7983
PRAS40_pS183,92.5954,4.60577,4.41323,4.7983
PRAS40_pS183,92.8572,4.60577,4.41323,4.7983
PRAS40_pS183,93.119,4.60577,4.41323,4.7983
PRAS40_pS183,93.3808,4.60577,4.41323,4.7983
PRAS40_pS183,93.6427,4.60577,4.41323,4.7983
PRAS40_pS183,93.9045,4.60577,4.41323,4.7983
PRAS40_pS183,94.1663,4.60577,4.41323,4.7983
PRAS40_pS183,94.4281,4.60577,4.41323,4.7983
PRAS40_pS183,94.6899,4.60577,4.41323,4.7983
PRAS40_pS183,94.9517,4.60577,4.41323,4.7983
PRAS40_pS183,95.2135,4.60577,4.41323,4.7983
PRAS40_pS183,95.4754,4.60577,4.41323,4.7983
PRAS40_pS183,95.7372,4.60577,4.41323,4.7983
PRAS40_pS183,95.999,4.60577,4.41323,4.7983
PRAS40_pS183,96.2608,4.60577,4.41323,4.7983
PRAS40_pS183,96.5226,4.60577,4.41323,4.7983
PRAS40_pS183,96.7844,4.60577,4.41323,4.7983
PRAS40_pS183,97.0462,4.60577,4.41323,4.7983
PRAS40_pS183,97.3081,4.60577,4.41323,4.7983
PRAS40_pS183,97.5699,4.60577,4.41323,4.7983
PRAS40_pS183,97.8317,4.60577,4.41323,4.7983
PRAS40_pS183,98.0935,4.60577,4.41323,4.7983
PRAS40_pS183,98.3553,4.60577,4.41323,4.7983
PRAS40_pS183,98.6171,4.60577,4.41323,4.7983
PRAS40_pS183,98.8789,4.60577,4.41323,4.7983
PRAS40_pS183,99.1407,4.60577,4.41323,4.7983
PRAS40_pS183,99.4026,4.60577,4.41323,4.7983
PRAS40_pS183,99.6644,4.60577,4.41323,4.7983
PRAS40_pS183,99.9262,4.60577,4.41323,4.7983
PRAS40_pS183,100.188,4.60577,4.41323,4.7983
PRAS40_pS183,100.45,4.60577,4.41323,4.7983
PRAS40_pS183,100.712,4.60577,4.41323,4.7983
PRAS40_pS183,100.973,4.60577,4.41323,4.7983
PRAS40_pS183,101.235,4.60577,4.41323,4.7983
PRAS40_pS183,101.497,4.60577,4.41323,4.7983
PRAS40_pS183,101.759,4.60577,4.41323,4.7983
PRAS40_pS183,102.021,4.60577,4.41323,4.7983
PRAS40_pS183,102.283,4.60577,4.41323,4.7983
PRAS40_pS183,102.544,4.60577,4.41323,4.7983
PRAS40_pS183,102.806,4.60577,4.41323,4.7983
PRAS40_pS183,103.068,4.60577,4.41323,4.7983
PRAS40_pS183,103.33,4.60577,4.41323,4.7983
PRAS40_pS183,103.592,4.60577,4.41323,4.7983
PRAS40_pS183,103.853,4.60577,4.41323,4.7983
PRAS40_pS183,104.115,4.60577,4.41323,4.7983
PRAS40_pS183,104.377,4.60577,4.41323,4.7983
PRAS40_pS183,104.639,4.60577,4.41323,4.7983
PRAS40_pS183,104.901,4.60577,4.41323,4.7983
PRAS40_pS183,105.162,4.60577,4.41323,4.7983
PRAS40_pS183,105.424,4.60577,4.41323,4.7983
PRAS40_pS183,105.686,4.60577,4.41323,4.7983
PRAS40_pS183,105.948,4.60577,4.41323,4.7983
PRAS40_pS183,106.21,4.60577,4.41323,4.7983
PRAS40_pS183,106.472,4.60577,4.41323,4.7983
PRAS40_pS183,106.733,4.60577,4.41323,4.7983
PRAS40_pS183,106.995,4.60577,4.41323,4.7983
PRAS40_pS183,107.257,4.60577,4.41323,4.7983
PRAS40_pS183,107.519,4.60577,4.41323,4.7983
PRAS40_pS183,107.781,4.60577,4.41323,4.7983
PRAS40_pS183,108.042,4.60577,4.41323,4.7983
PRAS40_pS183,108.304,4.60577,4.41323,4.7983
PRAS40_pS183,108.566,4.60577,4.41323,4.7983
PRAS40_pS183,108.828,4.60577,4.41323,4.7983
PRAS40_pS183,109.09,4.60577,4.41323,4.7983
PRAS40_pS183,109.351,4.60577,4.41323,4.7983
PRAS40_pS183,109.613,4.60577,4.41323,4.7983
PRAS40_pS183,109.875,4.60577,4.41323,4.7983
PRAS40_pS183,110.137,4.60577,4.41323,4.7983
PRAS40_pS183,110.399,4.60577,4.41323,4.7983
PRAS40_pS183,110.661,4.60577,4.41323,4.7983
PRAS40_pS183,110.922,4.60577,4.41323,4.7983
PRAS40_pS183,111.184,4.60577,4.41323,4.7983
PRAS40_pS183,111.446,4.60577,4.41323,4.7983
PRAS40_pS183,111.708,4.60577,4.41323,4.7983
PRAS40_pS183,111.97,4.60577,4.41323,4.7983
PRAS40_pS183,112.231,4.60577,4.41323,4.7983
PRAS40_pS183,112.493,4.60577,4.41323,4.7983
PRAS40_pS183,112.755,4.60577,4.41323,4.7983
PRAS40_pS183,113.017,4.60577,4.41323,4.7983
PRAS40_pS183,113.279,4.60577,4.41323,4.7983
PRAS40_pS183,113.54,4.60577,4.41323,4.7983
PRAS40_pS183,113.802,4.60577,4.41323,4.7983
PRAS40_pS183,114.064,4.60577,4.41323,4.7983
PRAS40_pS183,114.326,4.60577,4.41323,4.7983
PRAS40_pS183,114.588,4.60577,4.41323,4.7983
PRAS40_pS183,114.85,4.60577,4.41323,4.7983
PRAS40_pS183,115.111,4.60577,4.41323,4.7983
PRAS40_pS183,115.373,4.60577,4.41323,4.7983
PRAS40_pS183,115.635,4.60577,4.41323,4.7983
PRAS40_pS183,115.897,4.60577,4.41323,4.7983
PRAS40_pS183,116.159,4.60577,4.41323,4.7983
PRAS40_pS183,116.42,4.60577,4.41323,4.7983
PRAS40_pS183,116.682,4.60577,4.41323,4.7983
PRAS40_pS183,116.944,4.60577,4.41323,4.7983
PRAS40_pS183,117.206,4.60577,4.41323,4.7983
PRAS40_pS183,117.468,4.60577,4.41323,4.7983
PRAS40_pS183,117.73,4.60577,4.41323,4.7983
PRAS40_pS183,117.991,4.60577,4.41323,4.7983
PRAS40_pS183,118.253,4.60577,4.41323,4.7983
PRAS40_pS183,118.515,4.60577,4.41323,4.7983
PRAS40_pS183,118.777,4.60577,4.41323,4.7983
PRAS40_pS183,119.039,4.60577,4.41323,4.7983
PRAS40_pS183,119.3,4.60577,4.41323,4.7983
PRAS40_pS183,119.562,4.60577,4.41323,4.7983
PRAS40_pS183,119.824,4.60577,4.41323,4.7983
PRAS40_pS183,120,4.60577,4.41323,4.7983
PRAS40_pS183,120,4.60577,4.41323,4.7983
S6K_pT389,1.74611,-0.754693,-0.858814,-0.650573
S6K_pT389,2.00793,-0.442332,-0.858814,-0.0258494
S6K_pT389,2.26974,-0.23409,-0.858814,0.390633
S6K_pT389,2.53155,-0.12997,-0.650573,0.390633
S6K_pT389,2.79337,-0.0258494,-0.650573,0.598874
S6K_pT389,3.05518,0.0782712,-0.442332,0.598874
S6K_pT389,3.31699,0.598874,-0.0258494,1.2236
S6K_pT389,3.57881,1.01536,0.390633,1.64008
S6K_pT389,3.84062,1.11948,0.598874,1.64008
S6K_pT389,4.10243,1.2236,0.598874,1.84832
S6K_pT389,4.36425,1.2236,0.598874,1.84832
S6K_pT389,4.62606,1.32772,0.807115,1.84832
S6K_pT389,4.88787,1.32772,0.807115,1.84832
S6K_pT389,5.14969,1.32772,0.807115,1.84832
S6K_pT389,5.4115,1.32772,0.807115,1.84832
S6K_pT389,5.67332,1.32772,0.807115,1.84832
S6K_pT389,5.93513,1.43184,1.01536,1.84832
S6K_pT389,6.19694,1.84832,1.64008,2.05656
S6K_pT389,6.45876,2.2648,2.05656,2.47304
S6K_pT389,6.72057,2.47304,2.05656,2.88953
S6K_pT389,6.98238,2.57716,2.05656,3.09777
S6K_pT389,7.2442,2.78541,2.05656,3.51425
S6K_pT389,7.50601,2.99365,2.05656,3.93073
S6K_pT389,7.76782,3.20189,2.2648,4.13897
S6K_pT389,8.02964,3.30601,2.2648,4.34721
S6K_pT389,8.29145,3.51425,2.47304,4.55545
S6K_pT389,8.55326,3.61837,2.47304,4.7637
S6K_pT389,8.81508,3.72249,2.68128,4.7637
S6K_pT389,9.07689,3.93073,2.88953,4.97194
S6K_pT389,9.3387,4.03485,3.09777,4.97194
S6K_pT389,9.60052,4.24309,3.30601,5.18018
S6K_pT389,9.86233,4.34721,3.51425,5.18018
S6K_pT389,10.1241,4.45133,3.72249,5.18018
S6K_pT389,10.386,4.65957,3.93073,5.38842
S6K_pT389,10.6478,4.7637,4.13897,5.38842
S6K_pT389,10.9096,4.7637,4.13897,5.38842
S6K_pT389,11.1714,4.86782,4.13897,5.59666
S6K_pT389,11.4332,4.97194,4.34721,5.59666
S6K_pT389,11.695,5.2843,4.55545,6.01314
S6K_pT389,11.9568,5.59666,4.7637,6.42962
S6K_pT389,12.2187,5.8049,4.97194,6.63786
S6K_pT389,12.4805,5.90902,4.97194,6.84611
S6K_pT389,12.7423,6.11726,5.18018,7.05435
S6K_pT389,13.0041,6.11726,5.18018,7.05435
S6K_pT389,13.2659,6.22138,5.38842,7.05435
S6K_pT389,13.5277,6.22138,5.38842,7.05435
S6K_pT389,13.7895,6.53374,5.59666,7.47083
S6K_pT389,14.0513,6.63786,5.8049,7.47083
S6K_pT389,14.3132,6.74199,5.8049,7.67907
S6K_pT389,14.575,6.84611,6.01314,7.67907
S6K_pT389,14.8368,6.84611,6.01314,7.67907
S6K_pT389,15.0986,6.84611,6.01314,7.67907
S6K_pT389,15.3604,6.84611,6.01314,7.67907
S6K_pT389,15.6222,6.95023,6.22138,7.67907
S6K_pT389,15.884,6.95023,6.22138,7.67907
S6K_pT389,16.1459,6.95023,6.22138,7.67907
S6K_pT389,16.4077,6.95023,6.22138,7.67907
S6K_pT389,16.6695,7.15847,6.42962,7.88731
S6K_pT389,16.9313,7.15847,6.42962,7.88731
S6K_pT389,17.1931,7.15847,6.42962,7.88731
S6K_pT389,17.4549,7.15847,6.42962,7.88731
S6K_pT389,17.7167,7.15847,6.42962,7.88731
S6K_pT389,17.9786,7.26259,6.42962,8.09555
S6K_pT389,18.2404,7.26259,6.42962,8.09555
S6K_pT389,18.5022,7.26259,6.42962,8.09555
S6K_pT389,18.764,7.26259,6.42962,8.09555
S6K_pT389,19.0258,7.26259,6.42962,8.09555
S6K_pT389,19.2876,7.26259,6.42962,8.09555
S6K_pT389,19.5494,7.26259,6.42962,8.09555
S6K_pT389,19.8112,7.26259,6.42962,8.09555
S6K_pT389,20.0731,7.26259,6.42962,8.09555
S6K_pT389,20.3349,7.26259,6.42962,8.09555
S6K_pT389,20.5967,7.26259,6.42962,8.09555
S6K_pT389,20.8585,7.26259,6.42962,8.09555
S6K_pT389,21.1203,7.26259,6.42962,8.09555
S6K_pT389,21.3821,7.26259,6.42962,8.09555
S6K_pT389,21.6439,7.26259,6.42962,8.09555
S6K_pT389,21.9058,7.26259,6.42962,8.09555
S6K_pT389,22.1676,7.26259,6.42962,8.09555
S6K_pT389,22.4294,7.26259,6.42962,8.09555
S6K_pT389,22.6912,7.26259,6.42962,8.09555
S6K_pT389,22.953,7.26259,6.42962,8.09555
S6K_pT389,23.2148,7.26259,6.42962,8.09555
S6K_pT389,23.4766,7.26259,6.42962,8.09555
S6K_pT389,23.7384,7.26259,6.42962,8.09555
S6K_pT389,24.0003,7.26259,6.42962,8.09555
S6K_pT389,24.2621,7.26259,6.42962,8.09555
S6K_pT389,24.5239,7.26259,6.42962,8.09555
S6K_pT389,24.7857,7.26259,6.42962,8.09555
S6K_pT389,25.0475,7.26259,6.42962,8.09555
S6K_pT389,25.3093,7.26259,6.42962,8.09555
S6K_pT389,25.5711,7.26259,6.42962,8.09555
S6K_pT389,25.833,7.26259,6.42962,8.09555
S6K_pT389,26.0948,7.26259,6.42962,8.09555
S6K_pT389,26.3566,7.15847,6.42962,7.88731
S6K_pT389,26.6184,7.15847,6.42962,7.88731
S6K_pT389,26.8802,7.15847,6.42962,7.88731
S6K_pT389,27.142,7.15847,6.42962,7.88731
S6K_pT389,27.4038,7.15847,6.42962,7.88731
S6K_pT389,27.6657,7.05435,6.42962,7.67907
S6K_pT389,27.9275,7.05435,6.42962,7.67907
S6K_pT389,28.1893,6.95023,6.22138,7.67907
S6K_pT389,28.4511,6.95023,6.22138,7.67907
S6K_pT389,28.7129,6.95023,6.22138,7.67907
S6K_pT389,28.9747,6.95023,6.22138,7.67907
S6K_pT389,29.2365,6.95023,6.22138,7.67907
S6K_pT389,29.4983,6.95023,6.22138,7.67907
S6K_pT389,29.7602,6.95023,6.22138,7.67907
S6K_pT389,30.022,6.95023,6.22138,7.67907
S6K_pT389,30.2838,6.95023,6.22138,7.67907
S6K_pT389,30.5456,6.95023,6.22138,7.67907
S6K_pT389,30.8074,6.95023,6.22138,7.67907
S6K_pT389,31.0692,6.84611,6.01314,7.67907
S6K_pT389,31.331,6.84611,6.01314,7.67907
S6K_pT389,31.5929,6.84611,6.01314,7.67907
S6K_pT389,31.8547,6.84611,6.01314,7.67907
S6K_pT389,32.1165,6.84611,6.01314,7.67907
S6K_pT389,32.3783,6.84611,6.01314,7.67907
S6K_pT389,32.6401,6.84611,6.01314,7.67907
S6K_pT389,32.9019,6.84611,6.01314,7.67907
S6K_pT389,33.1637,6.84611,6.01314,7.67907
S6K_pT389,33.4255,6.84611,6.01314,7.67907
S6K_pT389,33.6874,6.84611,6.01314,7.67907
S6K_pT389,33.9492,6.84611,6.01314,7.67907
S6K_pT389,34.211,6.84611,6.01314,7.67907
S6K_pT389,34.4728,6.84611,6.01314,7.67907
S6K_pT389,34.7346,6.84611,6.01314,7.67907
S6K_pT389,34.9964,6.84611,6.01314,7.67907
S6K_pT389,35.2582,6.84611,6.01314,7.67907
S6K_pT389,35.5201,6.84611,6.01314,7.67907
S6K_pT389,35.7819,6.84611,6.01314,7.67907
S6K_pT389,36.0437,6.84611,6.01314,7.67907
S6K_pT389,36.3055,6.84611,6.01314,7.67907
S6K_pT389,36.5673,6.84611,6.01314,7.67907
S6K_pT389,36.8291,6.84611,6.01314,7.67907
S6K_pT389,37.0909,6.84611,6.01314,7.67907
S6K_pT389,37.3528,6.84611,6.01314,7.67907
S6K_pT389,37.6146,6.84611,6.01314,7.67907
S6K_pT389,37.8764,6.84611,6.01314,7.67907
S6K_pT389,38.1382,6.84611,6.01314,7.67907
S6K_pT389,38.4,6.84611,6.01314,7.67907
S6K_pT389,38.6618,6.84611,6.01314,7.67907
S6K_pT389,38.9236,6.84611,6.01314,7.67907
S6K_pT389,39.1854,6.84611,6.01314,7.67907
S6K_pT389,39.4473,6.84611,6.01314,7.67907
S6K_pT389,39.7091,6.84611,6.01314,7.67907
S6K_pT389,39.9709,6.84611,6.01314,7.67907
S6K_pT389,40.2327,6.84611,6.01314,7.67907
S6K_pT389,40.4945,6.84611,6.01314,7.67907
S6K_pT389,40.7563,6.84611,6.01314,7.67907
S6K_pT389,41.0181,6.74199,6.01314,7.47083
S6K_pT389,41.28,6.74199,6.01314,7.47083
S6K_pT389,41.5418,6.63786,5.8049,7.47083
S6K_pT389,41.8036,6.63786,5.8049,7.47083
S6K_pT389,42.0654,6.63786,5.8049,7.47083
S6K_pT389,42.3272,6.63786,5.8049,7.47083
S6K_pT389,42.589,6.63786,5.8049,7.47083
S6K_pT389,42.8508,6.63786,5.8049,7.47083
S6K_pT389,43.1127,6.63786,5.8049,7.47083
S6K_pT389,43.3745,6.63786,5.8049,7.47083
S6K_pT389,43.6363,6.63786,5.8049,7.47083
S6K_pT389,43.8981,6.63786,5.8049,7.47083
S6K_pT389,44.1599,6.63786,5.8049,7.47083
S6K_pT389,44.4217,6.63786,5.8049,7.47083
S6K_pT389,44.6835,6.63786,5.8049,7.47083
S6K_pT389,44.9453,6.63786,5.8049,7.47083
S6K_pT389,45.2072,6.63786,5.8049,7.47083
S6K_pT389,45.469,6.63786,5.8049,7.47083
S6K_pT389,45.7308,6.63786,5.8049,7.47083
S6K_pT389,45.9926,6.63786,5.8049,7.47083
S6K_pT389,46.2544,6.63786,5.8049,7.47083
S6K_pT389,46.5162,6.63786,5.8049,7.47083
S6K_pT389,46.778,6.63786,5.8049,7.47083
S6K_pT389,47.0399,6.63786,5.8049,7.47083
S6K_pT389,47.3017,6.63786,5.8049,7.47083
S6K_pT389,47.5635,6.63786,5.8049,7.47083
S6K_pT389,47.8253,6.63786,5.8049,7.47083
S6K_pT389,48.0871,6.53374,5.8049,7.26259
S6K_pT389,48.3489,6.53374,5.8049,7.26259
S6K_pT389,48.6107,6.42962,5.59666,7.26259
S6K_pT389,48.8725,6.42962,5.59666,7.26259
S6K_pT389,49.1344,6.42962,5.59666,7.26259
S6K_pT389,49.3962,6.42962,5.59666,7.26259
S6K_pT389,49.658,6.42962,5.59666,7.26259
S6K_pT389,49.9198,6.42962,5.59666,7.26259
S6K_pT389,50.1816,6.42962,5.59666,7.26259
S6K_pT389,50.4434,6.42962,5.59666,7.26259
S6K_pT389,50.7052,6.42962,5.59666,7.26259
S6K_pT389,50.9671,6.42962,5.59666,7.26259
S6K_pT389,51.2289,6.42962,5.59666,7.26259
S6K_pT389,51.4907,6.42962,5.59666,7.26259
S6K_pT389,51.7525,6.42962,5.59666,7.26259
S6K_pT389,52.0143,6.42962,5.59666,7.26259
S6K_pT389,52.2761,6.42962,5.59666,7.26259
S6K_pT389,52.5379,6.42962,5.59666,7.26259
S6K_pT389,52.7998,6.42962,5.59666,7.26259
S6K_pT389,53.0616,6.42962,5.59666,7.26259
S6K_pT389,53.3234,6.42962,5.59666,7.26259
S6K_pT389,53.5852,6.42962,5.59666,7.26259
S6K_pT389,53.847,6.42962,5.59666,7.26259
S6K_pT389,54.1088,6.42962,5.59666,7.26259
S6K_pT389,54.3706,6.3255,5.59666,7.05435
S6K_pT389,54.6324,6.3255,5.59666,7.05435
S6K_pT389,54.8943,6.3255,5.59666,7.05435
S6K_pT389,55.1561,6.3255,5.59666,7.05435
S6K_pT389,55.4179,6.3255,5.59666,7.05435
S6K_pT389,55.6797,6.3255,5.59666,7.05435
S6K_pT389,55.9415,6.3255,5.59666,7.05435
S6K_pT389,56.2033,6.3255,5.59666,7.05435
S6K_pT389,56.4651,6.3255,5.59666,7.05435
S6K_pT389,56.727,6.3255,5.59666,7.05435
S6K_pT389,56.9888,6.3255,5.59666,7.05435
S6K_pT389,57.2506,6.3255,5.59666,7.05435
S6K_pT389,57.5124,6.3255,5.59666,7.05435
S6K_pT389,57.7742,6.3255,5.59666,7.05435
S6K_pT389,58.036,6.3255,5.59666,7.05435
S6K_pT389,58.2978,6.22138,5.38842,7.05435
S6K_pT389,58.5596,6.22138,5.38842,7.05435
S6K_pT389,58.8215,6.22138,5.38842,7.05435
S6K_pT389,59.0833,6.22138,5.38842,7.05435
S6K_pT389,59.3451,6.22138,5.38842,7.05435
S6K_pT389,59.6069,6.22138,5.38842,7.05435
S6K_pT389,59.8687,6.22138,5.38842,7.05435
S6K_pT389,60.1305,6.22138,5.38842,7.05435
S6K_pT389,60.3923,6.22138,5.38842,7.05435
S6K_pT389,60.6542,6.22138,5.38842,7.05435
S6K_pT389,60.916,6.22138,5.38842,7.05435
S6K_pT389,61.1778,6.22138,5.38842,7.05435
S6K_pT389,61.4396,6.22138,5.38842,7.05435
S6K_pT389,61.7014,6.22138,5.38842,7.05435
S6K_pT389,61.9632,6.22138,5.38842,7.05435
S6K_pT389,62.225,6.22138,5.38842,7.05435
S6K_pT389,62.4869,6.22138,5.38842,7.05435
S6K_pT389,62.7487,6.22138,5.38842,7.05435
S6K_pT389,63.0105,6.22138,5.38842,7.05435
S6K_pT389,63.2723,6.22138,5.38842,7.05435
S6K_pT389,63.5341,6.22138,5.38842,7.05435
S6K_pT389,63.7959,6.22138,5.38842,7.05435
S6K_pT389,64.0577,6.22138,5.38842,7.05435
S6K_pT389,64.3195,6.22138,5.38842,7.05435
S6K_pT389,64.5814,6.22138,5.38842,7.05435
S6K_pT389,64.8432,6.22138,5.38842,7.05435
S6K_pT389,65.105,6.22138,5.38842,7.05435
S6K_pT389,65.3668,6.22138,5.38842,7.05435
S6K_pT389,65.6286,6.22138,5.38842,7.05435
S6K_pT389,65.8904,6.22138,5.38842,7.05435
S6K_pT389,66.1522,6.22138,5.38842,7.05435
S6K_pT389,66.4141,6.22138,5.38842,7.05435
S6K_pT389,66.6759,6.22138,5.38842,7.05435
S6K_pT389,66.9377,6.22138,5.38842,7.05435
S6K_pT389,67.1995,6.22138,5.38842,7.05435
S6K_pT389,67.4613,6.22138,5.38842,7.05435
S6K_pT389,67.7231,6.22138,5.38842,7.05435
S6K_pT389,67.9849,6.22138,5.38842,7.05435
S6K_pT389,68.2467,6.22138,5.38842,7.05435
S6K_pT389,68.5086,6.22138,5.38842,7.05435
S6K_pT389,68.7704,6.22138,5.38842,7.05435
S6K_pT389,69.0322,6.22138,5.38842,7.05435
S6K_pT389,69.294,6.22138,5.38842,7.05435
S6K_pT389,69.5558,6.22138,5.38842,7.05435
S6K_pT389,69.8176,6.22138,5.38842,7.05435
S6K_pT389,70.0794,6.22138,5.38842,7.05435
S6K_pT389,70.3413,6.22138,5.38842,7.05435
S6K_pT389,70.6031,6.22138,5.38842,7.05435
S6K_pT389,70.8649,6.22138,5.38842,7.05435
S6K_pT389,71.1267,6.22138,5.38842,7.05435
S6K_pT389,71.3885,6.22138,5.38842,7.05435
S6K_pT389,71.6503,6.22138,5.38842,7.05435
S6K_pT389,71.9121,6.22138,5.38842,7.05435
S6K_pT389,72.174,6.22138,5.38842,7.05435
S6K_pT389,72.4358,6.22138,5.38842,7.05435
S6K_pT389,72.6976,6.22138,5.38842,7.05435
S6K_pT389,72.9594,6.22138,5.38842,7.05435
S6K_pT389,73.2212,6.22138,5.38842,7.05435
S6K_pT389,73.483,6.22138,5.38842,7.05435
S6K_pT389,73.7448,6.22138,5.38842,7.05435
S6K_pT389,74.0066,6.22138,5.38842,7.05435
S6K_pT389,74.2685,6.22138,5.38842,7.05435
S6K_pT389,74.5303,6.22138,5.38842,7.05435
S6K_pT389,74.7921,6.22138,5.38842,7.05435
S6K_pT389,75.0539,6.22138,5.38842,7.05435
S6K_pT389,75.3157,6.22138,5.38842,7.05435
S6K_pT389,75.5775,6.22138,5.38842,7.05435
S6K_pT389,75.8393,6.22138,5.38842,7.05435
S6K_pT389,76.1012,6.22138,5.38842,7.05435
S6K_pT389,76.363,6.22138,5.38842,7.05435
S6K_pT389,76.6248,6.22138,5.38842,7.05435
S6K_pT389,76.8866,6.22138,5.38842,7.05435
S6K_pT389,77.1484,6.22138,5.38842,7.05435
S6K_pT389,77.4102,6.22138,5.38842,7.05435
S6K_pT389,77.672,6.22138,5.38842,7.05435
S6K_pT389,77.9339,6.22138,5.38842,7.05435
S6K_pT389,78.1957,6.22138,5.38842,7.05435
S6K_pT389,78.4575,6.22138,5.38842,7.05435
S6K_pT389,78.7193,6.22138,5.38842,7.05435
S6K_pT389,78.9811,6.22138,5.38842,7.05435
S6K_pT389,79.2429,6.22138,5.38842,7.05435
S6K_pT389,79.5047,6.22138,5.38842,7.05435
S6K_pT389,79.7665,6.22138,5.38842,7.05435
S6K_pT389,80.0284,6.22138,5.38842,7.05435
S6K_pT389,80.2902,6.22138,5.38842,7.05435
S6K_pT389,80.552,6.22138,5.38842,7.05435
S6K_pT389,80.8138,6.22138,5.38842,7.05435
S6K_pT389,81.0756,6.22138,5.38842,7.05435
S6K_pT389,81.3374,6.22138,5.38842,7.05435
S6K_pT389,81.5992,6.22138,5.38842,7.05435
S6K_pT389,81.8611,6.22138,5.38842,7.05435
S6K_pT389,82.1229,6.22138,5.38842,7.05435
S6K_pT389,82.3847,6.22138,5.38842,7.05435
S6K_pT389,82.6465,6.22138,5.38842,7.05435
S6K_pT389,82.9083,6.22138,5.38842,7.05435
S6K_pT389,83.1701,6.22138,5.38842,7.05435
S6K_pT389,83.4319,6.22138,5.38842,7.05435
S6K_pT389,83.6937,6.22138,5.38842,7.05435
S6K_pT389,83.9556,6.22138,5.38842,7.05435
S6K_pT389,84.2174,6.22138,5.38842,7.05435
S6K_pT389,84.4792,6.22138,5.38842,7.05435
S6K_pT389,84.741,6.22138,5.38842,7.05435
S6K_pT389,85.0028,6.22138,5.38842,7.05435
S6K_pT389,85.2646,6.22138,5.38842,7.05435
S6K_pT389,85.5264,6.22138,5.38842,7.05435
S6K_pT389,85.7883,6.22138,5.38842,7.05435
S6K_pT389,86.0501,6.22138,5.38842,7.05435
S6K_pT389,86.3119,6.22138,5.38842,7.05435
S6K_pT389,86.5737,6.22138,5.38842,7.05435
S6K_pT389,86.8355,6.22138,5.38842,7.05435
S6K_pT389,87.0973,6.22138,5.38842,7.05435
S6K_pT389,87.3591,6.22138,5.38842,7.05435
S6K_pT389,87.621,6.22138,5.38842,7.05435
S6K_pT389,87.8828,6.22138,5.38842,7.05435
S6K_pT389,88.1446,6.22138,5.38842,7.05435
S6K_pT389,88.4064,6.22138,5.38842,7.05435
S6K_pT389,88.6682,6.22138,5.38842,7.05435
S6K_pT389,88.93,6.22138,5.38842,7.05435
S6K_pT389,89.1918,6.22138,5.38842,7.05435
S6K_pT389,89.4536,6.22138,5.38842,7.05435
S6K_pT389,89.7155,6.22138,5.38842,7.05435
S6K_pT389,89.9773,6.22138,5.38842,7.05435
S6K_pT389,90.2391,6.22138,5.38842,7.05435
S6K_pT389,90.5009,6.22138,5.38842,7.05435
S6K_pT389,90.7627,6.22138,5.38842,7.05435
S6K_pT389,91.0245,6.22138,5.38842,7.05435
S6K_pT389,91.2863,6.22138,5.38842,7.05435
S6K_pT389,91.5482,6.22138,5.38842,7.05435
S6K_pT389,91.81,6.22138,5.38842,7.05435
S6K_pT389,92.0718,6.22138,5.38842,7.05435
S6K_pT389,92.3336,6.22138,5.38842,7.05435
S6K_pT389,92.5954,6.22138,5.38842,7.05435
S6K_pT389,92.8572,6.22138,5.38842,7.05435
S6K_pT389,93.119,6.22138,5.38842,7.05435
S6K_pT389,93.3808,6.22138,5.38842,7.05435
S6K_pT389,93.6427,6.22138,5.38842,7.05435
S6K_pT389,93.9045,6.22138,5.38842,7.05435
S6K_pT389,94.1663,6.22138,5.38842,7.05435
S6K_pT389,94.4281,6.22138,5.38842,7.05435
S6K_pT389,94.6899,6.22138,5.38842,7.05435
S6K_pT389,94.9517,6.22138,5.38842,7.05435
S6K_pT389,95.2135,6.22138,5.38842,7.05435
S6K_pT389,95.4754,6.22138,5.38842,7.05435
S6K_pT389,95.7372,6.22138,5.38842,7.05435
S6K_pT389,95.999,6.22138,5.38842,7.05435
S6K_pT389,96.2608,6.22138,5.38842,7.05435
S6K_pT389,96.5226,6.22138,5.38842,7.05435
S6K_pT389,96.7844,6.22138,5.38842,7.05435
S6K_pT389,97.0462,6.22138,5.38842,7.05435
S6K_pT389,97.3081,6.22138,5.38842,7.05435
S6K_pT389,97.5699,6.22138,5.38842,7.05435
S6K_pT389,97.8317,6.22138,5.38842,7.05435
S6K_pT389,98.0935,6.22138,5.38842,7.05435
S6K_pT389,98.3553,6.22138,5.38842,7.05435
S6K_pT389,98.6171,6.22138,5.38842,7.05435
S6K_pT389,98.8789,6.22138,5.38842,7.05435
S6K_pT389,99.1407,6.22138,5.38842,7.05435
S6K_pT389,99.4026,6.22138,5.38842,7.05435
S6K_pT389,99.6644,6.22138,5.38842,7.05435
S6K_pT389,99.9262,6.22138,5.38842,7.05435
S6K_pT389,100.188,6.22138,5.38842,7.05435
S6K_pT389,100.45,6.22138,5.38842,7.05435
S6K_pT389,100.712,6.22138,5.38842,7.05435
S6K_pT389,100.973,6.22138,5.38842,7.05435
S6K_pT389,101.235,6.22138,5.38842,7.05435
S6K_pT389,101.497,6.22138,5.38842,7.05435
S6K_pT389,101.759,6.22138,5.38842,7.05435
S6K_pT389,102.021,6.22138,5.38842,7.05435
S6K_pT389,102.283,6.22138,5.38842,7.05435
S6K_pT389,102.544,6.22138,5.38842,7.05435
S6K_pT389,102.806,6.22138,5.38842,7.05435
S6K_pT389,103.068,6.22138,5.38842,7.05435
S6K_pT389,103.33,6.22138,5.38842,7.05435
S6K_pT389,103.592,6.22138,5.38842,7.05435
S6K_pT389,103.853,6.22138,5.38842,7.05435
S6K_pT389,104.115,6.22138,5.38842,7.05435
S6K_pT389,104.377,6.22138,5.38842,7.05435
S6K_pT389,104.639,6.22138,5.38842,7.05435
S6K_pT389,104.901,6.22138,5.38842,7.05435
S6K_pT389,105.162,6.22138,5.38842,7.05435
S6K_pT389,105.424,6.22138,5.38842,7.05435
S6K_pT389,105.686,6.22138,5.38842,7.05435
S6K_pT389,105.948,6.22138,5.38842,7.05435
S6K_pT389,106.21,6.22138,5.38842,7.05435
S6K_pT389,106.472,6.22138,5.38842,7.05435
S6K_pT389,106.733,6.22138,5.38842,7.05435
S6K_pT389,106.995,6.22138,5.38842,7.05435
S6K_pT389,107.257,6.22138,5.38842,7.05435
S6K_pT389,107.519,6.22138,5.38842,7.05435
S6K_pT389,107.781,6.22138,5.38842,7.05435
S6K_pT389,108.042,6.22138,5.38842,7.05435
S6K_pT389,108.304,6.22138,5.38842,7.05435
S6K_pT389,108.566,6.22138,5.38842,7.05435
S6K_pT389,108.828,6.22138,5.38842,7.05435
S6K_pT389,109.09,6.22138,5.38842,7.05435
S6K_pT389,109.351,6.22138,5.38842,7.05435
S6K_pT389,109.613,6.22138,5.38842,7.05435
S6K_pT389,109.875,6.22138,5.38842,7.05435
S6K_pT389,110.137,6.22138,5.38842,7.05435
S6K_pT389,110.399,6.22138,5.38842,7.05435
S6K_pT389,110.661,6.22138,5.38842,7.05435
S6K_pT389,110.922,6.22138,5.38842,7.05435
S6K_pT389,111.184,6.22138,5.38842,7.05435
S6K_pT389,111.446,6.22138,5.38842,7.05435
S6K_pT389,111.708,6.22138,5.38842,7.05435
S6K_pT389,111.97,6.22138,5.38842,7.05435
S6K_pT389,112.231,6.22138,5.38842,7.05435
S6K_pT389,112.493,6.22138,5.38842,7.05435
S6K_pT389,112.755,6.22138,5.38842,7.05435
S6K_pT389,113.017,6.22138,5.38842,7.05435
S6K_pT389,113.279,6.22138,5.38842,7.05435
S6K_pT389,113.54,6.22138,5.38842,7.05435
S6K_pT389,113.802,6.22138,5.38842,7.05435
S6K_pT389,114.064,6.22138,5.38842,7.05435
S6K_pT389,114.326,6.22138,5.38842,7.05435
S6K_pT389,114.588,6.22138,5.38842,7.05435
S6K_pT389,114.85,6.22138,5.38842,7.05435
S6K_pT389,115.111,6.22138,5.38842,7.05435
S6K_pT389,115.373,6.22138,5.38842,7.05435
S6K_pT389,115.635,6.22138,5.38842,7.05435
S6K_pT389,115.897,6.22138,5.38842,7.05435
S6K_pT389,116.159,6.22138,5.38842,7.05435
S6K_pT389,116.42,6.22138,5.38842,7.05435
S6K_pT389,116.682,6.22138,5.38842,7.05435
S6K_pT389,116.944,6.22138,5.38842,7.05435
S6K_pT389,117.206,6.22138,5.38842,7.05435
S6K_pT389,117.468,6.22138,5.38842,7.05435
S6K_pT389,117.73,6.22138,5.38842,7.05435
S6K_pT389,117.991,6.22138,5.38842,7.05435
S6K_pT389,118.253,6.22138,5.38842,7.05435
S6K_pT389,118.515,6.22138,5.38842,7.05435
S6K_pT389,118.777,6.22138,5.38842,7.05435
S6K_pT389,119.039,6.22138,5.38842,7.05435
S6K_pT389,119.3,6.22138,5.38842,7.05435
S6K_pT389,119.562,6.22138,5.38842,7.05435
S6K_pT389,119.824,6.22138,5.38842,7.05435
S6K_pT389,120,6.22138,5.38842,7.05435
S6K_pT389,120,6.3255,5.59666,7.05435
S6K_pT229,1.22248,-0.507573,-0.573797,-0.441348
S6K_pT229,1.4843,-0.507573,-0.838694,-0.176452
S6K_pT229,1.74611,-0.441348,-0.838694,-0.0440033
S6K_pT229,2.00793,-0.441348,-0.971142,0.0884451
S6K_pT229,2.26974,-0.441348,-0.971142,0.0884451
S6K_pT229,2.53155,-0.375124,-0.971142,0.220894
S6K_pT229,2.79337,-0.3089,-0.971142,0.353342
S6K_pT229,3.05518,-0.242676,-0.971142,0.48579
S6K_pT229,3.31699,-0.110227,-0.838694,0.618239
S6K_pT229,3.57881,-0.0440033,-0.838694,0.750687
S6K_pT229,3.84062,0.154669,-0.706245,1.01558
S6K_pT229,4.10243,0.419566,-0.573797,1.41293
S6K_pT229,4.36425,0.618239,-0.3089,1.54538
S6K_pT229,4.62606,0.94936,-0.176452,2.07517
S6K_pT229,4.88787,1.21426,-0.0440033,2.47252
S6K_pT229,5.14969,1.3467,0.0884451,2.60496
S6K_pT229,5.4115,1.74405,0.220894,3.26721
S6K_pT229,5.67332,2.07517,0.48579,3.66455
S6K_pT229,5.93513,2.27384,0.750687,3.797
S6K_pT229,6.19694,2.93609,1.01558,4.85659
S6K_pT229,6.45876,3.26721,1.41293,5.12148
S6K_pT229,6.72057,3.5321,1.67783,5.38638
S6K_pT229,6.98238,3.92945,1.94272,5.91617
S6K_pT229,7.2442,4.26057,2.34007,6.18107
S6K_pT229,7.50601,4.45924,2.47252,6.44597
S6K_pT229,7.76782,4.98904,3.00231,6.97576
S6K_pT229,8.02964,5.91617,3.797,8.03535
S6K_pT229,8.29145,6.51219,4.0619,8.96249
S6K_pT229,8.55326,7.10821,4.72414,9.49228
S6K_pT229,8.81508,7.50556,5.12148,9.88963
S6K_pT229,9.07689,8.03535,5.51883,10.5519
S6K_pT229,9.3387,8.76381,6.44597,11.0817
S6K_pT229,9.60052,9.02871,6.71086,11.3466
S6K_pT229,9.86233,10.1545,8.56514,11.7439
S6K_pT229,10.1241,10.4856,8.83004,12.1412
S6K_pT229,10.386,11.6115,10.4194,12.8035
S6K_pT229,10.6478,12.075,10.9492,13.2008
S6K_pT229,10.9096,12.3399,11.2141,13.4657
S6K_pT229,11.1714,12.671,11.3466,13.9955
S6K_pT229,11.4332,12.7373,11.3466,14.128
S6K_pT229,11.695,13.1346,11.479,14.7902
S6K_pT229,11.9568,13.3333,11.6115,15.0551
S6K_pT229,12.2187,13.8631,12.4061,15.32
S6K_pT229,12.4805,14.128,12.5386,15.7174
S6K_pT229,12.7423,14.5253,13.0684,15.9823
S6K_pT229,13.0041,14.7902,13.4657,16.1147
S6K_pT229,13.2659,15.1876,13.7306,16.6445
S6K_pT229,13.5277,15.4525,14.128,16.7769
S6K_pT229,13.7895,15.7174,14.5253,16.9094
S6K_pT229,14.0513,16.0485,14.9227,17.1743
S6K_pT229,14.3132,16.3134,15.1876,17.4392
S6K_pT229,14.575,16.512,15.4525,17.5716
S6K_pT229,14.8368,17.1743,16.512,17.8365
S6K_pT229,15.0986,17.3067,16.6445,17.969
S6K_pT229,15.3604,17.4392,16.7769,18.1014
S6K_pT229,15.6222,17.5716,16.9094,18.2339
S6K_pT229,15.884,17.6379,16.9094,18.3663
S6K_pT229,16.1459,17.8365,17.0418,18.6312
S6K_pT229,16.4077,17.969,17.1743,18.7637
S6K_pT229,16.6695,18.0352,17.3067,18.7637
S6K_pT229,16.9313,18.1677,17.4392,18.8961
S6K_pT229,17.1931,18.3663,17.7041,19.0286
S6K_pT229,17.4549,18.4325,17.8365,19.0286
S6K_pT229,17.7167,18.565,17.8365,19.2935
S6K_pT229,17.9786,18.6974,18.1014,19.2935
S6K_pT229,18.2404,18.7637,18.2339,19.2935
S6K_pT229,18.5022,18.8299,18.2339,19.4259
S6K_pT229,18.764,18.8961,18.3663,19.4259
S6K_pT229,19.0258,19.0286,18.4988,19.5584
S6K_pT229,19.2876,19.0948,18.4988,19.6908
S6K_pT229,19.5494,19.161,18.6312,19.6908
S6K_pT229,19.8112,19.2272,18.6312,19.8233
S6K_pT229,20.0731,19.3597,18.7637,19.9557
S6K_pT229,20.3349,19.3597,18.7637,19.9557
S6K_pT229,20.5967,19.4259,18.8961,19.9557
S6K_pT229,20.8585,19.4259,18.8961,19.9557
S6K_pT229,21.1203,19.4259,18.8961,19.9557
S6K_pT229,21.3821,19.4259,18.8961,19.9557
S6K_pT229,21.6439,19.4921,18.8961,20.0882
S6K_pT229,21.9058,19.4921,18.8961,20.0882
S6K_pT229,22.1676,19.4921,18.8961,20.0882
S6K_pT229,22.4294,19.4921,18.8961,20.0882
S6K_pT229,22.6912,19.4921,18.8961,20.0882
S6K_pT229,22.953,19.4921,18.8961,20.0882
S6K_pT229,23.2148,19.4921,18.8961,20.0882
S6K_pT229,23.4766,19.4921,18.8961,20.0882
S6K_pT229,23.7384,19.4921,18.8961,20.0882
S6K_pT229,24.0003,19.4921,18.8961,20.0882
S6K_pT229,24.2621,19.4921,18.8961,20.0882
S6K_pT229,24.5239,19.4921,18.8961,20.0882
S6K_pT229,24.7857,19.4921,18.8961,20.0882
S6K_pT229,25.0475,19.4921,18.8961,20.0882
S6K_pT229,25.3093,19.4259,18.8961,19.9557
S6K_pT229,25.5711,19.4259,18.8961,19.9557
S6K_pT229,25.833,19.4259,18.8961,19.9557
S6K_pT229,26.0948,19.4259,18.8961,19.9557
S6K_pT229,26.3566,19.3597,18.7637,19.9557
S6K_pT229,26.6184,19.3597,18.7637,19.9557
S6K_pT229,26.8802,19.2935,18.7637,19.8233
S6K_pT229,27.142,19.2272,18.6312,19.8233
S6K_pT229,27.4038,19.161,18.6312,19.6908
S6K_pT229,27.6657,19.161,18.6312,19.6908
S6K_pT229,27.9275,19.0948,18.6312,19.5584
S6K_pT229,28.1893,19.0948,18.6312,19.5584
S6K_pT229,28.4511,19.0948,18.6312,19.5584
S6K_pT229,28.7129,19.0286,18.6312,19.4259
S6K_pT229,28.9747,18.9623,18.4988,19.4259
S6K_pT229,29.2365,18.9623,18.4988,19.4259
S6K_pT229,29.4983,18.9623,18.4988,19.4259
S6K_pT229,29.7602,18.8961,18.4988,19.2935
S6K_pT229,30.022,18.8961,18.4988,19.2935
S6K_pT229,30.2838,18.8299,18.4988,19.161
S6K_pT229,30.5456,18.8961,18.6312,19.161
S6K_pT229,30.8074,18.8299,18.6312,19.0286
S6K_pT229,31.0692,18.8299,18.7637,18.8961
S6K_pT229,31.331,18.7637,18.7637,18.7637
S6K_pT229,31.5929,18.7637,18.7637,18.7637
S6K_pT229,31.8547,18.7637,18.6312,18.8961
S6K_pT229,32.1165,18.6974,18.3663,19.0286
S6K_pT229,32.3783,18.6312,18.2339,19.0286
S6K_pT229,32.6401,18.6312,18.2339,19.0286
S6K_pT229,32.9019,18.565,18.2339,18.8961
S6K_pT229,33.1637,18.4988,18.1014,18.8961
S6K_pT229,33.4255,18.4325,17.969,18.8961
S6K_pT229,33.6874,18.4325,17.969,18.8961
S6K_pT229,33.9492,18.3663,17.8365,18.8961
S6K_pT229,34.211,18.3663,17.8365,18.8961
S6K_pT229,34.4728,18.3663,17.8365,18.8961
S6K_pT229,34.7346,18.3001,17.8365,18.7637
S6K_pT229,34.9964,18.3001,17.8365,18.7637
S6K_pT229,35.2582,18.3001,17.8365,18.7637
S6K_pT229,35.5201,18.2339,17.8365,18.6312
S6K_pT229,35.7819,18.2339,17.8365,18.6312
S6K_pT229,36.0437,18.1677,17.7041,18.6312
S6K_pT229,36.3055,18.1677,17.7041,18.6312
S6K_pT229,36.5673,18.1014,17.5716,18.6312
S6K_pT229,36.8291,18.1014,17.5716,18.6312
S6K_pT229,37.0909,18.0352,17.4392,18.6312
S6K_pT229,37.3528,17.969,17.4392,18.4988
S6K_pT229,37.6146,17.969,17.4392,18.4988
S6K_pT229,37.8764,17.9028,17.3067,18.4988
S6K_pT229,38.1382,17.8365,17.3067,18.3663
S6K_pT229,38.4,17.8365,17.3067,18.3663
S6K_pT229,38.6618,17.8365,17.3067,18.3663
S6K_pT229,38.9236,17.7041,17.1743,18.2339
S6K_pT229,39.1854,17.7041,17.1743,18.2339
S6K_pT229,39.4473,17.7041,17.1743,18.2339
S6K_pT229,39.7091,17.7041,17.1743,18.2339
S6K_pT229,39.9709,17.7041,17.1743,18.2339
S6K_pT229,40.2327,17.7041,17.1743,18.2339
S6K_pT229,40.4945,17.7041,17.1743,18.2339
S6K_pT229,40.7563,17.7041,17.1743,18.2339
S6K_pT229,41.0181,17.5716,17.0418,18.1014
S6K_pT229,41.28,17.5716,17.0418,18.1014
S6K_pT229,41.5418,17.5716,17.0418,18.1014
S6K_pT229,41.8036,17.5054,17.0418,17.969
S6K_pT229,42.0654,17.5054,17.0418,17.969
S6K_pT229,42.3272,17.4392,16.9094,17.969
S6K_pT229,42.589,17.4392,16.9094,17.969
S6K_pT229,42.8508,17.373,16.9094,17.8365
S6K_pT229,43.1127,17.373,16.9094,17.8365
S6K_pT229,43.3745,17.373,16.9094,17.8365
S6K_pT229,43.6363,17.373,16.9094,17.8365
S6K_pT229,43.8981,17.373,16.9094,17.8365
S6K_pT229,44.1599,17.373,16.9094,17.8365
S6K_pT229,44.4217,17.3067,16.7769,17.8365
S6K_pT229,44.6835,17.3067,16.7769,17.8365
S6K_pT229,44.9453,17.3067,16.7769,17.8365
S6K_pT229,45.2072,17.3067,16.7769,17.8365
S6K_pT229,45.469,17.3067,16.7769,17.8365
S6K_pT229,45.7308,17.3067,16.7769,17.8365
S6K_pT229,45.9926,17.3067,16.7769,17.8365
S6K_pT229,46.2544,17.3067,16.7769,17.8365
S6K_pT229,46.5162,17.3067,16.7769,17.8365
S6K_pT229,46.778,17.2405,16.7769,17.7041
S6K_pT229,47.0399,17.2405,16.7769,17.7041
S6K_pT229,47.3017,17.2405,16.7769,17.7041
S6K_pT229,47.5635,17.1743,16.6445,17.7041
S6K_pT229,47.8253,17.1743,16.6445,17.7041
S6K_pT229,48.0871,17.1081,16.6445,17.5716
S6K_pT229,48.3489,17.1081,16.6445,17.5716
S6K_pT229,48.6107,17.1081,16.6445,17.5716
S6K_pT229,48.8725,17.1081,16.6445,17.5716
S6K_pT229,49.1344,17.1081,16.6445,17.5716
S6K_pT229,49.3962,17.1081,16.6445,17.5716
S6K_pT229,49.658,17.1081,16.6445,17.5716
S6K_pT229,49.9198,17.1081,16.6445,17.5716
S6K_pT229,50.1816,17.0418,16.512,17.5716
S6K_pT229,50.4434,17.0418,16.512,17.5716
S6K_pT229,50.7052,17.0418,16.512,17.5716
S6K_pT229,50.9671,17.0418,16.512,17.5716
S6K_pT229,51.2289,17.0418,16.512,17.5716
S6K_pT229,51.4907,17.0418,16.512,17.5716
S6K_pT229,51.7525,17.0418,16.512,17.5716
S6K_pT229,52.0143,17.0418,16.512,17.5716
S6K_pT229,52.2761,17.0418,16.512,17.5716
S6K_pT229,52.5379,17.0418,16.512,17.5716
S6K_pT229,52.7998,17.0418,16.512,17.5716
S6K_pT229,53.0616,17.0418,16.512,17.5716
S6K_pT229,53.3234,16.9756,16.512,17.4392
S6K_pT229,53.5852,16.9756,16.512,17.4392
S6K_pT229,53.847,16.9094,16.3796,17.4392
S6K_pT229,54.1088,16.9094,16.3796,17.4392
S6K_pT229,54.3706,16.9094,16.3796,17.4392
S6K_pT229,54.6324,16.9094,16.3796,17.4392
S6K_pT229,54.8943,16.9094,16.3796,17.4392
S6K_pT229,55.1561,16.9094,16.3796,17.4392
S6K_pT229,55.4179,16.9094,16.3796,17.4392
S6K_pT229,55.6797,16.9094,16.3796,17.4392
S6K_pT229,55.9415,16.9094,16.3796,17.4392
S6K_pT229,56.2033,16.7769,16.2471,17.3067
S6K_pT229,56.4651,16.7769,16.2471,17.3067
S6K_pT229,56.727,16.7769,16.2471,17.3067
S6K_pT229,56.9888,16.7769,16.2471,17.3067
S6K_pT229,57.2506,16.7769,16.2471,17.3067
S6K_pT229,57.5124,16.7769,16.2471,17.3067
S6K_pT229,57.7742,16.7769,16.2471,17.3067
S6K_pT229,58.036,16.7107,16.2471,17.1743
S6K_pT229,58.2978,16.7107,16.2471,17.1743
S6K_pT229,58.5596,16.7107,16.2471,17.1743
S6K_pT229,58.8215,16.7107,16.2471,17.1743
S6K_pT229,59.0833,16.7107,16.2471,17.1743
S6K_pT229,59.3451,16.6445,16.1147,17.1743
S6K_pT229,59.6069,16.6445,16.1147,17.1743
S6K_pT229,59.8687,16.6445,16.1147,17.1743
S6K_pT229,60.1305,16.6445,16.1147,17.1743
S6K_pT229,60.3923,16.6445,16.1147,17.1743
S6K_pT229,60.6542,16.6445,16.1147,17.1743
S6K_pT229,60.916,16.6445,16.1147,17.1743
S6K_pT229,61.1778,16.6445,16.1147,17.1743
S6K_pT229,61.4396,16.6445,16.1147,17.1743
S6K_pT229,61.7014,16.6445,16.1147,17.1743
S6K_pT229,61.9632,16.6445,16.1147,17.1743
S6K_pT229,62.225,16.6445,16.1147,17.1743
S6K_pT229,62.4869,16.6445,16.1147,17.1743
S6K_pT229,62.7487,16.6445,16.1147,17.1743
S6K_pT229,63.0105,16.6445,16.1147,17.1743
S6K_pT229,63.2723,16.6445,16.1147,17.1743
S6K_pT229,63.5341,16.6445,16.1147,17.1743
S6K_pT229,63.7959,16.6445,16.1147,17.1743
S6K_pT229,64.0577,16.6445,16.1147,17.1743
S6K_pT229,64.3195,16.6445,16.1147,17.1743
S6K_pT229,64.5814,16.6445,16.1147,17.1743
S6K_pT229,64.8432,16.6445,16.1147,17.1743
S6K_pT229,65.105,16.6445,16.1147,17.1743
S6K_pT229,65.3668,16.6445,16.1147,17.1743
S6K_pT229,65.6286,16.6445,16.1147,17.1743
S6K_pT229,65.8904,16.6445,16.1147,17.1743
S6K_pT229,66.1522,16.6445,16.1147,17.1743
S6K_pT229,66.4141,16.6445,16.1147,17.1743
S6K_pT229,66.6759,16.6445,16.1147,17.1743
S6K_pT229,66.9377,16.6445,16.1147,17.1743
S6K_pT229,67.1995,16.6445,16.1147,17.1743
S6K_pT229,67.4613,16.6445,16.1147,17.1743
S6K_pT229,67.7231,16.6445,16.1147,17.1743
S6K_pT229,67.9849,16.6445,16.1147,17.1743
S6K_pT229,68.2467,16.6445,16.1147,17.1743
S6K_pT229,68.5086,16.6445,16.1147,17.1743
S6K_pT229,68.7704,16.6445,16.1147,17.1743
S6K_pT229,69.0322,16.6445,16.1147,17.1743
S6K_pT229,69.294,16.6445,16.1147,17.1743
S6K_pT229,69.5558,16.6445,16.1147,17.1743
S6K_pT229,69.8176,16.6445,16.1147,17.1743
S6K_pT229,70.0794,16.6445,16.1147,17.1743
S6K_pT229,70.3413,16.6445,16.1147,17.1743
S6K_pT229,70.6031,16.6445,16.1147,17.1743
S6K_pT229,70.8649,16.6445,16.1147,17.1743
S6K_pT229,71.1267,16.6445,16.1147,17.1743
S6K_pT229,71.3885,16.6445,16.1147,17.1743
S6K_pT229,71.6503,16.6445,16.1147,17.1743
S6K_pT229,71.9121,16.6445,16.1147,17.1743
S6K_pT229,72.174,16.6445,16.1147,17.1743
S6K_pT229,72.4358,16.6445,16.1147,17.1743
S6K_pT229,72.6976,16.6445,16.1147,17.1743
S6K_pT229,72.9594,16.6445,16.1147,17.1743
S6K_pT229,73.2212,16.6445,16.1147,17.1743
S6K_pT229,73.483,16.6445,16.1147,17.1743
S6K_pT229,73.7448,16.6445,16.1147,17.1743
S6K_pT229,74.0066,16.6445,16.1147,17.1743
S6K_pT229,74.2685,16.6445,16.1147,17.1743
S6K_pT229,74.5303,16.6445,16.1147,17.1743
S6K_pT229,74.7921,16.6445,16.1147,17.1743
S6K_pT229,75.0539,16.6445,16.1147,17.1743
S6K_pT229,75.3157,16.6445,16.1147,17.1743
S6K_pT229,75.5775,16.6445,16.1147,17.1743
S6K_pT229,75.8393,16.6445,16.1147,17.1743
S6K_pT229,76.1012,16.6445,16.1147,17.1743
S6K_pT229,76.363,16.6445,16.1147,17.1743
S6K_pT229,76.6248,16.6445,16.1147,17.1743
S6K_pT229,76.8866,16.6445,16.1147,17.1743
S6K_pT229,77.1484,16.6445,16.1147,17.1743
S6K_pT229,77.4102,16.6445,16.1147,17.1743
S6K_pT229,77.672,16.6445,16.1147,17.1743
S6K_pT229,77.9339,16.6445,16.1147,17.1743
S6K_pT229,78.1957,16.6445,16.1147,17.1743
S6K_pT229,78.4575,16.6445,16.1147,17.1743
S6K_pT229,78.7193,16.6445,16.1147,17.1743
S6K_pT229,78.9811,16.6445,16.1147,17.1743
S6K_pT229,79.2429,16.6445,16.1147,17.1743
S6K_pT229,79.5047,16.6445,16.1147,17.1743
S6K_pT229,79.7665,16.6445,16.1147,17.1743
S6K_pT229,80.0284,16.6445,16.1147,17.1743
S6K_pT229,80.2902,16.6445,16.1147,17.1743
S6K_pT229,80.552,16.6445,16.1147,17.1743
S6K_pT229,80.8138,16.6445,16.1147,17.1743
S6K_pT229,81.0756,16.6445,16.1147,17.1743
S6K_pT229,81.3374,16.6445,16.1147,17.1743
S6K_pT229,81.5992,16.6445,16.1147,17.1743
S6K_pT229,81.8611,16.6445,16.1147,17.1743
S6K_pT229,82.1229,16.6445,16.1147,17.1743
S6K_pT229,82.3847,16.6445,16.1147,17.1743
S6K_pT229,82.6465,16.6445,16.1147,17.1743
S6K_pT229,82.9083,16.6445,16.1147,17.1743
S6K_pT229,83.1701,16.6445,16.1147,17.1743
S6K_pT229,83.4319,16.6445,16.1147,17.1743
S6K_pT229,83.6937,16.6445,16.1147,17.1743
S6K_pT229,83.9556,16.6445,16.1147,17.1743
S6K_pT229,84.2174,16.6445,16.1147,17.1743
S6K_pT229,84.4792,16.6445,16.1147,17.1743
S6K_pT229,84.741,16.6445,16.1147,17.1743
S6K_pT229,85.0028,16.6445,16.1147,17.1743
S6K_pT229,85.2646,16.6445,16.1147,17.1743
S6K_pT229,85.5264,16.6445,16.1147,17.1743
S6K_pT229,85.7883,16.6445,16.1147,17.1743
S6K_pT229,86.0501,16.6445,16.1147,17.1743
S6K_pT229,86.3119,16.6445,16.1147,17.1743
S6K_pT229,86.5737,16.6445,16.1147,17.1743
S6K_pT229,86.8355,16.6445,16.1147,17.1743
S6K_pT229,87.0973,16.6445,16.1147,17.1743
S6K_pT229,87.3591,16.6445,16.1147,17.1743
S6K_pT229,87.621,16.6445,16.1147,17.1743
S6K_pT229,87.8828,16.6445,16.1147,17.1743
S6K_pT229,88.1446,16.6445,16.1147,17.1743
S6K_pT229,88.4064,16.6445,16.1147,17.1743
S6K_pT229,88.6682,16.6445,16.1147,17.1743
S6K_pT229,88.93,16.6445,16.1147,17.1743
S6K_pT229,89.1918,16.6445,16.1147,17.1743
S6K_pT229,89.4536,16.6445,16.1147,17.1743
S6K_pT229,89.7155,16.6445,16.1147,17.1743
S6K_pT229,89.9773,16.6445,16.1147,17.1743
S6K_pT229,90.2391,16.6445,16.1147,17.1743
S6K_pT229,90.5009,16.6445,16.1147,17.1743
S6K_pT229,90.7627,16.6445,16.1147,17.1743
S6K_pT229,91.0245,16.6445,16.1147,17.1743
S6K_pT229,91.2863,16.6445,16.1147,17.1743
S6K_pT229,91.5482,16.6445,16.1147,17.1743
S6K_pT229,91.81,16.6445,16.1147,17.1743
S6K_pT229,92.0718,16.6445,16.1147,17.1743
S6K_pT229,92.3336,16.6445,16.1147,17.1743
S6K_pT229,92.5954,16.6445,16.1147,17.1743
S6K_pT229,92.8572,16.6445,16.1147,17.1743
S6K_pT229,93.119,16.6445,16.1147,17.1743
S6K_pT229,93.3808,16.6445,16.1147,17.1743
S6K_pT229,93.6427,16.6445,16.1147,17.1743
S6K_pT229,93.9045,16.6445,16.1147,17.1743
S6K_pT229,94.1663,16.6445,16.1147,17.1743
S6K_pT229,94.4281,16.6445,16.1147,17.1743
S6K_pT229,94.6899,16.6445,16.1147,17.1743
S6K_pT229,94.9517,16.6445,16.1147,17.1743
S6K_pT229,95.2135,16.6445,16.1147,17.1743
S6K_pT229,95.4754,16.6445,16.1147,17.1743
S6K_pT229,95.7372,16.6445,16.1147,17.1743
S6K_pT229,95.999,16.6445,16.1147,17.1743
S6K_pT229,96.2608,16.6445,16.1147,17.1743
S6K_pT229,96.5226,16.6445,16.1147,17.1743
S6K_pT229,96.7844,16.6445,16.1147,17.1743
S6K_pT229,97.0462,16.6445,16.1147,17.1743
S6K_pT229,97.3081,16.6445,16.1147,17.1743
S6K_pT229,97.5699,16.6445,16.1147,17.1743
S6K_pT229,97.8317,16.6445,16.1147,17.1743
S6K_pT229,98.0935,16.6445,16.1147,17.1743
S6K_pT229,98.3553,16.6445,16.1147,17.1743
S6K_pT229,98.6171,16.6445,16.1147,17.1743
S6K_pT229,98.8789,16.6445,16.1147,17.1743
S6K_pT229,99.1407,16.6445,16.1147,17.1743
S6K_pT229,99.4026,16.6445,16.1147,17.1743
S6K_pT229,99.6644,16.6445,16.1147,17.1743
S6K_pT229,99.9262,16.6445,16.1147,17.1743
S6K_pT229,100.188,16.6445,16.1147,17.1743
S6K_pT229,100.45,16.6445,16.1147,17.1743
S6K_pT229,100.712,16.6445,16.1147,17.1743
S6K_pT229,100.973,16.6445,16.1147,17.1743
S6K_pT229,101.235,16.6445,16.1147,17.1743
S6K_pT229,101.497,16.6445,16.1147,17.1743
S6K_pT229,101.759,16.6445,16.1147,17.1743
S6K_pT229,102.021,16.6445,16.1147,17.1743
S6K_pT229,102.283,16.6445,16.1147,17.1743
S6K_pT229,102.544,16.6445,16.1147,17.1743
S6K_pT229,102.806,16.6445,16.1147,17.1743
S6K_pT229,103.068,16.6445,16.1147,17.1743
S6K_pT229,103.33,16.6445,16.1147,17.1743
S6K_pT229,103.592,16.6445,16.1147,17.1743
S6K_pT229,103.853,16.6445,16.1147,17.1743
S6K_pT229,104.115,16.6445,16.1147,17.1743
S6K_pT229,104.377,16.6445,16.1147,17.1743
S6K_pT229,104.639,16.6445,16.1147,17.1743
S6K_pT229,104.901,16.6445,16.1147,17.1743
S6K_pT229,105.162,16.6445,16.1147,17.1743
S6K_pT229,105.424,16.6445,16.1147,17.1743
S6K_pT229,105.686,16.6445,16.1147,17.1743
S6K_pT229,105.948,16.6445,16.1147,17.1743
S6K_pT229,106.21,16.6445,16.1147,17.1743
S6K_pT229,106.472,16.6445,16.1147,17.1743
S6K_pT229,106.733,16.6445,16.1147,17.1743
S6K_pT229,106.995,16.6445,16.1147,17.1743
S6K_pT229,107.257,16.6445,16.1147,17.1743
S6K_pT229,107.519,16.6445,16.1147,17.1743
S6K_pT229,107.781,16.6445,16.1147,17.1743
S6K_pT229,108.042,16.6445,16.1147,17.1743
S6K_pT229,108.304,16.6445,16.1147,17.1743
S6K_pT229,108.566,16.6445,16.1147,17.1743
S6K_pT229,108.828,16.6445,16.1147,17.1743
S6K_pT229,109.09,16.6445,16.1147,17.1743
S6K_pT229,109.351,16.6445,16.1147,17.1743
S6K_pT229,109.613,16.6445,16.1147,17.1743
S6K_pT229,109.875,16.6445,16.1147,17.1743
S6K_pT229,110.137,16.6445,16.1147,17.1743
S6K_pT229,110.399,16.6445,16.1147,17.1743
S6K_pT229,110.661,16.6445,16.1147,17.1743
S6K_pT229,110.922,16.6445,16.1147,17.1743
S6K_pT229,111.184,16.6445,16.1147,17.1743
S6K_pT229,111.446,16.6445,16.1147,17.1743
S6K_pT229,111.708,16.6445,16.1147,17.1743
S6K_pT229,111.97,16.6445,16.1147,17.1743
S6K_pT229,112.231,16.6445,16.1147,17.1743
S6K_pT229,112.493,16.6445,16.1147,17.1743
S6K_pT229,112.755,16.6445,16.1147,17.1743
S6K_pT229,113.017,16.6445,16.1147,17.1743
S6K_pT229,113.279,16.6445,16.1147,17.1743
S6K_pT229,113.54,16.6445,16.1147,17.1743
S6K_pT229,113.802,16.6445,16.1147,17.1743
S6K_pT229,114.064,16.6445,16.1147,17.1743
S6K_pT229,114.326,16.6445,16.1147,17.1743
S6K_pT229,114.588,16.6445,16.1147,17.1743
S6K_pT229,114.85,16.6445,16.1147,17.1743
S6K_pT229,115.111,16.6445,16.1147,17.1743
S6K_pT229,115.373,16.6445,16.1147,17.1743
S6K_pT229,115.635,16.6445,16.1147,17.1743
S6K_pT229,115.897,16.6445,16.1147,17.1743
S6K_pT229,116.159,16.6445,16.1147,17.1743
S6K_pT229,116.42,16.6445,16.1147,17.1743
S6K_pT229,116.682,16.6445,16.1147,17.1743
S6K_pT229,116.944,16.6445,16.1147,17.1743
S6K_pT229,117.206,16.6445,16.1147,17.1743
S6K_pT229,117.468,16.6445,16.1147,17.1743
S6K_pT229,117.73,16.6445,16.1147,17.1743
S6K_pT229,117.991,16.6445,16.1147,17.1743
S6K_pT229,118.253,16.6445,16.1147,17.1743
S6K_pT229,118.515,16.6445,16.1147,17.1743
S6K_pT229,118.777,16.6445,16.1147,17.1743
S6K_pT229,119.039,16.6445,16.1147,17.1743
S6K_pT229,119.3,16.6445,16.1147,17.1743
S6K_pT229,119.562,16.6445,16.1147,17.1743
S6K_pT229,119.824,16.6445,16.1147,17.1743
S6K_pT229,120,16.6445,16.1147,17.1743
S6K_pT229,120,16.6445,16.1147,17.1743
