# Fig. 2b - simulated time courses, amino acids + insulin
# Dalle Pezze P et al. (2016) Nature Communications 7:13254. doi:10.1038/ncomms13254
# Digitized by digitize_dallepezze2016.py from a 600 dpi render of page 5.
# Both axes calibrated on their tick marks; the per-panel residuals printed by the script bound the accuracy of these values.
# value_au is the centre of the red ink in that pixel column; ink_lo_au and ink_hi_au are its extent, which is wide wherever the curve is steep and the centre is therefore not a value the figure claims.
# Values are the paper's arbitrary relative units and are not comparable between readouts.
readout,time_min,value_au,ink_lo_au,ink_hi_au
IR_pY1146,0,1.23569,0.815897,1.65548
IR_pY1146,0.0147115,1.33675,0.971375,1.70212
IR_pY1146,0.274166,1.39894,1.08021,1.71767
IR_pY1146,0.533621,1.43781,1.1424,1.73322
IR_pY1146,0.793076,1.47668,1.22014,1.73322
IR_pY1146,1.05253,1.5311,1.31343,1.74876
IR_pY1146,1.31199,1.68657,1.60883,1.76431
IR_pY1146,1.57144,1.72544,1.63993,1.81096
IR_pY1146,1.8309,1.76431,1.65548,1.87315
IR_pY1146,2.09035,1.79541,1.68657,1.90424
IR_pY1146,2.3498,1.81096,1.70212,1.91979
IR_pY1146,2.60926,1.8265,1.71767,1.93534
IR_pY1146,2.86871,1.84983,1.73322,1.96643
IR_pY1146,3.12817,1.88092,1.77986,1.98198
IR_pY1146,3.38762,1.89647,1.79541,1.99753
IR_pY1146,3.64708,1.92756,1.84205,2.01308
IR_pY1146,3.90653,1.94311,1.87315,2.01308
IR_pY1146,4.16599,1.95089,1.8887,2.01308
IR_pY1146,4.42544,1.95866,1.8887,2.02863
IR_pY1146,4.6849,1.96643,1.90424,2.02863
IR_pY1146,4.94435,1.98198,1.91979,2.04417
IR_pY1146,5.20381,1.98198,1.91979,2.04417
IR_pY1146,5.46326,1.98198,1.91979,2.04417
IR_pY1146,5.72272,1.99753,1.93534,2.05972
IR_pY1146,5.98217,2.0053,1.95089,2.05972
IR_pY1146,6.24163,2.0053,1.95089,2.05972
IR_pY1146,6.50108,2.0053,1.95089,2.05972
IR_pY1146,6.76054,2.02085,1.96643,2.07527
IR_pY1146,7.01999,2.02863,1.98198,2.07527
IR_pY1146,7.27945,2.0364,1.99753,2.07527
IR_pY1146,7.5389,2.0364,1.99753,2.07527
IR_pY1146,7.79836,2.0364,1.99753,2.07527
IR_pY1146,8.05781,2.0364,1.99753,2.07527
IR_pY1146,8.31727,2.0364,1.99753,2.07527
IR_pY1146,8.57672,2.0364,1.99753,2.07527
IR_pY1146,8.83618,2.02863,1.98198,2.07527
IR_pY1146,9.09563,2.0364,1.98198,2.09082
IR_pY1146,9.35509,2.0364,1.98198,2.09082
IR_pY1146,9.61454,2.0364,1.98198,2.09082
IR_pY1146,9.87399,2.02863,1.96643,2.09082
IR_pY1146,10.1334,2.02863,1.96643,2.09082
IR_pY1146,10.3929,2.02863,1.96643,2.09082
IR_pY1146,10.6524,2.02863,1.96643,2.09082
IR_pY1146,10.9118,2.02863,1.96643,2.09082
IR_pY1146,11.1713,2.02863,1.96643,2.09082
IR_pY1146,11.4307,2.02863,1.96643,2.09082
IR_pY1146,11.6902,2.02863,1.96643,2.09082
IR_pY1146,11.9496,2.02863,1.96643,2.09082
IR_pY1146,12.2091,2.0364,1.98198,2.09082
IR_pY1146,12.4685,2.02863,1.98198,2.07527
IR_pY1146,12.728,2.02863,1.98198,2.07527
IR_pY1146,12.9875,2.0364,1.99753,2.07527
IR_pY1146,13.2469,2.0364,1.99753,2.07527
IR_pY1146,13.5064,2.0364,1.99753,2.07527
IR_pY1146,13.7658,2.0364,1.99753,2.07527
IR_pY1146,14.0253,2.02863,1.98198,2.07527
IR_pY1146,14.2847,2.0364,1.98198,2.09082
IR_pY1146,14.5442,2.0364,1.98198,2.09082
IR_pY1146,14.8036,2.02863,1.96643,2.09082
IR_pY1146,15.0631,2.02863,1.96643,2.09082
IR_pY1146,15.3225,2.02863,1.96643,2.09082
IR_pY1146,15.582,2.02863,1.96643,2.09082
IR_pY1146,15.8415,2.02863,1.96643,2.09082
IR_pY1146,16.1009,2.02863,1.96643,2.09082
IR_pY1146,16.3604,2.02863,1.96643,2.09082
IR_pY1146,16.6198,2.02863,1.96643,2.09082
IR_pY1146,16.8793,2.02863,1.96643,2.09082
IR_pY1146,17.1387,2.02863,1.96643,2.09082
IR_pY1146,17.3982,2.02863,1.96643,2.09082
IR_pY1146,17.6576,2.02863,1.96643,2.09082
IR_pY1146,17.9171,2.02863,1.96643,2.09082
IR_pY1146,18.1765,2.02863,1.96643,2.09082
IR_pY1146,18.436,2.02863,1.96643,2.09082
IR_pY1146,18.6955,2.02863,1.96643,2.09082
IR_pY1146,18.9549,2.02863,1.96643,2.09082
IR_pY1146,19.2144,2.02863,1.96643,2.09082
IR_pY1146,19.4738,2.02863,1.96643,2.09082
IR_pY1146,19.7333,2.02863,1.96643,2.09082
IR_pY1146,19.9927,2.02863,1.96643,2.09082
IR_pY1146,20.2522,2.02863,1.96643,2.09082
IR_pY1146,20.5116,2.02863,1.96643,2.09082
IR_pY1146,20.7711,2.02863,1.96643,2.09082
IR_pY1146,21.0306,2.02863,1.96643,2.09082
IR_pY1146,21.29,2.02863,1.96643,2.09082
IR_pY1146,21.5495,2.02863,1.96643,2.09082
IR_pY1146,21.8089,2.02863,1.96643,2.09082
IR_pY1146,22.0684,2.02863,1.96643,2.09082
IR_pY1146,22.3278,2.02863,1.96643,2.09082
IR_pY1146,22.5873,2.02863,1.96643,2.09082
IR_pY1146,22.8467,2.02863,1.96643,2.09082
IR_pY1146,23.1062,2.02863,1.96643,2.09082
IR_pY1146,23.3656,2.02863,1.96643,2.09082
IR_pY1146,23.6251,2.02863,1.96643,2.09082
IR_pY1146,23.8846,2.02863,1.96643,2.09082
IR_pY1146,24.144,2.02863,1.96643,2.09082
IR_pY1146,24.4035,2.02863,1.96643,2.09082
IR_pY1146,24.6629,2.02863,1.96643,2.09082
IR_pY1146,24.9224,2.02863,1.96643,2.09082
IR_pY1146,25.1818,2.02863,1.96643,2.09082
IR_pY1146,25.4413,2.02863,1.96643,2.09082
IR_pY1146,25.7007,2.02863,1.96643,2.09082
IR_pY1146,25.9602,2.02863,1.96643,2.09082
IR_pY1146,26.2196,2.02863,1.96643,2.09082
IR_pY1146,26.4791,2.02863,1.96643,2.09082
IR_pY1146,26.7386,2.0364,1.98198,2.09082
IR_pY1146,26.998,2.0364,1.98198,2.09082
IR_pY1146,27.2575,2.02863,1.98198,2.07527
IR_pY1146,27.5169,2.0364,1.99753,2.07527
IR_pY1146,27.7764,2.0364,1.99753,2.07527
IR_pY1146,28.0358,2.0364,1.99753,2.07527
IR_pY1146,28.2953,2.0364,1.99753,2.07527
IR_pY1146,28.5547,2.0364,1.99753,2.07527
IR_pY1146,28.8142,2.02863,1.98198,2.07527
IR_pY1146,29.0737,2.02863,1.98198,2.07527
IR_pY1146,29.3331,2.0364,1.98198,2.09082
IR_pY1146,29.5926,2.02863,1.96643,2.09082
IR_pY1146,29.852,2.02863,1.96643,2.09082
IR_pY1146,30.1115,2.02863,1.96643,2.09082
IR_pY1146,30.3709,2.02863,1.96643,2.09082
IR_pY1146,30.6304,2.02863,1.96643,2.09082
IR_pY1146,30.8898,2.02863,1.96643,2.09082
IR_pY1146,31.1493,2.02863,1.96643,2.09082
IR_pY1146,31.4087,2.02863,1.96643,2.09082
IR_pY1146,31.6682,2.02863,1.96643,2.09082
IR_pY1146,31.9277,2.02863,1.96643,2.09082
IR_pY1146,32.1871,2.02863,1.96643,2.09082
IR_pY1146,32.4466,2.02863,1.96643,2.09082
IR_pY1146,32.706,2.02863,1.96643,2.09082
IR_pY1146,32.9655,2.02863,1.96643,2.09082
IR_pY1146,33.2249,2.02863,1.96643,2.09082
IR_pY1146,33.4844,2.02863,1.96643,2.09082
IR_pY1146,33.7438,2.02863,1.96643,2.09082
IR_pY1146,34.0033,2.02863,1.96643,2.09082
IR_pY1146,34.2627,2.02863,1.96643,2.09082
IR_pY1146,34.5222,2.02863,1.96643,2.09082
IR_pY1146,34.7817,2.02863,1.96643,2.09082
IR_pY1146,35.0411,2.02863,1.96643,2.09082
IR_pY1146,35.3006,2.02863,1.96643,2.09082
IR_pY1146,35.56,2.02863,1.96643,2.09082
IR_pY1146,35.8195,2.02863,1.96643,2.09082
IR_pY1146,36.0789,2.02863,1.96643,2.09082
IR_pY1146,36.3384,2.02863,1.96643,2.09082
IR_pY1146,36.5978,2.02863,1.96643,2.09082
IR_pY1146,36.8573,2.02863,1.96643,2.09082
IR_pY1146,37.1168,2.02863,1.96643,2.09082
IR_pY1146,37.3762,2.02863,1.96643,2.09082
IR_pY1146,37.6357,2.02863,1.96643,2.09082
IR_pY1146,37.8951,2.02863,1.96643,2.09082
IR_pY1146,38.1546,2.02863,1.96643,2.09082
IR_pY1146,38.414,2.02863,1.96643,2.09082
IR_pY1146,38.6735,2.02863,1.96643,2.09082
IR_pY1146,38.9329,2.02863,1.96643,2.09082
IR_pY1146,39.1924,2.02863,1.96643,2.09082
IR_pY1146,39.4518,2.02863,1.96643,2.09082
IR_pY1146,39.7113,2.02863,1.96643,2.09082
IR_pY1146,39.9708,2.02863,1.96643,2.09082
IR_pY1146,40.2302,2.02863,1.96643,2.09082
IR_pY1146,40.4897,2.02863,1.96643,2.09082
IR_pY1146,40.7491,2.02863,1.96643,2.09082
IR_pY1146,41.0086,2.02863,1.96643,2.09082
IR_pY1146,41.268,2.02863,1.96643,2.09082
IR_pY1146,41.5275,2.02863,1.96643,2.09082
IR_pY1146,41.7869,2.02085,1.96643,2.07527
IR_pY1146,42.0464,2.02085,1.96643,2.07527
IR_pY1146,42.3058,2.02863,1.98198,2.07527
IR_pY1146,42.5653,2.02863,1.98198,2.07527
IR_pY1146,42.8248,2.0364,1.99753,2.07527
IR_pY1146,43.0842,2.0364,1.99753,2.07527
IR_pY1146,43.3437,2.0364,1.99753,2.07527
IR_pY1146,43.6031,2.0364,1.99753,2.07527
IR_pY1146,43.8626,2.02863,1.98198,2.07527
IR_pY1146,44.122,2.0364,1.98198,2.09082
IR_pY1146,44.3815,2.0364,1.98198,2.09082
IR_pY1146,44.6409,2.0364,1.98198,2.09082
IR_pY1146,44.9004,2.0364,1.98198,2.09082
IR_pY1146,45.1599,2.02863,1.96643,2.09082
IR_pY1146,45.4193,2.02863,1.96643,2.09082
IR_pY1146,45.6788,2.02863,1.96643,2.09082
IR_pY1146,45.9382,2.02863,1.96643,2.09082
IR_pY1146,46.1977,2.02863,1.96643,2.09082
IR_pY1146,46.4571,2.02863,1.96643,2.09082
IR_pY1146,46.7166,2.02863,1.96643,2.09082
IR_pY1146,46.976,2.02863,1.96643,2.09082
IR_pY1146,47.2355,2.02863,1.96643,2.09082
IR_pY1146,47.4949,2.02863,1.96643,2.09082
IR_pY1146,47.7544,2.02863,1.96643,2.09082
IR_pY1146,48.0139,2.02863,1.96643,2.09082
IR_pY1146,48.2733,2.02863,1.96643,2.09082
IR_pY1146,48.5328,2.02863,1.96643,2.09082
IR_pY1146,48.7922,2.02863,1.96643,2.09082
IR_pY1146,49.0517,2.02863,1.96643,2.09082
IR_pY1146,49.3111,2.02863,1.96643,2.09082
IR_pY1146,49.5706,2.02863,1.96643,2.09082
IR_pY1146,49.83,2.02863,1.96643,2.09082
IR_pY1146,50.0895,2.02863,1.96643,2.09082
IR_pY1146,50.3489,2.02863,1.96643,2.09082
IR_pY1146,50.6084,2.02863,1.96643,2.09082
IR_pY1146,50.8679,2.02863,1.96643,2.09082
IR_pY1146,51.1273,2.02863,1.96643,2.09082
IR_pY1146,51.3868,2.02863,1.96643,2.09082
IR_pY1146,51.6462,2.02863,1.96643,2.09082
IR_pY1146,51.9057,2.02863,1.96643,2.09082
IR_pY1146,52.1651,2.02863,1.96643,2.09082
IR_pY1146,52.4246,2.02863,1.96643,2.09082
IR_pY1146,52.684,2.02863,1.96643,2.09082
IR_pY1146,52.9435,2.02863,1.96643,2.09082
IR_pY1146,53.203,2.02863,1.96643,2.09082
IR_pY1146,53.4624,2.02863,1.96643,2.09082
IR_pY1146,53.7219,2.02863,1.96643,2.09082
IR_pY1146,53.9813,2.02863,1.96643,2.09082
IR_pY1146,54.2408,2.02863,1.96643,2.09082
IR_pY1146,54.5002,2.02863,1.96643,2.09082
IR_pY1146,54.7597,2.02863,1.96643,2.09082
IR_pY1146,55.0191,2.02863,1.96643,2.09082
IR_pY1146,55.2786,2.02863,1.96643,2.09082
IR_pY1146,55.538,2.02863,1.96643,2.09082
IR_pY1146,55.7975,2.02863,1.96643,2.09082
IR_pY1146,56.057,2.02863,1.96643,2.09082
IR_pY1146,56.3164,2.02863,1.96643,2.09082
IR_pY1146,56.5759,2.0364,1.98198,2.09082
IR_pY1146,56.8353,2.0364,1.98198,2.09082
IR_pY1146,57.0948,2.0364,1.98198,2.09082
IR_pY1146,57.3542,2.0364,1.98198,2.09082
IR_pY1146,57.6137,2.02863,1.98198,2.07527
IR_pY1146,57.8731,2.0364,1.99753,2.07527
IR_pY1146,58.1326,2.0364,1.99753,2.07527
IR_pY1146,58.392,2.0364,1.99753,2.07527
IR_pY1146,58.6515,2.0364,1.99753,2.07527
IR_pY1146,58.911,2.02863,1.98198,2.07527
IR_pY1146,59.1704,2.02863,1.98198,2.07527
IR_pY1146,59.4299,2.0364,1.98198,2.09082
IR_pY1146,59.6893,2.02863,1.96643,2.09082
IR_pY1146,59.9488,2.02863,1.96643,2.09082
IR_pY1146,60.2082,2.02863,1.96643,2.09082
IR_pY1146,60.4677,2.02863,1.96643,2.09082
IR_pY1146,60.7271,2.02863,1.96643,2.09082
IR_pY1146,60.9866,2.02863,1.96643,2.09082
IR_pY1146,61.246,2.02863,1.96643,2.09082
IR_pY1146,61.5055,2.02863,1.96643,2.09082
IR_pY1146,61.765,2.02863,1.96643,2.09082
IR_pY1146,62.0244,2.02863,1.96643,2.09082
IR_pY1146,62.2839,2.02863,1.96643,2.09082
IR_pY1146,62.5433,2.02863,1.96643,2.09082
IR_pY1146,62.8028,2.02863,1.96643,2.09082
IR_pY1146,63.0622,2.02863,1.96643,2.09082
IR_pY1146,63.3217,2.02863,1.96643,2.09082
IR_pY1146,63.5811,2.02863,1.96643,2.09082
IR_pY1146,63.8406,2.02863,1.96643,2.09082
IR_pY1146,64.1001,2.02863,1.96643,2.09082
IR_pY1146,64.3595,2.02863,1.96643,2.09082
IR_pY1146,64.619,2.02863,1.96643,2.09082
IR_pY1146,64.8784,2.02863,1.96643,2.09082
IR_pY1146,65.1379,2.02863,1.96643,2.09082
IR_pY1146,65.3973,2.02863,1.96643,2.09082
IR_pY1146,65.6568,2.02863,1.96643,2.09082
IR_pY1146,65.9162,2.02863,1.96643,2.09082
IR_pY1146,66.1757,2.02863,1.96643,2.09082
IR_pY1146,66.4351,2.02863,1.96643,2.09082
IR_pY1146,66.6946,2.02863,1.96643,2.09082
IR_pY1146,66.9541,2.02863,1.96643,2.09082
IR_pY1146,67.2135,2.02863,1.96643,2.09082
IR_pY1146,67.473,2.02863,1.96643,2.09082
IR_pY1146,67.7324,2.02863,1.96643,2.09082
IR_pY1146,67.9919,2.02863,1.96643,2.09082
IR_pY1146,68.2513,2.02863,1.96643,2.09082
IR_pY1146,68.5108,2.02863,1.96643,2.09082
IR_pY1146,68.7702,2.02863,1.96643,2.09082
IR_pY1146,69.0297,2.02863,1.96643,2.09082
IR_pY1146,69.2891,2.02863,1.96643,2.09082
IR_pY1146,69.5486,2.02863,1.96643,2.09082
IR_pY1146,69.8081,2.02863,1.96643,2.09082
IR_pY1146,70.0675,2.02863,1.96643,2.09082
IR_pY1146,70.327,2.02863,1.96643,2.09082
IR_pY1146,70.5864,2.02863,1.96643,2.09082
IR_pY1146,70.8459,2.02863,1.96643,2.09082
IR_pY1146,71.1053,2.02863,1.96643,2.09082
IR_pY1146,71.3648,2.02863,1.96643,2.09082
IR_pY1146,71.6242,2.02863,1.96643,2.09082
IR_pY1146,71.8837,2.02863,1.96643,2.09082
IR_pY1146,72.1432,2.02863,1.96643,2.09082
IR_pY1146,72.4026,2.02863,1.96643,2.09082
IR_pY1146,72.6621,2.02863,1.96643,2.09082
IR_pY1146,72.9215,2.02863,1.96643,2.09082
IR_pY1146,73.181,2.02863,1.96643,2.09082
IR_pY1146,73.4404,2.02863,1.96643,2.09082
IR_pY1146,73.6999,2.02863,1.96643,2.09082
IR_pY1146,73.9593,2.02863,1.96643,2.09082
IR_pY1146,74.2188,2.02863,1.96643,2.09082
IR_pY1146,74.4782,2.02863,1.96643,2.09082
IR_pY1146,74.7377,2.02863,1.96643,2.09082
IR_pY1146,74.9972,2.02863,1.96643,2.09082
IR_pY1146,75.2566,2.02863,1.96643,2.09082
IR_pY1146,75.5161,2.02863,1.96643,2.09082
IR_pY1146,75.7755,2.02863,1.96643,2.09082
IR_pY1146,76.035,2.02863,1.96643,2.09082
IR_pY1146,76.2944,2.02863,1.96643,2.09082
IR_pY1146,76.5539,2.02863,1.96643,2.09082
IR_pY1146,76.8133,2.02863,1.96643,2.09082
IR_pY1146,77.0728,2.02863,1.96643,2.09082
IR_pY1146,77.3322,2.02863,1.96643,2.09082
IR_pY1146,77.5917,2.02863,1.96643,2.09082
IR_pY1146,77.8512,2.02863,1.96643,2.09082
IR_pY1146,78.1106,2.02863,1.96643,2.09082
IR_pY1146,78.3701,2.02863,1.96643,2.09082
IR_pY1146,78.6295,2.02863,1.96643,2.09082
IR_pY1146,78.889,2.02863,1.96643,2.09082
IR_pY1146,79.1484,2.02863,1.96643,2.09082
IR_pY1146,79.4079,2.02863,1.96643,2.09082
IR_pY1146,79.6673,2.02863,1.96643,2.09082
IR_pY1146,79.9268,2.02863,1.96643,2.09082
IR_pY1146,80.1863,2.02863,1.96643,2.09082
IR_pY1146,80.4457,2.02863,1.96643,2.09082
IR_pY1146,80.7052,2.02863,1.96643,2.09082
IR_pY1146,80.9646,2.02863,1.96643,2.09082
IR_pY1146,81.2241,2.02863,1.96643,2.09082
IR_pY1146,81.4835,2.02863,1.96643,2.09082
IR_pY1146,81.743,2.02863,1.96643,2.09082
IR_pY1146,82.0024,2.02863,1.96643,2.09082
IR_pY1146,82.2619,2.02863,1.96643,2.09082
IR_pY1146,82.5213,2.02863,1.96643,2.09082
IR_pY1146,82.7808,2.02863,1.96643,2.09082
IR_pY1146,83.0403,2.02863,1.96643,2.09082
IR_pY1146,83.2997,2.02863,1.96643,2.09082
IR_pY1146,83.5592,2.02863,1.96643,2.09082
IR_pY1146,83.8186,2.02863,1.96643,2.09082
IR_pY1146,84.0781,2.02863,1.96643,2.09082
IR_pY1146,84.3375,2.02863,1.96643,2.09082
IR_pY1146,84.597,2.02863,1.96643,2.09082
IR_pY1146,84.8564,2.02863,1.96643,2.09082
IR_pY1146,85.1159,2.02863,1.96643,2.09082
IR_pY1146,85.3753,2.02863,1.96643,2.09082
IR_pY1146,85.6348,2.02863,1.96643,2.09082
IR_pY1146,85.8943,2.02863,1.96643,2.09082
IR_pY1146,86.1537,2.02863,1.96643,2.09082
IR_pY1146,86.4132,2.02863,1.96643,2.09082
IR_pY1146,86.6726,2.02863,1.96643,2.09082
IR_pY1146,86.9321,2.02863,1.96643,2.09082
IR_pY1146,87.1915,2.02863,1.96643,2.09082
IR_pY1146,87.451,2.02863,1.96643,2.09082
IR_pY1146,87.7104,2.02863,1.96643,2.09082
IR_pY1146,87.9699,2.02863,1.96643,2.09082
IR_pY1146,88.2294,2.02863,1.96643,2.09082
IR_pY1146,88.4888,2.02863,1.96643,2.09082
IR_pY1146,88.7483,2.02863,1.96643,2.09082
IR_pY1146,89.0077,2.02863,1.96643,2.09082
IR_pY1146,89.2672,2.02863,1.96643,2.09082
IR_pY1146,89.5266,2.02863,1.96643,2.09082
IR_pY1146,89.7861,2.02863,1.96643,2.09082
IR_pY1146,90.0455,2.02863,1.96643,2.09082
IR_pY1146,90.305,2.02863,1.96643,2.09082
IR_pY1146,90.5644,2.02863,1.96643,2.09082
IR_pY1146,90.8239,2.02863,1.96643,2.09082
IR_pY1146,91.0834,2.02863,1.96643,2.09082
IR_pY1146,91.3428,2.02863,1.96643,2.09082
IR_pY1146,91.6023,2.02863,1.96643,2.09082
IR_pY1146,91.8617,2.02863,1.96643,2.09082
IR_pY1146,92.1212,2.02863,1.96643,2.09082
IR_pY1146,92.3806,2.02863,1.96643,2.09082
IR_pY1146,92.6401,2.02863,1.96643,2.09082
IR_pY1146,92.8995,2.02863,1.96643,2.09082
IR_pY1146,93.159,2.02863,1.96643,2.09082
IR_pY1146,93.4184,2.02863,1.96643,2.09082
IR_pY1146,93.6779,2.02863,1.96643,2.09082
IR_pY1146,93.9374,2.02863,1.96643,2.09082
IR_pY1146,94.1968,2.02863,1.96643,2.09082
IR_pY1146,94.4563,2.02863,1.96643,2.09082
IR_pY1146,94.7157,2.02863,1.96643,2.09082
IR_pY1146,94.9752,2.02863,1.96643,2.09082
IR_pY1146,95.2346,2.02863,1.96643,2.09082
IR_pY1146,95.4941,2.02863,1.96643,2.09082
IR_pY1146,95.7535,2.02863,1.96643,2.09082
IR_pY1146,96.013,2.02863,1.96643,2.09082
IR_pY1146,96.2725,2.02863,1.96643,2.09082
IR_pY1146,96.5319,2.02863,1.96643,2.09082
IR_pY1146,96.7914,2.02863,1.96643,2.09082
IR_pY1146,97.0508,2.02863,1.96643,2.09082
IR_pY1146,97.3103,2.02863,1.96643,2.09082
IR_pY1146,97.5697,2.02863,1.96643,2.09082
IR_pY1146,97.8292,2.02863,1.96643,2.09082
IR_pY1146,98.0886,2.02863,1.96643,2.09082
IR_pY1146,98.3481,2.02863,1.96643,2.09082
IR_pY1146,98.6075,2.02863,1.96643,2.09082
IR_pY1146,98.867,2.02863,1.96643,2.09082
IR_pY1146,99.1265,2.02863,1.96643,2.09082
IR_pY1146,99.3859,2.02863,1.96643,2.09082
IR_pY1146,99.6454,2.02863,1.96643,2.09082
IR_pY1146,99.9048,2.02863,1.96643,2.09082
IR_pY1146,100.164,2.02863,1.96643,2.09082
IR_pY1146,100.424,2.02863,1.96643,2.09082
IR_pY1146,100.683,2.02863,1.96643,2.09082
IR_pY1146,100.943,2.02863,1.96643,2.09082
IR_pY1146,101.202,2.02863,1.96643,2.09082
IR_pY1146,101.462,2.02863,1.96643,2.09082
IR_pY1146,101.721,2.02863,1.96643,2.09082
IR_pY1146,101.98,2.02863,1.96643,2.09082
IR_pY1146,102.24,2.02863,1.96643,2.09082
IR_pY1146,102.499,2.02863,1.96643,2.09082
IR_pY1146,102.759,2.02863,1.96643,2.09082
IR_pY1146,103.018,2.02863,1.96643,2.09082
IR_pY1146,103.278,2.02863,1.96643,2.09082
IR_pY1146,103.537,2.02863,1.96643,2.09082
IR_pY1146,103.797,2.02863,1.96643,2.09082
IR_pY1146,104.056,2.02863,1.96643,2.09082
IR_pY1146,104.316,2.02863,1.96643,2.09082
IR_pY1146,104.575,2.02863,1.96643,2.09082
IR_pY1146,104.834,2.02863,1.96643,2.09082
IR_pY1146,105.094,2.02863,1.96643,2.09082
IR_pY1146,105.353,2.02863,1.96643,2.09082
IR_pY1146,105.613,2.02863,1.96643,2.09082
IR_pY1146,105.872,2.02863,1.96643,2.09082
IR_pY1146,106.132,2.02863,1.96643,2.09082
IR_pY1146,106.391,2.02863,1.96643,2.09082
IR_pY1146,106.651,2.02863,1.96643,2.09082
IR_pY1146,106.91,2.02863,1.96643,2.09082
IR_pY1146,107.17,2.02863,1.96643,2.09082
IR_pY1146,107.429,2.02863,1.96643,2.09082
IR_pY1146,107.688,2.02863,1.96643,2.09082
IR_pY1146,107.948,2.02863,1.96643,2.09082
IR_pY1146,108.207,2.02863,1.96643,2.09082
IR_pY1146,108.467,2.02863,1.96643,2.09082
IR_pY1146,108.726,2.02863,1.96643,2.09082
IR_pY1146,108.986,2.02863,1.96643,2.09082
IR_pY1146,109.245,2.02863,1.96643,2.09082
IR_pY1146,109.505,2.02863,1.96643,2.09082
IR_pY1146,109.764,2.02863,1.96643,2.09082
IR_pY1146,110.024,2.02863,1.96643,2.09082
IR_pY1146,110.283,2.02863,1.96643,2.09082
IR_pY1146,110.542,2.02863,1.96643,2.09082
IR_pY1146,110.802,2.02863,1.96643,2.09082
IR_pY1146,111.061,2.02863,1.96643,2.09082
IR_pY1146,111.321,2.02863,1.96643,2.09082
IR_pY1146,111.58,2.02863,1.96643,2.09082
IR_pY1146,111.84,2.02863,1.96643,2.09082
IR_pY1146,112.099,2.02863,1.96643,2.09082
IR_pY1146,112.359,2.02863,1.96643,2.09082
IR_pY1146,112.618,2.02863,1.96643,2.09082
IR_pY1146,112.878,2.02863,1.96643,2.09082
IR_pY1146,113.137,2.02863,1.96643,2.09082
IR_pY1146,113.396,2.02863,1.96643,2.09082
IR_pY1146,113.656,2.02863,1.96643,2.09082
IR_pY1146,113.915,2.02863,1.96643,2.09082
IR_pY1146,114.175,2.02863,1.96643,2.09082
IR_pY1146,114.434,2.02863,1.96643,2.09082
IR_pY1146,114.694,2.02863,1.96643,2.09082
IR_pY1146,114.953,2.02863,1.96643,2.09082
IR_pY1146,115.213,2.02863,1.96643,2.09082
IR_pY1146,115.472,2.02863,1.96643,2.09082
IR_pY1146,115.732,2.02863,1.96643,2.09082
IR_pY1146,115.991,2.02863,1.96643,2.09082
IR_pY1146,116.25,2.02863,1.96643,2.09082
IR_pY1146,116.51,2.02863,1.96643,2.09082
IR_pY1146,116.769,2.0364,1.98198,2.09082
IR_pY1146,117.029,2.02863,1.98198,2.07527
IR_pY1146,117.288,2.0364,2.01308,2.05972
AMPK_pT172,0,6.34002,0.438911,12.2411
AMPK_pT172,0,8.52562,0.438911,16.6123
AMPK_pT172,0.144439,12.1319,6.55858,17.7051
AMPK_pT172,0.403894,14.2082,10.2741,18.1422
AMPK_pT172,0.663349,14.7546,11.1483,18.3608
AMPK_pT172,0.922803,15.8474,13.3339,18.3608
AMPK_pT172,1.18226,16.1752,13.771,18.5794
AMPK_pT172,1.44171,16.6123,14.6453,18.5794
AMPK_pT172,1.70117,17.0494,15.5195,18.5794
AMPK_pT172,1.96062,17.268,15.9566,18.5794
AMPK_pT172,2.22008,17.268,15.9566,18.5794
AMPK_pT172,2.47953,17.268,16.1752,18.3608
AMPK_pT172,2.73899,17.268,16.1752,18.3608
AMPK_pT172,2.99844,17.0494,15.9566,18.1422
AMPK_pT172,3.2579,16.8309,15.7381,17.9237
AMPK_pT172,3.51735,16.8309,15.7381,17.9237
AMPK_pT172,3.77681,16.6123,15.7381,17.4866
AMPK_pT172,4.03626,16.3938,15.7381,17.0494
AMPK_pT172,4.81463,14.2082,13.5525,14.8638
AMPK_pT172,5.07408,13.9896,13.3339,14.6453
AMPK_pT172,5.33354,13.5525,12.4597,14.6453
AMPK_pT172,5.59299,13.2247,11.804,14.6453
AMPK_pT172,5.85245,12.8968,11.5855,14.2082
AMPK_pT172,6.1119,12.6783,11.3669,13.9896
AMPK_pT172,6.37135,12.4597,11.1483,13.771
AMPK_pT172,6.63081,12.2411,10.9298,13.5525
AMPK_pT172,6.89026,12.1319,10.9298,13.3339
AMPK_pT172,7.14972,11.9133,10.7112,13.1154
AMPK_pT172,7.40917,11.6947,10.4927,12.8968
AMPK_pT172,7.66863,11.4762,10.2741,12.6783
AMPK_pT172,7.92808,11.2576,10.2741,12.2411
AMPK_pT172,8.18754,11.0391,10.0555,12.0226
AMPK_pT172,8.44699,10.8205,9.83698,11.804
AMPK_pT172,8.70645,10.7112,9.83698,11.5855
AMPK_pT172,8.9659,10.4927,9.61842,11.3669
AMPK_pT172,9.22536,10.3834,9.61842,11.1483
AMPK_pT172,9.48481,10.2741,9.61842,10.9298
AMPK_pT172,9.74427,10.2741,9.61842,10.9298
AMPK_pT172,10.0037,10.2741,9.61842,10.9298
AMPK_pT172,10.2632,10.1648,9.61842,10.7112
AMPK_pT172,10.5226,10.0555,9.39986,10.7112
AMPK_pT172,10.7821,9.94626,9.1813,10.7112
AMPK_pT172,11.0415,9.94626,9.1813,10.7112
AMPK_pT172,11.301,9.94626,9.1813,10.7112
AMPK_pT172,11.5605,9.83698,8.96274,10.7112
AMPK_pT172,11.8199,9.94626,8.96274,10.9298
AMPK_pT172,12.0794,9.83698,8.96274,10.7112
AMPK_pT172,12.3388,9.83698,8.96274,10.7112
AMPK_pT172,12.5983,9.7277,8.96274,10.4927
AMPK_pT172,12.8577,9.7277,8.96274,10.4927
AMPK_pT172,13.1172,9.7277,8.96274,10.4927
AMPK_pT172,13.3766,9.61842,8.96274,10.2741
AMPK_pT172,13.6361,9.61842,8.96274,10.2741
AMPK_pT172,13.8955,9.61842,8.96274,10.2741
AMPK_pT172,14.155,9.61842,8.96274,10.2741
AMPK_pT172,14.4145,9.61842,8.96274,10.2741
AMPK_pT172,14.6739,9.61842,8.96274,10.2741
AMPK_pT172,14.9334,9.50914,8.96274,10.0555
AMPK_pT172,15.1928,9.50914,8.96274,10.0555
AMPK_pT172,15.4523,9.50914,8.96274,10.0555
AMPK_pT172,15.7117,9.50914,8.74418,10.2741
AMPK_pT172,15.9712,9.50914,8.74418,10.2741
AMPK_pT172,16.2306,9.50914,8.74418,10.2741
AMPK_pT172,16.4901,9.50914,8.74418,10.2741
AMPK_pT172,16.7495,9.50914,8.74418,10.2741
AMPK_pT172,17.009,9.39986,8.52562,10.2741
AMPK_pT172,17.2685,9.39986,8.52562,10.2741
AMPK_pT172,17.5279,9.39986,8.52562,10.2741
AMPK_pT172,17.7874,9.39986,8.52562,10.2741
AMPK_pT172,18.0468,9.39986,8.52562,10.2741
AMPK_pT172,18.3063,9.39986,8.52562,10.2741
AMPK_pT172,18.5657,9.39986,8.52562,10.2741
AMPK_pT172,18.8252,9.39986,8.52562,10.2741
AMPK_pT172,19.0846,9.39986,8.52562,10.2741
AMPK_pT172,19.3441,9.29058,8.30706,10.2741
AMPK_pT172,19.6036,9.29058,8.30706,10.2741
AMPK_pT172,19.863,9.29058,8.30706,10.2741
AMPK_pT172,20.1225,9.29058,8.30706,10.2741
AMPK_pT172,20.3819,9.29058,8.30706,10.2741
AMPK_pT172,20.6414,9.29058,8.30706,10.2741
AMPK_pT172,20.9008,9.29058,8.30706,10.2741
AMPK_pT172,21.1603,9.29058,8.30706,10.2741
AMPK_pT172,21.4197,9.29058,8.30706,10.2741
AMPK_pT172,21.6792,9.29058,8.30706,10.2741
AMPK_pT172,21.9386,9.29058,8.30706,10.2741
AMPK_pT172,22.1981,9.29058,8.30706,10.2741
AMPK_pT172,22.4576,9.1813,8.30706,10.0555
AMPK_pT172,22.717,9.1813,8.30706,10.0555
AMPK_pT172,22.9765,9.1813,8.30706,10.0555
AMPK_pT172,23.2359,9.1813,8.30706,10.0555
AMPK_pT172,23.4954,9.1813,8.30706,10.0555
AMPK_pT172,23.7548,9.1813,8.30706,10.0555
AMPK_pT172,24.0143,9.1813,8.30706,10.0555
AMPK_pT172,24.2737,9.1813,8.30706,10.0555
AMPK_pT172,24.5332,9.1813,8.30706,10.0555
AMPK_pT172,24.7926,9.1813,8.30706,10.0555
AMPK_pT172,25.0521,9.1813,8.30706,10.0555
AMPK_pT172,25.3116,9.1813,8.30706,10.0555
AMPK_pT172,25.571,9.1813,8.30706,10.0555
AMPK_pT172,25.8305,9.1813,8.30706,10.0555
AMPK_pT172,26.0899,9.1813,8.30706,10.0555
AMPK_pT172,26.3494,9.29058,8.30706,10.2741
AMPK_pT172,26.6088,9.29058,8.30706,10.2741
AMPK_pT172,26.8683,9.39986,8.52562,10.2741
AMPK_pT172,27.1277,9.39986,8.52562,10.2741
AMPK_pT172,27.3872,9.39986,8.52562,10.2741
AMPK_pT172,27.6467,9.39986,8.52562,10.2741
AMPK_pT172,27.9061,9.39986,8.52562,10.2741
AMPK_pT172,28.1656,9.39986,8.52562,10.2741
AMPK_pT172,28.425,9.39986,8.52562,10.2741
AMPK_pT172,28.6845,9.39986,8.52562,10.2741
AMPK_pT172,28.9439,9.39986,8.52562,10.2741
AMPK_pT172,29.2034,9.39986,8.52562,10.2741
AMPK_pT172,29.4628,9.39986,8.52562,10.2741
AMPK_pT172,29.7223,9.39986,8.52562,10.2741
AMPK_pT172,29.9817,9.39986,8.52562,10.2741
AMPK_pT172,30.2412,9.39986,8.52562,10.2741
AMPK_pT172,30.5007,9.39986,8.52562,10.2741
AMPK_pT172,30.7601,9.39986,8.52562,10.2741
AMPK_pT172,31.0196,9.39986,8.52562,10.2741
AMPK_pT172,31.279,9.39986,8.52562,10.2741
AMPK_pT172,31.5385,9.39986,8.52562,10.2741
AMPK_pT172,31.7979,9.39986,8.52562,10.2741
AMPK_pT172,32.0574,9.39986,8.52562,10.2741
AMPK_pT172,32.3168,9.39986,8.52562,10.2741
AMPK_pT172,32.5763,9.39986,8.52562,10.2741
AMPK_pT172,32.8357,9.39986,8.52562,10.2741
AMPK_pT172,33.0952,9.39986,8.52562,10.2741
AMPK_pT172,33.3547,9.39986,8.52562,10.2741
AMPK_pT172,33.6141,9.39986,8.52562,10.2741
AMPK_pT172,33.8736,9.39986,8.52562,10.2741
AMPK_pT172,34.133,9.39986,8.52562,10.2741
AMPK_pT172,34.3925,9.39986,8.52562,10.2741
AMPK_pT172,34.6519,9.39986,8.52562,10.2741
AMPK_pT172,34.9114,9.39986,8.52562,10.2741
AMPK_pT172,35.1708,9.39986,8.52562,10.2741
AMPK_pT172,35.4303,9.39986,8.52562,10.2741
AMPK_pT172,35.6897,9.39986,8.52562,10.2741
AMPK_pT172,35.9492,9.39986,8.52562,10.2741
AMPK_pT172,36.2087,9.39986,8.52562,10.2741
AMPK_pT172,36.4681,9.39986,8.52562,10.2741
AMPK_pT172,36.7276,9.39986,8.52562,10.2741
AMPK_pT172,36.987,9.39986,8.52562,10.2741
AMPK_pT172,37.2465,9.39986,8.52562,10.2741
AMPK_pT172,37.5059,9.39986,8.52562,10.2741
AMPK_pT172,37.7654,9.39986,8.52562,10.2741
AMPK_pT172,38.0248,9.39986,8.52562,10.2741
AMPK_pT172,38.2843,9.39986,8.52562,10.2741
AMPK_pT172,38.5438,9.39986,8.52562,10.2741
AMPK_pT172,38.8032,9.39986,8.52562,10.2741
AMPK_pT172,39.0627,9.39986,8.52562,10.2741
AMPK_pT172,39.3221,9.39986,8.52562,10.2741
AMPK_pT172,39.5816,9.39986,8.52562,10.2741
AMPK_pT172,39.841,9.39986,8.52562,10.2741
AMPK_pT172,40.1005,9.39986,8.52562,10.2741
AMPK_pT172,40.3599,9.39986,8.52562,10.2741
AMPK_pT172,40.6194,9.39986,8.52562,10.2741
AMPK_pT172,40.8788,9.39986,8.52562,10.2741
AMPK_pT172,41.1383,9.39986,8.52562,10.2741
AMPK_pT172,41.3978,9.39986,8.52562,10.2741
AMPK_pT172,41.6572,9.39986,8.52562,10.2741
AMPK_pT172,41.9167,9.39986,8.52562,10.2741
AMPK_pT172,42.1761,9.39986,8.52562,10.2741
AMPK_pT172,42.4356,9.39986,8.52562,10.2741
AMPK_pT172,42.695,9.39986,8.52562,10.2741
AMPK_pT172,42.9545,9.39986,8.52562,10.2741
AMPK_pT172,43.2139,9.39986,8.52562,10.2741
AMPK_pT172,43.4734,9.39986,8.52562,10.2741
AMPK_pT172,43.7328,9.39986,8.52562,10.2741
AMPK_pT172,43.9923,9.39986,8.52562,10.2741
AMPK_pT172,44.2518,9.39986,8.52562,10.2741
AMPK_pT172,44.5112,9.39986,8.52562,10.2741
AMPK_pT172,44.7707,9.39986,8.52562,10.2741
AMPK_pT172,45.0301,9.39986,8.52562,10.2741
AMPK_pT172,45.2896,9.39986,8.52562,10.2741
AMPK_pT172,45.549,9.39986,8.52562,10.2741
AMPK_pT172,45.8085,9.39986,8.52562,10.2741
AMPK_pT172,46.0679,9.39986,8.52562,10.2741
AMPK_pT172,46.3274,9.39986,8.52562,10.2741
AMPK_pT172,46.5869,9.39986,8.52562,10.2741
AMPK_pT172,46.8463,9.39986,8.52562,10.2741
AMPK_pT172,47.1058,9.39986,8.52562,10.2741
AMPK_pT172,47.3652,9.39986,8.52562,10.2741
AMPK_pT172,47.6247,9.39986,8.52562,10.2741
AMPK_pT172,47.8841,9.39986,8.52562,10.2741
AMPK_pT172,48.1436,9.39986,8.52562,10.2741
AMPK_pT172,48.403,9.39986,8.52562,10.2741
AMPK_pT172,48.6625,9.39986,8.52562,10.2741
AMPK_pT172,48.9219,9.39986,8.52562,10.2741
AMPK_pT172,49.1814,9.39986,8.52562,10.2741
AMPK_pT172,49.4409,9.39986,8.52562,10.2741
AMPK_pT172,49.7003,9.39986,8.52562,10.2741
AMPK_pT172,49.9598,9.39986,8.52562,10.2741
AMPK_pT172,50.2192,9.39986,8.52562,10.2741
AMPK_pT172,50.4787,9.39986,8.52562,10.2741
AMPK_pT172,50.7381,9.39986,8.52562,10.2741
AMPK_pT172,50.9976,9.39986,8.52562,10.2741
AMPK_pT172,51.257,9.39986,8.52562,10.2741
AMPK_pT172,51.5165,9.39986,8.52562,10.2741
AMPK_pT172,51.7759,9.39986,8.52562,10.2741
AMPK_pT172,52.0354,9.39986,8.52562,10.2741
AMPK_pT172,52.2949,9.39986,8.52562,10.2741
AMPK_pT172,52.5543,9.39986,8.52562,10.2741
AMPK_pT172,52.8138,9.39986,8.52562,10.2741
AMPK_pT172,53.0732,9.39986,8.52562,10.2741
AMPK_pT172,53.3327,9.39986,8.52562,10.2741
AMPK_pT172,53.5921,9.39986,8.52562,10.2741
AMPK_pT172,53.8516,9.39986,8.52562,10.2741
AMPK_pT172,54.111,9.39986,8.52562,10.2741
AMPK_pT172,54.3705,9.39986,8.52562,10.2741
AMPK_pT172,54.63,9.39986,8.52562,10.2741
AMPK_pT172,54.8894,9.39986,8.52562,10.2741
AMPK_pT172,55.1489,9.39986,8.52562,10.2741
AMPK_pT172,55.4083,9.39986,8.52562,10.2741
AMPK_pT172,55.6678,9.39986,8.52562,10.2741
AMPK_pT172,55.9272,9.39986,8.52562,10.2741
AMPK_pT172,56.1867,9.39986,8.52562,10.2741
AMPK_pT172,56.4461,9.39986,8.52562,10.2741
AMPK_pT172,56.7056,9.39986,8.52562,10.2741
AMPK_pT172,56.965,9.39986,8.52562,10.2741
AMPK_pT172,57.2245,9.39986,8.52562,10.2741
AMPK_pT172,57.484,9.39986,8.52562,10.2741
AMPK_pT172,57.7434,9.39986,8.52562,10.2741
AMPK_pT172,58.0029,9.39986,8.52562,10.2741
AMPK_pT172,58.2623,9.39986,8.52562,10.2741
AMPK_pT172,58.5218,9.39986,8.52562,10.2741
AMPK_pT172,58.7812,9.39986,8.52562,10.2741
AMPK_pT172,59.0407,9.39986,8.52562,10.2741
AMPK_pT172,59.3001,9.39986,8.52562,10.2741
AMPK_pT172,59.5596,9.39986,8.52562,10.2741
AMPK_pT172,59.819,9.39986,8.52562,10.2741
AMPK_pT172,60.0785,9.39986,8.52562,10.2741
AMPK_pT172,60.338,9.39986,8.52562,10.2741
AMPK_pT172,60.5974,9.39986,8.52562,10.2741
AMPK_pT172,60.8569,9.39986,8.52562,10.2741
AMPK_pT172,61.1163,9.39986,8.52562,10.2741
AMPK_pT172,61.3758,9.39986,8.52562,10.2741
AMPK_pT172,61.6352,9.39986,8.52562,10.2741
AMPK_pT172,61.8947,9.39986,8.52562,10.2741
AMPK_pT172,62.1541,9.39986,8.52562,10.2741
AMPK_pT172,62.4136,9.39986,8.52562,10.2741
AMPK_pT172,62.6731,9.39986,8.52562,10.2741
AMPK_pT172,62.9325,9.39986,8.52562,10.2741
AMPK_pT172,63.192,9.39986,8.52562,10.2741
AMPK_pT172,63.4514,9.39986,8.52562,10.2741
AMPK_pT172,63.7109,9.39986,8.52562,10.2741
AMPK_pT172,63.9703,9.39986,8.52562,10.2741
AMPK_pT172,64.2298,9.39986,8.52562,10.2741
AMPK_pT172,64.4892,9.39986,8.52562,10.2741
AMPK_pT172,64.7487,9.39986,8.52562,10.2741
AMPK_pT172,65.0081,9.39986,8.52562,10.2741
AMPK_pT172,65.2676,9.39986,8.52562,10.2741
AMPK_pT172,65.5271,9.39986,8.52562,10.2741
AMPK_pT172,65.7865,9.39986,8.52562,10.2741
AMPK_pT172,66.046,9.39986,8.52562,10.2741
AMPK_pT172,66.3054,9.39986,8.52562,10.2741
AMPK_pT172,66.5649,9.39986,8.52562,10.2741
AMPK_pT172,66.8243,9.39986,8.52562,10.2741
AMPK_pT172,67.0838,9.39986,8.52562,10.2741
AMPK_pT172,67.3432,9.39986,8.52562,10.2741
AMPK_pT172,67.6027,9.39986,8.52562,10.2741
AMPK_pT172,67.8621,9.39986,8.52562,10.2741
AMPK_pT172,68.1216,9.39986,8.52562,10.2741
AMPK_pT172,68.3811,9.39986,8.52562,10.2741
AMPK_pT172,68.6405,9.39986,8.52562,10.2741
AMPK_pT172,68.9,9.39986,8.52562,10.2741
AMPK_pT172,69.1594,9.39986,8.52562,10.2741
AMPK_pT172,69.4189,9.39986,8.52562,10.2741
AMPK_pT172,69.6783,9.39986,8.52562,10.2741
AMPK_pT172,69.9378,9.39986,8.52562,10.2741
AMPK_pT172,70.1972,9.39986,8.52562,10.2741
AMPK_pT172,70.4567,9.39986,8.52562,10.2741
AMPK_pT172,70.7162,9.39986,8.52562,10.2741
AMPK_pT172,70.9756,9.39986,8.52562,10.2741
AMPK_pT172,71.2351,9.39986,8.52562,10.2741
AMPK_pT172,71.4945,9.39986,8.52562,10.2741
AMPK_pT172,71.754,9.39986,8.52562,10.2741
AMPK_pT172,72.0134,9.39986,8.52562,10.2741
AMPK_pT172,72.2729,9.39986,8.52562,10.2741
AMPK_pT172,72.5323,9.39986,8.52562,10.2741
AMPK_pT172,72.7918,9.39986,8.52562,10.2741
AMPK_pT172,73.0512,9.39986,8.52562,10.2741
AMPK_pT172,73.3107,9.39986,8.52562,10.2741
AMPK_pT172,73.5702,9.39986,8.52562,10.2741
AMPK_pT172,73.8296,9.39986,8.52562,10.2741
AMPK_pT172,74.0891,9.39986,8.52562,10.2741
AMPK_pT172,74.3485,9.39986,8.52562,10.2741
AMPK_pT172,74.608,9.39986,8.52562,10.2741
AMPK_pT172,74.8674,9.39986,8.52562,10.2741
AMPK_pT172,75.1269,9.39986,8.52562,10.2741
AMPK_pT172,75.3863,9.39986,8.52562,10.2741
AMPK_pT172,75.6458,9.39986,8.52562,10.2741
AMPK_pT172,75.9052,9.39986,8.52562,10.2741
AMPK_pT172,76.1647,9.39986,8.52562,10.2741
AMPK_pT172,76.4242,9.39986,8.52562,10.2741
AMPK_pT172,76.6836,9.39986,8.52562,10.2741
AMPK_pT172,76.9431,9.39986,8.52562,10.2741
AMPK_pT172,77.2025,9.39986,8.52562,10.2741
AMPK_pT172,77.462,9.39986,8.52562,10.2741
AMPK_pT172,77.7214,9.39986,8.52562,10.2741
AMPK_pT172,77.9809,9.39986,8.52562,10.2741
AMPK_pT172,78.2403,9.39986,8.52562,10.2741
AMPK_pT172,78.4998,9.39986,8.52562,10.2741
AMPK_pT172,78.7593,9.39986,8.52562,10.2741
AMPK_pT172,79.0187,9.39986,8.52562,10.2741
AMPK_pT172,79.2782,9.39986,8.52562,10.2741
AMPK_pT172,79.5376,9.39986,8.52562,10.2741
AMPK_pT172,79.7971,9.39986,8.52562,10.2741
AMPK_pT172,80.0565,9.39986,8.52562,10.2741
AMPK_pT172,80.316,9.39986,8.52562,10.2741
AMPK_pT172,80.5754,9.39986,8.52562,10.2741
AMPK_pT172,80.8349,9.39986,8.52562,10.2741
AMPK_pT172,81.0943,9.39986,8.52562,10.2741
AMPK_pT172,81.3538,9.39986,8.52562,10.2741
AMPK_pT172,81.6133,9.39986,8.52562,10.2741
AMPK_pT172,81.8727,9.39986,8.52562,10.2741
AMPK_pT172,82.1322,9.39986,8.52562,10.2741
AMPK_pT172,82.3916,9.39986,8.52562,10.2741
AMPK_pT172,82.6511,9.39986,8.52562,10.2741
AMPK_pT172,82.9105,9.39986,8.52562,10.2741
AMPK_pT172,83.17,9.39986,8.52562,10.2741
AMPK_pT172,83.4294,9.39986,8.52562,10.2741
AMPK_pT172,83.6889,9.39986,8.52562,10.2741
AMPK_pT172,83.9483,9.39986,8.52562,10.2741
AMPK_pT172,84.2078,9.39986,8.52562,10.2741
AMPK_pT172,84.4673,9.39986,8.52562,10.2741
AMPK_pT172,84.7267,9.39986,8.52562,10.2741
AMPK_pT172,84.9862,9.39986,8.52562,10.2741
AMPK_pT172,85.2456,9.39986,8.52562,10.2741
AMPK_pT172,85.5051,9.39986,8.52562,10.2741
AMPK_pT172,85.7645,9.39986,8.52562,10.2741
AMPK_pT172,86.024,9.39986,8.52562,10.2741
AMPK_pT172,86.2834,9.39986,8.52562,10.2741
AMPK_pT172,86.5429,9.39986,8.52562,10.2741
AMPK_pT172,86.8023,9.39986,8.52562,10.2741
AMPK_pT172,87.0618,9.39986,8.52562,10.2741
AMPK_pT172,87.3213,9.39986,8.52562,10.2741
AMPK_pT172,87.5807,9.39986,8.52562,10.2741
AMPK_pT172,87.8402,9.39986,8.52562,10.2741
AMPK_pT172,88.0996,9.39986,8.52562,10.2741
AMPK_pT172,88.3591,9.39986,8.52562,10.2741
AMPK_pT172,88.6185,9.39986,8.52562,10.2741
AMPK_pT172,88.878,9.39986,8.52562,10.2741
AMPK_pT172,89.1374,9.39986,8.52562,10.2741
AMPK_pT172,89.3969,9.39986,8.52562,10.2741
AMPK_pT172,89.6564,9.39986,8.52562,10.2741
AMPK_pT172,89.9158,9.39986,8.52562,10.2741
AMPK_pT172,90.1753,9.39986,8.52562,10.2741
AMPK_pT172,90.4347,9.39986,8.52562,10.2741
AMPK_pT172,90.6942,9.39986,8.52562,10.2741
AMPK_pT172,90.9536,9.39986,8.52562,10.2741
AMPK_pT172,91.2131,9.39986,8.52562,10.2741
AMPK_pT172,91.4725,9.39986,8.52562,10.2741
AMPK_pT172,91.732,9.39986,8.52562,10.2741
AMPK_pT172,91.9914,9.39986,8.52562,10.2741
AMPK_pT172,92.2509,9.39986,8.52562,10.2741
AMPK_pT172,92.5104,9.39986,8.52562,10.2741
AMPK_pT172,92.7698,9.39986,8.52562,10.2741
AMPK_pT172,93.0293,9.39986,8.52562,10.2741
AMPK_pT172,93.2887,9.39986,8.52562,10.2741
AMPK_pT172,93.5482,9.39986,8.52562,10.2741
AMPK_pT172,93.8076,9.39986,8.52562,10.2741
AMPK_pT172,94.0671,9.39986,8.52562,10.2741
AMPK_pT172,94.3265,9.39986,8.52562,10.2741
AMPK_pT172,94.586,9.39986,8.52562,10.2741
AMPK_pT172,94.8454,9.39986,8.52562,10.2741
AMPK_pT172,95.1049,9.39986,8.52562,10.2741
AMPK_pT172,95.3644,9.39986,8.52562,10.2741
AMPK_pT172,95.6238,9.39986,8.52562,10.2741
AMPK_pT172,95.8833,9.39986,8.52562,10.2741
AMPK_pT172,96.1427,9.39986,8.52562,10.2741
AMPK_pT172,96.4022,9.39986,8.52562,10.2741
AMPK_pT172,96.6616,9.39986,8.52562,10.2741
AMPK_pT172,96.9211,9.39986,8.52562,10.2741
AMPK_pT172,97.1805,9.39986,8.52562,10.2741
AMPK_pT172,97.44,9.39986,8.52562,10.2741
AMPK_pT172,97.6995,9.39986,8.52562,10.2741
AMPK_pT172,97.9589,9.39986,8.52562,10.2741
AMPK_pT172,98.2184,9.39986,8.52562,10.2741
AMPK_pT172,98.4778,9.39986,8.52562,10.2741
AMPK_pT172,98.7373,9.39986,8.52562,10.2741
AMPK_pT172,98.9967,9.39986,8.52562,10.2741
AMPK_pT172,99.2562,9.39986,8.52562,10.2741
AMPK_pT172,99.5156,9.39986,8.52562,10.2741
AMPK_pT172,99.7751,9.39986,8.52562,10.2741
AMPK_pT172,100.035,9.39986,8.52562,10.2741
AMPK_pT172,100.294,9.39986,8.52562,10.2741
AMPK_pT172,100.553,9.39986,8.52562,10.2741
AMPK_pT172,100.813,9.39986,8.52562,10.2741
AMPK_pT172,101.072,9.39986,8.52562,10.2741
AMPK_pT172,101.332,9.39986,8.52562,10.2741
AMPK_pT172,101.591,9.39986,8.52562,10.2741
AMPK_pT172,101.851,9.39986,8.52562,10.2741
AMPK_pT172,102.11,9.39986,8.52562,10.2741
AMPK_pT172,102.37,9.39986,8.52562,10.2741
AMPK_pT172,102.629,9.39986,8.52562,10.2741
AMPK_pT172,102.889,9.39986,8.52562,10.2741
AMPK_pT172,103.148,9.39986,8.52562,10.2741
AMPK_pT172,103.407,9.39986,8.52562,10.2741
AMPK_pT172,103.667,9.39986,8.52562,10.2741
AMPK_pT172,103.926,9.39986,8.52562,10.2741
AMPK_pT172,104.186,9.39986,8.52562,10.2741
AMPK_pT172,104.445,9.39986,8.52562,10.2741
AMPK_pT172,104.705,9.39986,8.52562,10.2741
AMPK_pT172,104.964,9.39986,8.52562,10.2741
AMPK_pT172,105.224,9.39986,8.52562,10.2741
AMPK_pT172,105.483,9.39986,8.52562,10.2741
AMPK_pT172,105.743,9.39986,8.52562,10.2741
AMPK_pT172,106.002,9.39986,8.52562,10.2741
AMPK_pT172,106.261,9.39986,8.52562,10.2741
AMPK_pT172,106.521,9.39986,8.52562,10.2741
AMPK_pT172,106.78,9.39986,8.52562,10.2741
AMPK_pT172,107.04,9.39986,8.52562,10.2741
AMPK_pT172,107.299,9.39986,8.52562,10.2741
AMPK_pT172,107.559,9.39986,8.52562,10.2741
AMPK_pT172,107.818,9.39986,8.52562,10.2741
AMPK_pT172,108.078,9.39986,8.52562,10.2741
AMPK_pT172,108.337,9.39986,8.52562,10.2741
AMPK_pT172,108.597,9.39986,8.52562,10.2741
AMPK_pT172,108.856,9.39986,8.52562,10.2741
AMPK_pT172,109.115,9.39986,8.52562,10.2741
AMPK_pT172,109.375,9.39986,8.52562,10.2741
AMPK_pT172,109.634,9.39986,8.52562,10.2741
AMPK_pT172,109.894,9.39986,8.52562,10.2741
AMPK_pT172,110.153,9.39986,8.52562,10.2741
AMPK_pT172,110.413,9.39986,8.52562,10.2741
AMPK_pT172,110.672,9.39986,8.52562,10.2741
AMPK_pT172,110.932,9.39986,8.52562,10.2741
AMPK_pT172,111.191,9.39986,8.52562,10.2741
AMPK_pT172,111.451,9.39986,8.52562,10.2741
AMPK_pT172,111.71,9.39986,8.52562,10.2741
AMPK_pT172,111.969,9.39986,8.52562,10.2741
AMPK_pT172,112.229,9.39986,8.52562,10.2741
AMPK_pT172,112.488,9.39986,8.52562,10.2741
AMPK_pT172,112.748,9.39986,8.52562,10.2741
AMPK_pT172,113.007,9.39986,8.52562,10.2741
AMPK_pT172,113.267,9.39986,8.52562,10.2741
AMPK_pT172,113.526,9.39986,8.52562,10.2741
AMPK_pT172,113.786,9.39986,8.52562,10.2741
AMPK_pT172,114.045,9.39986,8.52562,10.2741
AMPK_pT172,114.305,9.39986,8.52562,10.2741
AMPK_pT172,114.564,9.39986,8.52562,10.2741
AMPK_pT172,114.823,9.39986,8.52562,10.2741
AMPK_pT172,115.083,9.39986,8.52562,10.2741
AMPK_pT172,115.342,9.39986,8.52562,10.2741
AMPK_pT172,115.602,9.39986,8.52562,10.2741
AMPK_pT172,115.861,9.39986,8.52562,10.2741
AMPK_pT172,116.121,9.39986,8.52562,10.2741
AMPK_pT172,116.38,9.39986,8.52562,10.2741
AMPK_pT172,116.64,9.39986,8.52562,10.2741
AMPK_pT172,116.899,9.39986,8.52562,10.2741
AMPK_pT172,117.159,9.39986,8.52562,10.2741
AMPK_pT172,117.418,9.39986,8.52562,10.2741
AMPK_pT172,117.677,9.39986,8.52562,10.2741
AMPK_pT172,117.937,9.39986,8.52562,10.2741
AMPK_pT172,118.196,9.39986,8.52562,10.2741
AMPK_pT172,118.456,9.39986,8.52562,10.2741
AMPK_pT172,118.715,9.29058,8.52562,10.0555
AMPK_pT172,118.975,9.39986,8.74418,10.0555
AMPK_pT172,119.234,9.50914,8.96274,10.0555
AMPK_pT172,119.494,9.50914,9.1813,9.83698
AMPK_pT172,119.753,9.50914,9.39986,9.61842
Akt_pT308,1.18226,32.1127,20.0948,44.1307
Akt_pT308,1.44171,36.4829,20.0948,52.871
Akt_pT308,1.70117,39.7605,20.0948,59.4263
Akt_pT308,1.96062,41.9456,22.2799,61.6114
Akt_pT308,2.22008,45.2232,26.65,63.7965
Akt_pT308,2.47953,48.5009,31.0202,65.9815
Akt_pT308,2.73899,50.686,33.2053,68.1666
Akt_pT308,2.99844,52.871,37.5755,68.1666
Akt_pT308,3.2579,55.0561,41.9456,68.1666
Akt_pT308,3.51735,58.3337,46.3158,70.3517
Akt_pT308,3.77681,61.6114,48.5009,74.7219
Akt_pT308,4.03626,65.9815,55.0561,76.907
Akt_pT308,4.29572,68.1666,57.2412,79.092
Akt_pT308,4.55517,70.3517,61.6114,79.092
Akt_pT308,4.81463,72.5368,63.7965,81.2771
Akt_pT308,5.07408,72.5368,63.7965,81.2771
Akt_pT308,5.33354,73.6293,65.9815,81.2771
Akt_pT308,5.59299,74.7219,68.1666,81.2771
Akt_pT308,5.85245,75.8144,68.1666,83.4622
Akt_pT308,6.1119,75.8144,68.1666,83.4622
Akt_pT308,6.37135,76.907,70.3517,83.4622
Akt_pT308,6.63081,76.907,70.3517,83.4622
Akt_pT308,6.89026,76.907,70.3517,83.4622
Akt_pT308,7.14972,75.8144,68.1666,83.4622
Akt_pT308,7.40917,75.8144,68.1666,83.4622
Akt_pT308,7.66863,75.8144,68.1666,83.4622
Akt_pT308,7.92808,75.8144,68.1666,83.4622
Akt_pT308,8.18754,75.8144,68.1666,83.4622
Akt_pT308,8.44699,75.8144,68.1666,83.4622
Akt_pT308,8.70645,74.7219,65.9815,83.4622
Akt_pT308,8.9659,73.6293,65.9815,81.2771
Akt_pT308,9.22536,72.5368,63.7965,81.2771
Akt_pT308,9.48481,72.5368,63.7965,81.2771
Akt_pT308,9.74427,72.5368,63.7965,81.2771
Akt_pT308,10.0037,72.5368,63.7965,81.2771
Akt_pT308,10.2632,72.5368,63.7965,81.2771
Akt_pT308,10.5226,71.4443,63.7965,79.092
Akt_pT308,10.7821,69.2592,61.6114,76.907
Akt_pT308,11.0415,68.1666,59.4263,76.907
Akt_pT308,11.301,68.1666,59.4263,76.907
Akt_pT308,11.5605,67.0741,57.2412,76.907
Akt_pT308,11.8199,67.0741,57.2412,76.907
Akt_pT308,12.0794,67.0741,57.2412,76.907
Akt_pT308,12.3388,65.9815,57.2412,74.7219
Akt_pT308,12.5983,65.9815,57.2412,74.7219
Akt_pT308,12.8577,64.889,57.2412,72.5368
Akt_pT308,13.1172,64.889,57.2412,72.5368
Akt_pT308,13.3766,62.7039,55.0561,70.3517
Akt_pT308,13.6361,62.7039,55.0561,70.3517
Akt_pT308,13.8955,62.7039,55.0561,70.3517
Akt_pT308,14.155,61.6114,52.871,70.3517
Akt_pT308,14.4145,61.6114,52.871,70.3517
Akt_pT308,14.6739,61.6114,52.871,70.3517
Akt_pT308,14.9334,61.6114,52.871,70.3517
Akt_pT308,15.1928,59.4263,50.686,68.1666
Akt_pT308,15.4523,59.4263,50.686,68.1666
Akt_pT308,15.7117,59.4263,50.686,68.1666
Akt_pT308,15.9712,57.2412,48.5009,65.9815
Akt_pT308,16.2306,57.2412,48.5009,65.9815
Akt_pT308,16.4901,57.2412,48.5009,65.9815
Akt_pT308,16.7495,56.1487,46.3158,65.9815
Akt_pT308,17.009,55.0561,46.3158,63.7965
Akt_pT308,17.2685,55.0561,46.3158,63.7965
Akt_pT308,17.5279,55.0561,46.3158,63.7965
Akt_pT308,17.7874,55.0561,46.3158,63.7965
Akt_pT308,18.0468,55.0561,46.3158,63.7965
Akt_pT308,18.3063,55.0561,46.3158,63.7965
Akt_pT308,18.5657,55.0561,46.3158,63.7965
Akt_pT308,18.8252,55.0561,46.3158,63.7965
Akt_pT308,19.0846,55.0561,46.3158,63.7965
Akt_pT308,19.3441,55.0561,46.3158,63.7965
Akt_pT308,19.6036,55.0561,46.3158,63.7965
Akt_pT308,19.863,53.9636,46.3158,61.6114
Akt_pT308,20.1225,53.9636,46.3158,61.6114
Akt_pT308,20.3819,53.9636,46.3158,61.6114
Akt_pT308,20.6414,52.871,44.1307,61.6114
Akt_pT308,20.9008,51.7785,44.1307,59.4263
Akt_pT308,21.1603,51.7785,44.1307,59.4263
Akt_pT308,21.4197,51.7785,44.1307,59.4263
Akt_pT308,21.6792,51.7785,44.1307,59.4263
Akt_pT308,21.9386,51.7785,44.1307,59.4263
Akt_pT308,22.1981,51.7785,44.1307,59.4263
Akt_pT308,22.4576,51.7785,44.1307,59.4263
Akt_pT308,22.717,51.7785,44.1307,59.4263
Akt_pT308,22.9765,51.7785,44.1307,59.4263
Akt_pT308,23.2359,51.7785,44.1307,59.4263
Akt_pT308,23.4954,51.7785,44.1307,59.4263
Akt_pT308,23.7548,51.7785,44.1307,59.4263
Akt_pT308,24.0143,51.7785,44.1307,59.4263
Akt_pT308,24.2737,51.7785,44.1307,59.4263
Akt_pT308,24.5332,51.7785,44.1307,59.4263
Akt_pT308,24.7926,51.7785,44.1307,59.4263
Akt_pT308,25.0521,51.7785,44.1307,59.4263
Akt_pT308,25.3116,51.7785,44.1307,59.4263
Akt_pT308,25.571,51.7785,44.1307,59.4263
Akt_pT308,25.8305,51.7785,44.1307,59.4263
Akt_pT308,26.0899,51.7785,44.1307,59.4263
Akt_pT308,26.3494,51.7785,44.1307,59.4263
Akt_pT308,26.6088,51.7785,44.1307,59.4263
Akt_pT308,26.8683,51.7785,44.1307,59.4263
Akt_pT308,27.1277,50.686,44.1307,57.2412
Akt_pT308,27.3872,50.686,44.1307,57.2412
Akt_pT308,27.6467,50.686,44.1307,57.2412
Akt_pT308,27.9061,50.686,41.9456,59.4263
Akt_pT308,28.1656,50.686,41.9456,59.4263
Akt_pT308,28.425,50.686,41.9456,59.4263
Akt_pT308,28.6845,50.686,41.9456,59.4263
Akt_pT308,28.9439,50.686,41.9456,59.4263
Akt_pT308,29.2034,49.5934,41.9456,57.2412
Akt_pT308,29.4628,49.5934,41.9456,57.2412
Akt_pT308,29.7223,49.5934,41.9456,57.2412
Akt_pT308,29.9817,49.5934,41.9456,57.2412
Akt_pT308,30.2412,49.5934,41.9456,57.2412
Akt_pT308,30.5007,49.5934,41.9456,57.2412
Akt_pT308,30.7601,49.5934,41.9456,57.2412
Akt_pT308,31.0196,49.5934,41.9456,57.2412
Akt_pT308,31.279,49.5934,41.9456,57.2412
Akt_pT308,31.5385,49.5934,41.9456,57.2412
Akt_pT308,31.7979,49.5934,41.9456,57.2412
Akt_pT308,32.0574,49.5934,41.9456,57.2412
Akt_pT308,32.3168,49.5934,41.9456,57.2412
Akt_pT308,32.5763,49.5934,41.9456,57.2412
Akt_pT308,32.8357,49.5934,41.9456,57.2412
Akt_pT308,33.0952,49.5934,41.9456,57.2412
Akt_pT308,33.3547,49.5934,41.9456,57.2412
Akt_pT308,33.6141,49.5934,41.9456,57.2412
Akt_pT308,33.8736,49.5934,41.9456,57.2412
Akt_pT308,34.133,49.5934,41.9456,57.2412
Akt_pT308,34.3925,49.5934,41.9456,57.2412
Akt_pT308,34.6519,49.5934,41.9456,57.2412
Akt_pT308,34.9114,49.5934,41.9456,57.2412
Akt_pT308,35.1708,49.5934,41.9456,57.2412
Akt_pT308,35.4303,49.5934,41.9456,57.2412
Akt_pT308,35.6897,49.5934,41.9456,57.2412
Akt_pT308,35.9492,49.5934,41.9456,57.2412
Akt_pT308,36.2087,49.5934,41.9456,57.2412
Akt_pT308,36.4681,49.5934,41.9456,57.2412
Akt_pT308,36.7276,49.5934,41.9456,57.2412
Akt_pT308,36.987,49.5934,41.9456,57.2412
Akt_pT308,37.2465,49.5934,41.9456,57.2412
Akt_pT308,37.5059,49.5934,41.9456,57.2412
Akt_pT308,37.7654,49.5934,41.9456,57.2412
Akt_pT308,38.0248,49.5934,41.9456,57.2412
Akt_pT308,38.2843,49.5934,41.9456,57.2412
Akt_pT308,38.5438,49.5934,41.9456,57.2412
Akt_pT308,38.8032,49.5934,41.9456,57.2412
Akt_pT308,39.0627,49.5934,41.9456,57.2412
Akt_pT308,39.3221,49.5934,41.9456,57.2412
Akt_pT308,39.5816,49.5934,41.9456,57.2412
Akt_pT308,39.841,49.5934,41.9456,57.2412
Akt_pT308,40.1005,49.5934,41.9456,57.2412
Akt_pT308,40.3599,49.5934,41.9456,57.2412
Akt_pT308,40.6194,49.5934,41.9456,57.2412
Akt_pT308,40.8788,49.5934,41.9456,57.2412
Akt_pT308,41.1383,49.5934,41.9456,57.2412
Akt_pT308,41.3978,49.5934,41.9456,57.2412
Akt_pT308,41.6572,49.5934,41.9456,57.2412
Akt_pT308,41.9167,49.5934,41.9456,57.2412
Akt_pT308,42.1761,49.5934,41.9456,57.2412
Akt_pT308,42.4356,49.5934,41.9456,57.2412
Akt_pT308,42.695,49.5934,41.9456,57.2412
Akt_pT308,42.9545,49.5934,41.9456,57.2412
Akt_pT308,43.2139,49.5934,41.9456,57.2412
Akt_pT308,43.4734,49.5934,41.9456,57.2412
Akt_pT308,43.7328,49.5934,41.9456,57.2412
Akt_pT308,43.9923,50.686,41.9456,59.4263
Akt_pT308,44.2518,50.686,41.9456,59.4263
Akt_pT308,44.5112,50.686,41.9456,59.4263
Akt_pT308,44.7707,50.686,41.9456,59.4263
Akt_pT308,45.0301,49.5934,41.9456,57.2412
Akt_pT308,45.2896,49.5934,41.9456,57.2412
Akt_pT308,45.549,49.5934,41.9456,57.2412
Akt_pT308,45.8085,49.5934,41.9456,57.2412
Akt_pT308,46.0679,50.686,41.9456,59.4263
Akt_pT308,46.3274,50.686,41.9456,59.4263
Akt_pT308,46.5869,50.686,41.9456,59.4263
Akt_pT308,46.8463,49.5934,41.9456,57.2412
Akt_pT308,47.1058,49.5934,41.9456,57.2412
Akt_pT308,47.3652,50.686,41.9456,59.4263
Akt_pT308,47.6247,50.686,41.9456,59.4263
Akt_pT308,47.8841,50.686,41.9456,59.4263
Akt_pT308,48.1436,50.686,41.9456,59.4263
Akt_pT308,48.403,50.686,41.9456,59.4263
Akt_pT308,48.6625,50.686,41.9456,59.4263
Akt_pT308,48.9219,50.686,41.9456,59.4263
Akt_pT308,49.1814,50.686,41.9456,59.4263
Akt_pT308,49.4409,49.5934,41.9456,57.2412
Akt_pT308,49.7003,49.5934,41.9456,57.2412
Akt_pT308,49.9598,49.5934,41.9456,57.2412
Akt_pT308,50.2192,49.5934,41.9456,57.2412
Akt_pT308,50.4787,50.686,41.9456,59.4263
Akt_pT308,50.7381,50.686,41.9456,59.4263
Akt_pT308,50.9976,49.5934,41.9456,57.2412
Akt_pT308,51.257,49.5934,41.9456,57.2412
Akt_pT308,51.5165,49.5934,41.9456,57.2412
Akt_pT308,51.7759,50.686,41.9456,59.4263
Akt_pT308,52.0354,50.686,41.9456,59.4263
Akt_pT308,52.2949,49.5934,41.9456,57.2412
Akt_pT308,52.5543,49.5934,41.9456,57.2412
Akt_pT308,52.8138,49.5934,41.9456,57.2412
Akt_pT308,53.0732,49.5934,41.9456,57.2412
Akt_pT308,53.3327,49.5934,41.9456,57.2412
Akt_pT308,53.5921,49.5934,41.9456,57.2412
Akt_pT308,53.8516,49.5934,41.9456,57.2412
Akt_pT308,54.111,49.5934,41.9456,57.2412
Akt_pT308,54.3705,49.5934,41.9456,57.2412
Akt_pT308,54.63,49.5934,41.9456,57.2412
Akt_pT308,54.8894,49.5934,41.9456,57.2412
Akt_pT308,55.1489,49.5934,41.9456,57.2412
Akt_pT308,55.4083,49.5934,41.9456,57.2412
Akt_pT308,55.6678,49.5934,41.9456,57.2412
Akt_pT308,55.9272,50.686,41.9456,59.4263
Akt_pT308,56.1867,50.686,41.9456,59.4263
Akt_pT308,56.4461,50.686,41.9456,59.4263
Akt_pT308,56.7056,50.686,41.9456,59.4263
Akt_pT308,56.965,50.686,41.9456,59.4263
Akt_pT308,57.2245,50.686,41.9456,59.4263
Akt_pT308,57.484,50.686,41.9456,59.4263
Akt_pT308,57.7434,50.686,41.9456,59.4263
Akt_pT308,58.0029,49.5934,41.9456,57.2412
Akt_pT308,58.2623,49.5934,41.9456,57.2412
Akt_pT308,58.5218,49.5934,41.9456,57.2412
Akt_pT308,58.7812,49.5934,41.9456,57.2412
Akt_pT308,59.0407,49.5934,41.9456,57.2412
Akt_pT308,59.3001,49.5934,41.9456,57.2412
Akt_pT308,59.5596,49.5934,41.9456,57.2412
Akt_pT308,59.819,49.5934,41.9456,57.2412
Akt_pT308,60.0785,49.5934,41.9456,57.2412
Akt_pT308,60.338,49.5934,41.9456,57.2412
Akt_pT308,60.5974,49.5934,41.9456,57.2412
Akt_pT308,60.8569,49.5934,41.9456,57.2412
Akt_pT308,61.1163,49.5934,41.9456,57.2412
Akt_pT308,61.3758,49.5934,41.9456,57.2412
Akt_pT308,61.6352,49.5934,41.9456,57.2412
Akt_pT308,61.8947,49.5934,41.9456,57.2412
Akt_pT308,62.1541,49.5934,41.9456,57.2412
Akt_pT308,62.4136,49.5934,41.9456,57.2412
Akt_pT308,62.6731,49.5934,41.9456,57.2412
Akt_pT308,62.9325,50.686,41.9456,59.4263
Akt_pT308,63.192,50.686,41.9456,59.4263
Akt_pT308,63.4514,50.686,41.9456,59.4263
Akt_pT308,63.7109,50.686,41.9456,59.4263
Akt_pT308,63.9703,50.686,41.9456,59.4263
Akt_pT308,64.2298,50.686,41.9456,59.4263
Akt_pT308,64.4892,50.686,41.9456,59.4263
Akt_pT308,64.7487,50.686,41.9456,59.4263
Akt_pT308,65.0081,49.5934,41.9456,57.2412
Akt_pT308,65.2676,49.5934,41.9456,57.2412
Akt_pT308,65.5271,49.5934,41.9456,57.2412
Akt_pT308,65.7865,49.5934,41.9456,57.2412
Akt_pT308,66.046,49.5934,41.9456,57.2412
Akt_pT308,66.3054,49.5934,41.9456,57.2412
Akt_pT308,66.5649,49.5934,41.9456,57.2412
Akt_pT308,66.8243,49.5934,41.9456,57.2412
Akt_pT308,67.0838,49.5934,41.9456,57.2412
Akt_pT308,67.3432,49.5934,41.9456,57.2412
Akt_pT308,67.6027,49.5934,41.9456,57.2412
Akt_pT308,67.8621,49.5934,41.9456,57.2412
Akt_pT308,68.1216,49.5934,41.9456,57.2412
Akt_pT308,68.3811,49.5934,41.9456,57.2412
Akt_pT308,68.6405,49.5934,41.9456,57.2412
Akt_pT308,68.9,49.5934,41.9456,57.2412
Akt_pT308,69.1594,49.5934,41.9456,57.2412
Akt_pT308,69.4189,49.5934,41.9456,57.2412
Akt_pT308,69.6783,49.5934,41.9456,57.2412
Akt_pT308,69.9378,49.5934,41.9456,57.2412
Akt_pT308,70.1972,49.5934,41.9456,57.2412
Akt_pT308,70.4567,49.5934,41.9456,57.2412
Akt_pT308,70.7162,49.5934,41.9456,57.2412
Akt_pT308,70.9756,49.5934,41.9456,57.2412
Akt_pT308,71.2351,49.5934,41.9456,57.2412
Akt_pT308,71.4945,49.5934,41.9456,57.2412
Akt_pT308,71.754,49.5934,41.9456,57.2412
Akt_pT308,72.0134,49.5934,41.9456,57.2412
Akt_pT308,72.2729,49.5934,41.9456,57.2412
Akt_pT308,72.5323,49.5934,41.9456,57.2412
Akt_pT308,72.7918,49.5934,41.9456,57.2412
Akt_pT308,73.0512,49.5934,41.9456,57.2412
Akt_pT308,73.3107,49.5934,41.9456,57.2412
Akt_pT308,73.5702,49.5934,41.9456,57.2412
Akt_pT308,73.8296,49.5934,41.9456,57.2412
Akt_pT308,74.0891,49.5934,41.9456,57.2412
Akt_pT308,74.3485,49.5934,41.9456,57.2412
Akt_pT308,74.608,49.5934,41.9456,57.2412
Akt_pT308,74.8674,49.5934,41.9456,57.2412
Akt_pT308,75.1269,49.5934,41.9456,57.2412
Akt_pT308,75.3863,49.5934,41.9456,57.2412
Akt_pT308,75.6458,49.5934,41.9456,57.2412
Akt_pT308,75.9052,49.5934,41.9456,57.2412
Akt_pT308,76.1647,49.5934,41.9456,57.2412
Akt_pT308,76.4242,49.5934,41.9456,57.2412
Akt_pT308,76.6836,49.5934,41.9456,57.2412
Akt_pT308,76.9431,49.5934,41.9456,57.2412
Akt_pT308,77.2025,49.5934,41.9456,57.2412
Akt_pT308,77.462,49.5934,41.9456,57.2412
Akt_pT308,77.7214,49.5934,41.9456,57.2412
Akt_pT308,77.9809,49.5934,41.9456,57.2412
Akt_pT308,78.2403,49.5934,41.9456,57.2412
Akt_pT308,78.4998,49.5934,41.9456,57.2412
Akt_pT308,78.7593,49.5934,41.9456,57.2412
Akt_pT308,79.0187,49.5934,41.9456,57.2412
Akt_pT308,79.2782,49.5934,41.9456,57.2412
Akt_pT308,79.5376,49.5934,41.9456,57.2412
Akt_pT308,79.7971,49.5934,41.9456,57.2412
Akt_pT308,80.0565,49.5934,41.9456,57.2412
Akt_pT308,80.316,49.5934,41.9456,57.2412
Akt_pT308,80.5754,49.5934,41.9456,57.2412
Akt_pT308,80.8349,49.5934,41.9456,57.2412
Akt_pT308,81.0943,49.5934,41.9456,57.2412
Akt_pT308,81.3538,49.5934,41.9456,57.2412
Akt_pT308,81.6133,49.5934,41.9456,57.2412
Akt_pT308,81.8727,49.5934,41.9456,57.2412
Akt_pT308,82.1322,49.5934,41.9456,57.2412
Akt_pT308,82.3916,49.5934,41.9456,57.2412
Akt_pT308,82.6511,49.5934,41.9456,57.2412
Akt_pT308,82.9105,49.5934,41.9456,57.2412
Akt_pT308,83.17,49.5934,41.9456,57.2412
Akt_pT308,83.4294,49.5934,41.9456,57.2412
Akt_pT308,83.6889,49.5934,41.9456,57.2412
Akt_pT308,83.9483,49.5934,41.9456,57.2412
Akt_pT308,84.2078,49.5934,41.9456,57.2412
Akt_pT308,84.4673,49.5934,41.9456,57.2412
Akt_pT308,84.7267,49.5934,41.9456,57.2412
Akt_pT308,84.9862,49.5934,41.9456,57.2412
Akt_pT308,85.2456,49.5934,41.9456,57.2412
Akt_pT308,85.5051,49.5934,41.9456,57.2412
Akt_pT308,85.7645,49.5934,41.9456,57.2412
Akt_pT308,86.024,49.5934,41.9456,57.2412
Akt_pT308,86.2834,49.5934,41.9456,57.2412
Akt_pT308,86.5429,49.5934,41.9456,57.2412
Akt_pT308,86.8023,49.5934,41.9456,57.2412
Akt_pT308,87.0618,49.5934,41.9456,57.2412
Akt_pT308,87.3213,49.5934,41.9456,57.2412
Akt_pT308,87.5807,49.5934,41.9456,57.2412
Akt_pT308,87.8402,49.5934,41.9456,57.2412
Akt_pT308,88.0996,49.5934,41.9456,57.2412
Akt_pT308,88.3591,49.5934,41.9456,57.2412
Akt_pT308,88.6185,49.5934,41.9456,57.2412
Akt_pT308,88.878,49.5934,41.9456,57.2412
Akt_pT308,89.1374,49.5934,41.9456,57.2412
Akt_pT308,89.3969,49.5934,41.9456,57.2412
Akt_pT308,89.6564,49.5934,41.9456,57.2412
Akt_pT308,89.9158,49.5934,41.9456,57.2412
Akt_pT308,90.1753,49.5934,41.9456,57.2412
Akt_pT308,90.4347,49.5934,41.9456,57.2412
Akt_pT308,90.6942,49.5934,41.9456,57.2412
Akt_pT308,90.9536,49.5934,41.9456,57.2412
Akt_pT308,91.2131,49.5934,41.9456,57.2412
Akt_pT308,91.4725,49.5934,41.9456,57.2412
Akt_pT308,91.732,49.5934,41.9456,57.2412
Akt_pT308,91.9914,49.5934,41.9456,57.2412
Akt_pT308,92.2509,49.5934,41.9456,57.2412
Akt_pT308,92.5104,49.5934,41.9456,57.2412
Akt_pT308,92.7698,49.5934,41.9456,57.2412
Akt_pT308,93.0293,49.5934,41.9456,57.2412
Akt_pT308,93.2887,49.5934,41.9456,57.2412
Akt_pT308,93.5482,49.5934,41.9456,57.2412
Akt_pT308,93.8076,49.5934,41.9456,57.2412
Akt_pT308,94.0671,49.5934,41.9456,57.2412
Akt_pT308,94.3265,49.5934,41.9456,57.2412
Akt_pT308,94.586,49.5934,41.9456,57.2412
Akt_pT308,94.8454,49.5934,41.9456,57.2412
Akt_pT308,95.1049,49.5934,41.9456,57.2412
Akt_pT308,95.3644,49.5934,41.9456,57.2412
Akt_pT308,95.6238,49.5934,41.9456,57.2412
Akt_pT308,95.8833,49.5934,41.9456,57.2412
Akt_pT308,96.1427,49.5934,41.9456,57.2412
Akt_pT308,96.4022,49.5934,41.9456,57.2412
Akt_pT308,96.6616,49.5934,41.9456,57.2412
Akt_pT308,96.9211,49.5934,41.9456,57.2412
Akt_pT308,97.1805,49.5934,41.9456,57.2412
Akt_pT308,97.44,49.5934,41.9456,57.2412
Akt_pT308,97.6995,49.5934,41.9456,57.2412
Akt_pT308,97.9589,49.5934,41.9456,57.2412
Akt_pT308,98.2184,49.5934,41.9456,57.2412
Akt_pT308,98.4778,49.5934,41.9456,57.2412
Akt_pT308,98.7373,49.5934,41.9456,57.2412
Akt_pT308,98.9967,49.5934,41.9456,57.2412
Akt_pT308,99.2562,49.5934,41.9456,57.2412
Akt_pT308,99.5156,49.5934,41.9456,57.2412
Akt_pT308,99.7751,49.5934,41.9456,57.2412
Akt_pT308,100.035,49.5934,41.9456,57.2412
Akt_pT308,100.294,49.5934,41.9456,57.2412
Akt_pT308,100.553,49.5934,41.9456,57.2412
Akt_pT308,100.813,49.5934,41.9456,57.2412
Akt_pT308,101.072,49.5934,41.9456,57.2412
Akt_pT308,101.332,49.5934,41.9456,57.2412
Akt_pT308,101.591,49.5934,41.9456,57.2412
Akt_pT308,101.851,49.5934,41.9456,57.2412
Akt_pT308,102.11,49.5934,41.9456,57.2412
Akt_pT308,102.37,49.5934,41.9456,57.2412
Akt_pT308,102.629,49.5934,41.9456,57.2412
Akt_pT308,102.889,49.5934,41.9456,57.2412
Akt_pT308,103.148,49.5934,41.9456,57.2412
Akt_pT308,103.407,49.5934,41.9456,57.2412
Akt_pT308,103.667,49.5934,41.9456,57.2412
Akt_pT308,103.926,49.5934,41.9456,57.2412
Akt_pT308,104.186,49.5934,41.9456,57.2412
Akt_pT308,104.445,49.5934,41.9456,57.2412
Akt_pT308,104.705,49.5934,41.9456,57.2412
Akt_pT308,104.964,49.5934,41.9456,57.2412
Akt_pT308,105.224,49.5934,41.9456,57.2412
Akt_pT308,105.483,49.5934,41.9456,57.2412
Akt_pT308,105.743,49.5934,41.9456,57.2412
Akt_pT308,106.002,49.5934,41.9456,57.2412
Akt_pT308,106.261,49.5934,41.9456,57.2412
Akt_pT308,106.521,49.5934,41.9456,57.2412
Akt_pT308,106.78,49.5934,41.9456,57.2412
Akt_pT308,107.04,49.5934,41.9456,57.2412
Akt_pT308,107.299,49.5934,41.9456,57.2412
Akt_pT308,107.559,49.5934,41.9456,57.2412
Akt_pT308,107.818,49.5934,41.9456,57.2412
Akt_pT308,108.078,49.5934,41.9456,57.2412
Akt_pT308,108.337,49.5934,41.9456,57.2412
Akt_pT308,108.597,49.5934,41.9456,57.2412
Akt_pT308,108.856,49.5934,41.9456,57.2412
Akt_pT308,109.115,49.5934,41.9456,57.2412
Akt_pT308,109.375,49.5934,41.9456,57.2412
Akt_pT308,109.634,49.5934,41.9456,57.2412
Akt_pT308,109.894,49.5934,41.9456,57.2412
Akt_pT308,110.153,49.5934,41.9456,57.2412
Akt_pT308,110.413,50.686,41.9456,59.4263
Akt_pT308,110.672,50.686,41.9456,59.4263
Akt_pT308,110.932,50.686,41.9456,59.4263
Akt_pT308,111.191,50.686,41.9456,59.4263
Akt_pT308,111.451,50.686,41.9456,59.4263
Akt_pT308,111.71,50.686,41.9456,59.4263
Akt_pT308,111.969,50.686,41.9456,59.4263
Akt_pT308,112.229,50.686,41.9456,59.4263
Akt_pT308,112.488,50.686,41.9456,59.4263
Akt_pT308,112.748,50.686,41.9456,59.4263
Akt_pT308,113.007,49.5934,41.9456,57.2412
Akt_pT308,113.267,49.5934,41.9456,57.2412
Akt_pT308,113.526,49.5934,41.9456,57.2412
Akt_pT308,113.786,49.5934,41.9456,57.2412
Akt_pT308,114.045,49.5934,41.9456,57.2412
Akt_pT308,114.305,49.5934,41.9456,57.2412
Akt_pT308,114.564,49.5934,41.9456,57.2412
Akt_pT308,114.823,49.5934,41.9456,57.2412
Akt_pT308,115.083,49.5934,41.9456,57.2412
Akt_pT308,115.342,49.5934,41.9456,57.2412
Akt_pT308,115.602,49.5934,41.9456,57.2412
Akt_pT308,115.861,49.5934,41.9456,57.2412
Akt_pT308,116.121,49.5934,41.9456,57.2412
Akt_pT308,116.38,49.5934,41.9456,57.2412
Akt_pT308,116.64,49.5934,41.9456,57.2412
Akt_pT308,116.899,49.5934,41.9456,57.2412
Akt_pT308,117.159,50.686,41.9456,59.4263
Akt_pT308,117.418,49.5934,41.9456,57.2412
Akt_pT308,117.677,49.5934,41.9456,57.2412
Akt_pT308,117.937,49.5934,41.9456,57.2412
Akt_pT308,118.196,49.5934,44.1307,55.0561
Akt_pT308,118.456,49.5934,48.5009,50.686
Akt_pS473,0.274166,2.03424,-0.265745,4.33423
Akt_pS473,0.533621,2.8009,-0.265745,5.86755
Akt_pS473,0.793076,2.8009,-0.265745,5.86755
Akt_pS473,1.05253,4.33423,-0.265745,8.9342
Akt_pS473,1.31199,8.9342,1.26758,16.6008
Akt_pS473,1.57144,11.2342,1.26758,21.2008
Akt_pS473,1.8309,13.5342,2.8009,24.2674
Akt_pS473,2.09035,16.6008,4.33423,28.8674
Akt_pS473,2.3498,18.1341,5.86755,30.4007
Akt_pS473,2.60926,21.2008,7.40087,35.0007
Akt_pS473,2.86871,22.7341,8.9342,36.534
Akt_pS473,3.12817,25.8008,13.5342,38.0674
Akt_pS473,3.38762,28.1007,16.6008,39.6007
Akt_pS473,3.64708,30.4007,19.6675,41.134
Akt_pS473,3.90653,32.7007,21.2008,44.2006
Akt_pS473,4.16599,37.3007,24.2674,50.3339
Akt_pS473,4.42544,40.3673,27.3341,53.4006
Akt_pS473,4.6849,41.9007,30.4007,53.4006
Akt_pS473,4.94435,44.9673,33.4674,56.4672
Akt_pS473,5.20381,46.5006,36.534,56.4672
Akt_pS473,5.46326,48.034,38.0674,58.0006
Akt_pS473,5.72272,51.1006,41.134,61.0672
Akt_pS473,5.98217,54.9339,45.734,64.1339
Akt_pS473,6.24163,56.4672,47.2673,65.6672
Akt_pS473,6.50108,58.0006,48.8006,67.2005
Akt_pS473,6.76054,60.3006,50.3339,70.2672
Akt_pS473,7.01999,63.3672,53.4006,73.3338
Akt_pS473,7.27945,64.9005,56.4672,73.3338
Akt_pS473,7.5389,66.4338,58.0006,74.8671
Akt_pS473,7.79836,67.2005,59.5339,74.8671
Akt_pS473,8.05781,69.5005,62.6005,76.4005
Akt_pS473,8.31727,69.5005,62.6005,76.4005
Akt_pS473,8.57672,71.0338,65.6672,76.4005
Akt_pS473,8.83618,71.0338,65.6672,76.4005
Akt_pS473,9.09563,71.8005,67.2005,76.4005
Akt_pS473,9.35509,73.3338,68.7338,77.9338
Akt_pS473,9.61454,73.3338,68.7338,77.9338
Akt_pS473,9.87399,74.8671,70.2672,79.4671
Akt_pS473,10.1334,74.8671,70.2672,79.4671
Akt_pS473,10.3929,75.6338,70.2672,81.0004
Akt_pS473,10.6524,76.4005,71.8005,81.0004
Akt_pS473,10.9118,76.4005,71.8005,81.0004
Akt_pS473,11.1713,77.9338,73.3338,82.5337
Akt_pS473,11.4307,77.9338,73.3338,82.5337
Akt_pS473,11.6902,77.9338,73.3338,82.5337
Akt_pS473,11.9496,78.7004,73.3338,84.0671
Akt_pS473,12.2091,78.7004,73.3338,84.0671
Akt_pS473,12.4685,78.7004,73.3338,84.0671
Akt_pS473,12.728,78.7004,73.3338,84.0671
Akt_pS473,12.9875,78.7004,73.3338,84.0671
Akt_pS473,13.2469,78.7004,73.3338,84.0671
Akt_pS473,13.5064,78.7004,73.3338,84.0671
Akt_pS473,13.7658,78.7004,73.3338,84.0671
Akt_pS473,14.0253,78.7004,73.3338,84.0671
Akt_pS473,14.2847,78.7004,73.3338,84.0671
Akt_pS473,14.5442,78.7004,73.3338,84.0671
Akt_pS473,14.8036,78.7004,73.3338,84.0671
Akt_pS473,15.0631,78.7004,73.3338,84.0671
Akt_pS473,15.3225,78.7004,73.3338,84.0671
Akt_pS473,15.582,78.7004,73.3338,84.0671
Akt_pS473,15.8415,78.7004,73.3338,84.0671
Akt_pS473,16.1009,78.7004,73.3338,84.0671
Akt_pS473,16.3604,77.9338,73.3338,82.5337
Akt_pS473,16.6198,77.9338,73.3338,82.5337
Akt_pS473,16.8793,77.9338,73.3338,82.5337
Akt_pS473,17.1387,78.7004,73.3338,84.0671
Akt_pS473,17.3982,78.7004,73.3338,84.0671
Akt_pS473,17.6576,77.9338,71.8005,84.0671
Akt_pS473,17.9171,77.1671,71.8005,82.5337
Akt_pS473,18.1765,77.1671,71.8005,82.5337
Akt_pS473,18.436,77.1671,71.8005,82.5337
Akt_pS473,18.6955,76.4005,70.2672,82.5337
Akt_pS473,18.9549,76.4005,70.2672,82.5337
Akt_pS473,19.2144,76.4005,70.2672,82.5337
Akt_pS473,19.4738,76.4005,70.2672,82.5337
Akt_pS473,19.7333,76.4005,70.2672,82.5337
Akt_pS473,19.9927,76.4005,70.2672,82.5337
Akt_pS473,20.2522,76.4005,70.2672,82.5337
Akt_pS473,20.5116,76.4005,70.2672,82.5337
Akt_pS473,20.7711,76.4005,70.2672,82.5337
Akt_pS473,21.0306,76.4005,70.2672,82.5337
Akt_pS473,21.29,76.4005,70.2672,82.5337
Akt_pS473,21.5495,76.4005,70.2672,82.5337
Akt_pS473,21.8089,76.4005,70.2672,82.5337
Akt_pS473,22.0684,76.4005,70.2672,82.5337
Akt_pS473,22.3278,76.4005,70.2672,82.5337
Akt_pS473,22.5873,76.4005,70.2672,82.5337
Akt_pS473,22.8467,76.4005,70.2672,82.5337
Akt_pS473,23.1062,76.4005,70.2672,82.5337
Akt_pS473,23.3656,76.4005,70.2672,82.5337
Akt_pS473,23.6251,76.4005,70.2672,82.5337
Akt_pS473,23.8846,76.4005,70.2672,82.5337
Akt_pS473,24.144,76.4005,70.2672,82.5337
Akt_pS473,24.4035,76.4005,70.2672,82.5337
Akt_pS473,24.6629,76.4005,70.2672,82.5337
Akt_pS473,24.9224,76.4005,70.2672,82.5337
Akt_pS473,25.1818,76.4005,70.2672,82.5337
Akt_pS473,25.4413,76.4005,70.2672,82.5337
Akt_pS473,25.7007,76.4005,70.2672,82.5337
Akt_pS473,25.9602,76.4005,70.2672,82.5337
Akt_pS473,26.2196,76.4005,70.2672,82.5337
Akt_pS473,26.4791,76.4005,70.2672,82.5337
Akt_pS473,26.7386,76.4005,70.2672,82.5337
Akt_pS473,26.998,76.4005,70.2672,82.5337
Akt_pS473,27.2575,76.4005,70.2672,82.5337
Akt_pS473,27.5169,76.4005,70.2672,82.5337
Akt_pS473,27.7764,75.6338,70.2672,81.0004
Akt_pS473,28.0358,75.6338,70.2672,81.0004
Akt_pS473,28.2953,75.6338,70.2672,81.0004
Akt_pS473,28.5547,75.6338,70.2672,81.0004
Akt_pS473,28.8142,75.6338,70.2672,81.0004
Akt_pS473,29.0737,75.6338,70.2672,81.0004
Akt_pS473,29.3331,75.6338,70.2672,81.0004
Akt_pS473,29.5926,75.6338,70.2672,81.0004
Akt_pS473,29.852,75.6338,70.2672,81.0004
Akt_pS473,30.1115,75.6338,70.2672,81.0004
Akt_pS473,30.3709,75.6338,70.2672,81.0004
Akt_pS473,30.6304,76.4005,70.2672,82.5337
Akt_pS473,30.8898,76.4005,70.2672,82.5337
Akt_pS473,31.1493,76.4005,70.2672,82.5337
Akt_pS473,31.4087,76.4005,70.2672,82.5337
Akt_pS473,31.6682,76.4005,70.2672,82.5337
Akt_pS473,31.9277,76.4005,70.2672,82.5337
Akt_pS473,32.1871,76.4005,70.2672,82.5337
Akt_pS473,32.4466,76.4005,70.2672,82.5337
Akt_pS473,32.706,76.4005,70.2672,82.5337
Akt_pS473,32.9655,76.4005,70.2672,82.5337
Akt_pS473,33.2249,76.4005,70.2672,82.5337
Akt_pS473,33.4844,76.4005,70.2672,82.5337
Akt_pS473,33.7438,76.4005,70.2672,82.5337
Akt_pS473,34.0033,76.4005,70.2672,82.5337
Akt_pS473,34.2627,76.4005,70.2672,82.5337
Akt_pS473,34.5222,76.4005,70.2672,82.5337
Akt_pS473,34.7817,76.4005,70.2672,82.5337
Akt_pS473,35.0411,76.4005,70.2672,82.5337
Akt_pS473,35.3006,76.4005,70.2672,82.5337
Akt_pS473,35.56,76.4005,70.2672,82.5337
Akt_pS473,35.8195,76.4005,70.2672,82.5337
Akt_pS473,36.0789,76.4005,70.2672,82.5337
Akt_pS473,36.3384,76.4005,70.2672,82.5337
Akt_pS473,36.5978,76.4005,70.2672,82.5337
Akt_pS473,36.8573,76.4005,70.2672,82.5337
Akt_pS473,37.1168,76.4005,70.2672,82.5337
Akt_pS473,37.3762,76.4005,70.2672,82.5337
Akt_pS473,37.6357,76.4005,70.2672,82.5337
Akt_pS473,37.8951,76.4005,70.2672,82.5337
Akt_pS473,38.1546,76.4005,70.2672,82.5337
Akt_pS473,38.414,76.4005,70.2672,82.5337
Akt_pS473,38.6735,76.4005,70.2672,82.5337
Akt_pS473,38.9329,76.4005,70.2672,82.5337
Akt_pS473,39.1924,76.4005,70.2672,82.5337
Akt_pS473,39.4518,76.4005,70.2672,82.5337
Akt_pS473,39.7113,76.4005,70.2672,82.5337
Akt_pS473,39.9708,76.4005,70.2672,82.5337
Akt_pS473,40.2302,76.4005,70.2672,82.5337
Akt_pS473,40.4897,76.4005,70.2672,82.5337
Akt_pS473,40.7491,76.4005,70.2672,82.5337
Akt_pS473,41.0086,76.4005,70.2672,82.5337
Akt_pS473,41.268,76.4005,70.2672,82.5337
Akt_pS473,41.5275,76.4005,70.2672,82.5337
Akt_pS473,41.7869,76.4005,70.2672,82.5337
Akt_pS473,42.0464,76.4005,70.2672,82.5337
Akt_pS473,42.3058,76.4005,70.2672,82.5337
Akt_pS473,42.5653,75.6338,70.2672,81.0004
Akt_pS473,42.8248,75.6338,70.2672,81.0004
Akt_pS473,43.0842,75.6338,70.2672,81.0004
Akt_pS473,43.3437,75.6338,70.2672,81.0004
Akt_pS473,43.6031,75.6338,70.2672,81.0004
Akt_pS473,43.8626,75.6338,70.2672,81.0004
Akt_pS473,44.122,74.8671,70.2672,79.4671
Akt_pS473,44.3815,74.8671,70.2672,79.4671
Akt_pS473,44.6409,74.8671,70.2672,79.4671
Akt_pS473,44.9004,74.8671,70.2672,79.4671
Akt_pS473,45.1599,75.6338,70.2672,81.0004
Akt_pS473,45.4193,75.6338,70.2672,81.0004
Akt_pS473,45.6788,75.6338,70.2672,81.0004
Akt_pS473,45.9382,75.6338,70.2672,81.0004
Akt_pS473,46.1977,75.6338,70.2672,81.0004
Akt_pS473,46.4571,76.4005,70.2672,82.5337
Akt_pS473,46.7166,76.4005,70.2672,82.5337
Akt_pS473,46.976,76.4005,70.2672,82.5337
Akt_pS473,47.2355,76.4005,70.2672,82.5337
Akt_pS473,47.4949,76.4005,70.2672,82.5337
Akt_pS473,47.7544,76.4005,70.2672,82.5337
Akt_pS473,48.0139,76.4005,70.2672,82.5337
Akt_pS473,48.2733,76.4005,70.2672,82.5337
Akt_pS473,48.5328,76.4005,70.2672,82.5337
Akt_pS473,48.7922,76.4005,70.2672,82.5337
Akt_pS473,49.0517,76.4005,70.2672,82.5337
Akt_pS473,49.3111,76.4005,70.2672,82.5337
Akt_pS473,49.5706,76.4005,70.2672,82.5337
Akt_pS473,49.83,76.4005,70.2672,82.5337
Akt_pS473,50.0895,76.4005,70.2672,82.5337
Akt_pS473,50.3489,76.4005,70.2672,82.5337
Akt_pS473,50.6084,76.4005,70.2672,82.5337
Akt_pS473,50.8679,76.4005,70.2672,82.5337
Akt_pS473,51.1273,76.4005,70.2672,82.5337
Akt_pS473,51.3868,76.4005,70.2672,82.5337
Akt_pS473,51.6462,76.4005,70.2672,82.5337
Akt_pS473,51.9057,76.4005,70.2672,82.5337
Akt_pS473,52.1651,76.4005,70.2672,82.5337
Akt_pS473,52.4246,76.4005,70.2672,82.5337
Akt_pS473,52.684,76.4005,70.2672,82.5337
Akt_pS473,52.9435,76.4005,70.2672,82.5337
Akt_pS473,53.203,76.4005,70.2672,82.5337
Akt_pS473,53.4624,76.4005,70.2672,82.5337
Akt_pS473,53.7219,76.4005,70.2672,82.5337
Akt_pS473,53.9813,76.4005,70.2672,82.5337
Akt_pS473,54.2408,76.4005,70.2672,82.5337
Akt_pS473,54.5002,76.4005,70.2672,82.5337
Akt_pS473,54.7597,76.4005,70.2672,82.5337
Akt_pS473,55.0191,76.4005,70.2672,82.5337
Akt_pS473,55.2786,76.4005,70.2672,82.5337
Akt_pS473,55.538,76.4005,70.2672,82.5337
Akt_pS473,55.7975,76.4005,70.2672,82.5337
Akt_pS473,56.057,76.4005,70.2672,82.5337
Akt_pS473,56.3164,76.4005,70.2672,82.5337
Akt_pS473,56.5759,76.4005,70.2672,82.5337
Akt_pS473,56.8353,76.4005,70.2672,82.5337
Akt_pS473,57.0948,76.4005,70.2672,82.5337
Akt_pS473,57.3542,76.4005,70.2672,82.5337
Akt_pS473,57.6137,76.4005,70.2672,82.5337
Akt_pS473,57.8731,77.1671,71.8005,82.5337
Akt_pS473,58.1326,76.4005,71.8005,81.0004
Akt_pS473,58.392,77.1671,73.3338,81.0004
Akt_pS473,58.6515,77.1671,73.3338,81.0004
Akt_pS473,58.911,77.1671,73.3338,81.0004
Akt_pS473,59.1704,77.9338,74.8671,81.0004
Akt_pS473,59.4299,77.1671,73.3338,81.0004
Akt_pS473,59.6893,77.1671,73.3338,81.0004
Akt_pS473,59.9488,77.1671,73.3338,81.0004
Akt_pS473,60.2082,77.1671,73.3338,81.0004
Akt_pS473,60.4677,77.1671,73.3338,81.0004
Akt_pS473,60.7271,76.4005,71.8005,81.0004
Akt_pS473,60.9866,76.4005,71.8005,81.0004
Akt_pS473,61.246,76.4005,70.2672,82.5337
Akt_pS473,61.5055,76.4005,70.2672,82.5337
Akt_pS473,61.765,76.4005,70.2672,82.5337
Akt_pS473,62.0244,76.4005,70.2672,82.5337
Akt_pS473,62.2839,76.4005,70.2672,82.5337
Akt_pS473,62.5433,76.4005,70.2672,82.5337
Akt_pS473,62.8028,76.4005,70.2672,82.5337
Akt_pS473,63.0622,76.4005,70.2672,82.5337
Akt_pS473,63.3217,76.4005,70.2672,82.5337
Akt_pS473,63.5811,76.4005,70.2672,82.5337
Akt_pS473,63.8406,76.4005,70.2672,82.5337
Akt_pS473,64.1001,76.4005,70.2672,82.5337
Akt_pS473,64.3595,76.4005,70.2672,82.5337
Akt_pS473,64.619,76.4005,70.2672,82.5337
Akt_pS473,64.8784,76.4005,70.2672,82.5337
Akt_pS473,65.1379,76.4005,70.2672,82.5337
Akt_pS473,65.3973,76.4005,70.2672,82.5337
Akt_pS473,65.6568,76.4005,70.2672,82.5337
Akt_pS473,65.9162,76.4005,70.2672,82.5337
Akt_pS473,66.1757,76.4005,70.2672,82.5337
Akt_pS473,66.4351,76.4005,70.2672,82.5337
Akt_pS473,66.6946,76.4005,70.2672,82.5337
Akt_pS473,66.9541,76.4005,70.2672,82.5337
Akt_pS473,67.2135,76.4005,70.2672,82.5337
Akt_pS473,67.473,76.4005,70.2672,82.5337
Akt_pS473,67.7324,76.4005,70.2672,82.5337
Akt_pS473,67.9919,76.4005,70.2672,82.5337
Akt_pS473,68.2513,76.4005,70.2672,82.5337
Akt_pS473,68.5108,76.4005,70.2672,82.5337
Akt_pS473,68.7702,76.4005,70.2672,82.5337
Akt_pS473,69.0297,76.4005,70.2672,82.5337
Akt_pS473,69.2891,76.4005,70.2672,82.5337
Akt_pS473,69.5486,76.4005,70.2672,82.5337
Akt_pS473,69.8081,76.4005,70.2672,82.5337
Akt_pS473,70.0675,76.4005,70.2672,82.5337
Akt_pS473,70.327,76.4005,70.2672,82.5337
Akt_pS473,70.5864,76.4005,70.2672,82.5337
Akt_pS473,70.8459,76.4005,70.2672,82.5337
Akt_pS473,71.1053,76.4005,70.2672,82.5337
Akt_pS473,71.3648,76.4005,70.2672,82.5337
Akt_pS473,71.6242,76.4005,70.2672,82.5337
Akt_pS473,71.8837,76.4005,70.2672,82.5337
Akt_pS473,72.1432,76.4005,70.2672,82.5337
Akt_pS473,72.4026,76.4005,70.2672,82.5337
Akt_pS473,72.6621,76.4005,70.2672,82.5337
Akt_pS473,72.9215,76.4005,70.2672,82.5337
Akt_pS473,73.181,76.4005,70.2672,82.5337
Akt_pS473,73.4404,76.4005,70.2672,82.5337
Akt_pS473,73.6999,76.4005,70.2672,82.5337
Akt_pS473,73.9593,76.4005,70.2672,82.5337
Akt_pS473,74.2188,76.4005,70.2672,82.5337
Akt_pS473,74.4782,76.4005,70.2672,82.5337
Akt_pS473,74.7377,76.4005,70.2672,82.5337
Akt_pS473,74.9972,76.4005,70.2672,82.5337
Akt_pS473,75.2566,76.4005,70.2672,82.5337
Akt_pS473,75.5161,76.4005,70.2672,82.5337
Akt_pS473,75.7755,76.4005,70.2672,82.5337
Akt_pS473,76.035,76.4005,70.2672,82.5337
Akt_pS473,76.2944,76.4005,70.2672,82.5337
Akt_pS473,76.5539,76.4005,70.2672,82.5337
Akt_pS473,76.8133,76.4005,70.2672,82.5337
Akt_pS473,77.0728,76.4005,70.2672,82.5337
Akt_pS473,77.3322,76.4005,70.2672,82.5337
Akt_pS473,77.5917,76.4005,70.2672,82.5337
Akt_pS473,77.8512,76.4005,70.2672,82.5337
Akt_pS473,78.1106,76.4005,70.2672,82.5337
Akt_pS473,78.3701,76.4005,70.2672,82.5337
Akt_pS473,78.6295,76.4005,70.2672,82.5337
Akt_pS473,78.889,76.4005,70.2672,82.5337
Akt_pS473,79.1484,76.4005,70.2672,82.5337
Akt_pS473,79.4079,76.4005,70.2672,82.5337
Akt_pS473,79.6673,76.4005,70.2672,82.5337
Akt_pS473,79.9268,76.4005,70.2672,82.5337
Akt_pS473,80.1863,76.4005,70.2672,82.5337
Akt_pS473,80.4457,76.4005,70.2672,82.5337
Akt_pS473,80.7052,76.4005,70.2672,82.5337
Akt_pS473,80.9646,76.4005,70.2672,82.5337
Akt_pS473,81.2241,76.4005,70.2672,82.5337
Akt_pS473,81.4835,76.4005,70.2672,82.5337
Akt_pS473,81.743,76.4005,70.2672,82.5337
Akt_pS473,82.0024,76.4005,70.2672,82.5337
Akt_pS473,82.2619,76.4005,70.2672,82.5337
Akt_pS473,82.5213,76.4005,70.2672,82.5337
Akt_pS473,82.7808,76.4005,70.2672,82.5337
Akt_pS473,83.0403,76.4005,70.2672,82.5337
Akt_pS473,83.2997,76.4005,70.2672,82.5337
Akt_pS473,83.5592,76.4005,70.2672,82.5337
Akt_pS473,83.8186,76.4005,70.2672,82.5337
Akt_pS473,84.0781,76.4005,70.2672,82.5337
Akt_pS473,84.3375,76.4005,70.2672,82.5337
Akt_pS473,84.597,76.4005,70.2672,82.5337
Akt_pS473,84.8564,76.4005,70.2672,82.5337
Akt_pS473,85.1159,76.4005,70.2672,82.5337
Akt_pS473,85.3753,76.4005,70.2672,82.5337
Akt_pS473,85.6348,76.4005,70.2672,82.5337
Akt_pS473,85.8943,76.4005,70.2672,82.5337
Akt_pS473,86.1537,76.4005,70.2672,82.5337
Akt_pS473,86.4132,76.4005,70.2672,82.5337
Akt_pS473,86.6726,76.4005,70.2672,82.5337
Akt_pS473,86.9321,76.4005,70.2672,82.5337
Akt_pS473,87.1915,76.4005,70.2672,82.5337
Akt_pS473,87.451,76.4005,70.2672,82.5337
Akt_pS473,87.7104,76.4005,70.2672,82.5337
Akt_pS473,87.9699,76.4005,70.2672,82.5337
Akt_pS473,88.2294,76.4005,70.2672,82.5337
Akt_pS473,88.4888,76.4005,70.2672,82.5337
Akt_pS473,88.7483,76.4005,70.2672,82.5337
Akt_pS473,89.0077,76.4005,70.2672,82.5337
Akt_pS473,89.2672,76.4005,70.2672,82.5337
Akt_pS473,89.5266,76.4005,70.2672,82.5337
Akt_pS473,89.7861,76.4005,70.2672,82.5337
Akt_pS473,90.0455,76.4005,70.2672,82.5337
Akt_pS473,90.305,76.4005,70.2672,82.5337
Akt_pS473,90.5644,76.4005,70.2672,82.5337
Akt_pS473,90.8239,76.4005,70.2672,82.5337
Akt_pS473,91.0834,76.4005,70.2672,82.5337
Akt_pS473,91.3428,76.4005,70.2672,82.5337
Akt_pS473,91.6023,76.4005,70.2672,82.5337
Akt_pS473,91.8617,76.4005,70.2672,82.5337
Akt_pS473,92.1212,76.4005,70.2672,82.5337
Akt_pS473,92.3806,76.4005,70.2672,82.5337
Akt_pS473,92.6401,76.4005,70.2672,82.5337
Akt_pS473,92.8995,76.4005,70.2672,82.5337
Akt_pS473,93.159,76.4005,70.2672,82.5337
Akt_pS473,93.4184,76.4005,70.2672,82.5337
Akt_pS473,93.6779,76.4005,70.2672,82.5337
Akt_pS473,93.9374,76.4005,70.2672,82.5337
Akt_pS473,94.1968,76.4005,70.2672,82.5337
Akt_pS473,94.4563,76.4005,70.2672,82.5337
Akt_pS473,94.7157,76.4005,70.2672,82.5337
Akt_pS473,94.9752,76.4005,70.2672,82.5337
Akt_pS473,95.2346,76.4005,70.2672,82.5337
Akt_pS473,95.4941,76.4005,70.2672,82.5337
Akt_pS473,95.7535,76.4005,70.2672,82.5337
Akt_pS473,96.013,76.4005,70.2672,82.5337
Akt_pS473,96.2725,76.4005,70.2672,82.5337
Akt_pS473,96.5319,76.4005,70.2672,82.5337
Akt_pS473,96.7914,76.4005,70.2672,82.5337
Akt_pS473,97.0508,76.4005,70.2672,82.5337
Akt_pS473,97.3103,76.4005,70.2672,82.5337
Akt_pS473,97.5697,76.4005,70.2672,82.5337
Akt_pS473,97.8292,76.4005,70.2672,82.5337
Akt_pS473,98.0886,76.4005,70.2672,82.5337
Akt_pS473,98.3481,76.4005,70.2672,82.5337
Akt_pS473,98.6075,76.4005,70.2672,82.5337
Akt_pS473,98.867,76.4005,70.2672,82.5337
Akt_pS473,99.1265,76.4005,70.2672,82.5337
Akt_pS473,99.3859,76.4005,70.2672,82.5337
Akt_pS473,99.6454,76.4005,70.2672,82.5337
Akt_pS473,99.9048,76.4005,70.2672,82.5337
Akt_pS473,100.164,76.4005,70.2672,82.5337
Akt_pS473,100.424,76.4005,70.2672,82.5337
Akt_pS473,100.683,76.4005,70.2672,82.5337
Akt_pS473,100.943,76.4005,70.2672,82.5337
Akt_pS473,101.202,76.4005,70.2672,82.5337
Akt_pS473,101.462,76.4005,70.2672,82.5337
Akt_pS473,101.721,76.4005,70.2672,82.5337
Akt_pS473,101.98,76.4005,70.2672,82.5337
Akt_pS473,102.24,76.4005,70.2672,82.5337
Akt_pS473,102.499,76.4005,70.2672,82.5337
Akt_pS473,102.759,76.4005,70.2672,82.5337
Akt_pS473,103.018,76.4005,70.2672,82.5337
Akt_pS473,103.278,76.4005,70.2672,82.5337
Akt_pS473,103.537,76.4005,70.2672,82.5337
Akt_pS473,103.797,76.4005,70.2672,82.5337
Akt_pS473,104.056,76.4005,70.2672,82.5337
Akt_pS473,104.316,76.4005,70.2672,82.5337
Akt_pS473,104.575,76.4005,70.2672,82.5337
Akt_pS473,104.834,76.4005,70.2672,82.5337
Akt_pS473,105.094,76.4005,70.2672,82.5337
Akt_pS473,105.353,76.4005,70.2672,82.5337
Akt_pS473,105.613,76.4005,70.2672,82.5337
Akt_pS473,105.872,76.4005,70.2672,82.5337
Akt_pS473,106.132,76.4005,70.2672,82.5337
Akt_pS473,106.391,76.4005,70.2672,82.5337
Akt_pS473,106.651,76.4005,70.2672,82.5337
Akt_pS473,106.91,76.4005,70.2672,82.5337
Akt_pS473,107.17,76.4005,70.2672,82.5337
Akt_pS473,107.429,76.4005,70.2672,82.5337
Akt_pS473,107.688,76.4005,70.2672,82.5337
Akt_pS473,107.948,76.4005,70.2672,82.5337
Akt_pS473,108.207,76.4005,70.2672,82.5337
Akt_pS473,108.467,76.4005,70.2672,82.5337
Akt_pS473,108.726,76.4005,70.2672,82.5337
Akt_pS473,108.986,76.4005,70.2672,82.5337
Akt_pS473,109.245,76.4005,70.2672,82.5337
Akt_pS473,109.505,76.4005,70.2672,82.5337
Akt_pS473,109.764,76.4005,70.2672,82.5337
Akt_pS473,110.024,76.4005,70.2672,82.5337
Akt_pS473,110.283,76.4005,70.2672,82.5337
Akt_pS473,110.542,76.4005,70.2672,82.5337
Akt_pS473,110.802,76.4005,70.2672,82.5337
Akt_pS473,111.061,76.4005,70.2672,82.5337
Akt_pS473,111.321,76.4005,70.2672,82.5337
Akt_pS473,111.58,76.4005,70.2672,82.5337
Akt_pS473,111.84,76.4005,70.2672,82.5337
Akt_pS473,112.099,76.4005,70.2672,82.5337
Akt_pS473,112.359,76.4005,70.2672,82.5337
Akt_pS473,112.618,76.4005,70.2672,82.5337
Akt_pS473,112.878,76.4005,70.2672,82.5337
Akt_pS473,113.137,76.4005,70.2672,82.5337
Akt_pS473,113.396,76.4005,70.2672,82.5337
Akt_pS473,113.656,76.4005,70.2672,82.5337
Akt_pS473,113.915,76.4005,70.2672,82.5337
Akt_pS473,114.175,76.4005,70.2672,82.5337
Akt_pS473,114.434,76.4005,70.2672,82.5337
Akt_pS473,114.694,76.4005,70.2672,82.5337
Akt_pS473,114.953,76.4005,70.2672,82.5337
Akt_pS473,115.213,76.4005,70.2672,82.5337
Akt_pS473,115.472,76.4005,70.2672,82.5337
Akt_pS473,115.732,76.4005,70.2672,82.5337
Akt_pS473,115.991,76.4005,70.2672,82.5337
Akt_pS473,116.25,76.4005,70.2672,82.5337
Akt_pS473,116.51,76.4005,70.2672,82.5337
Akt_pS473,116.769,76.4005,70.2672,82.5337
Akt_pS473,117.029,77.1671,71.8005,82.5337
Akt_pS473,117.288,77.1671,71.8005,82.5337
Akt_pS473,117.548,77.9338,74.8671,81.0004
Akt_pS473,117.807,77.9338,76.4005,79.4671
TSC_pS1387,0,0.155167,0.0434305,0.266904
TSC_pS1387,0,0.187092,0.0274681,0.346716
TSC_pS1387,0.144439,0.426528,0.0274681,0.825588
TSC_pS1387,0.403894,0.57019,0.0274681,1.11291
TSC_pS1387,0.663349,0.578171,0.0274681,1.12887
TSC_pS1387,0.922803,0.578171,0.0274681,1.12887
TSC_pS1387,1.18226,0.586152,0.0274681,1.14484
TSC_pS1387,1.44171,0.594133,0.0434305,1.14484
TSC_pS1387,1.70117,0.602115,0.0593929,1.14484
TSC_pS1387,1.96062,0.642021,0.139205,1.14484
TSC_pS1387,2.22008,0.761739,0.394603,1.12887
TSC_pS1387,2.47953,0.761739,0.697889,0.825588
TSC_pS1387,2.73899,1.04906,1.00117,1.09695
TSC_pS1387,2.99844,2.11854,1.73545,2.50164
TSC_pS1387,3.2579,2.16643,1.78333,2.54953
TSC_pS1387,3.51735,2.19836,1.81526,2.58145
TSC_pS1387,3.77681,2.24624,1.87911,2.61338
TSC_pS1387,4.03626,2.37394,2.11854,2.62934
TSC_pS1387,4.29572,2.40587,2.16643,2.6453
TSC_pS1387,4.55517,2.43779,2.21432,2.66126
TSC_pS1387,4.81463,2.49366,2.31009,2.67723
TSC_pS1387,5.07408,2.53357,2.3899,2.67723
TSC_pS1387,5.33354,2.55751,2.43779,2.67723
TSC_pS1387,5.59299,2.58943,2.48568,2.69319
TSC_pS1387,5.85245,2.6054,2.5176,2.69319
TSC_pS1387,6.1119,2.61338,2.53357,2.69319
TSC_pS1387,6.37135,2.61338,2.53357,2.69319
TSC_pS1387,6.63081,2.61338,2.53357,2.69319
TSC_pS1387,6.89026,2.6054,2.5176,2.69319
TSC_pS1387,7.14972,2.58145,2.48568,2.67723
TSC_pS1387,7.40917,2.57347,2.46972,2.67723
TSC_pS1387,7.66863,2.55751,2.45375,2.66126
TSC_pS1387,7.92808,2.54155,2.43779,2.6453
TSC_pS1387,8.18754,2.52558,2.42183,2.62934
TSC_pS1387,8.44699,2.50962,2.40587,2.61338
TSC_pS1387,8.70645,2.48568,2.3899,2.58145
TSC_pS1387,8.9659,2.46972,2.3899,2.54953
TSC_pS1387,9.22536,2.45375,2.3899,2.5176
TSC_pS1387,9.48481,2.44577,2.3899,2.50164
TSC_pS1387,9.74427,2.43779,2.3899,2.48568
TSC_pS1387,10.0037,2.42981,2.40587,2.45375
TSC_pS1387,11.5605,2.28615,2.24624,2.32605
TSC_pS1387,11.8199,2.2622,2.19836,2.32605
TSC_pS1387,12.0794,2.25422,2.18239,2.32605
TSC_pS1387,12.3388,2.24624,2.18239,2.31009
TSC_pS1387,12.5983,2.23826,2.16643,2.31009
TSC_pS1387,12.8577,2.23028,2.15047,2.31009
TSC_pS1387,13.1172,2.21432,2.13451,2.29413
TSC_pS1387,13.3766,2.20634,2.13451,2.27817
TSC_pS1387,13.6361,2.18239,2.11854,2.24624
TSC_pS1387,13.8955,2.16643,2.10258,2.23028
TSC_pS1387,14.155,2.16643,2.10258,2.23028
TSC_pS1387,14.4145,2.16643,2.10258,2.23028
TSC_pS1387,14.6739,2.15845,2.10258,2.21432
TSC_pS1387,14.9334,2.15047,2.10258,2.19836
TSC_pS1387,15.1928,2.14249,2.10258,2.18239
TSC_pS1387,15.4523,2.14249,2.10258,2.18239
TSC_pS1387,15.7117,2.13451,2.08662,2.18239
TSC_pS1387,15.9712,2.12652,2.07066,2.18239
TSC_pS1387,16.2306,2.12652,2.07066,2.18239
TSC_pS1387,16.4901,2.12652,2.07066,2.18239
TSC_pS1387,16.7495,2.12652,2.07066,2.18239
TSC_pS1387,17.009,2.11056,2.05469,2.16643
TSC_pS1387,17.2685,2.11056,2.05469,2.16643
TSC_pS1387,17.5279,2.10258,2.05469,2.15047
TSC_pS1387,17.7874,2.10258,2.05469,2.15047
TSC_pS1387,18.0468,2.0946,2.03873,2.15047
TSC_pS1387,18.3063,2.0946,2.03873,2.15047
TSC_pS1387,18.5657,2.0946,2.03873,2.15047
TSC_pS1387,18.8252,2.0946,2.03873,2.15047
TSC_pS1387,19.0846,2.0946,2.03873,2.15047
TSC_pS1387,19.3441,2.0946,2.03873,2.15047
TSC_pS1387,19.6036,2.0946,2.03873,2.15047
TSC_pS1387,19.863,2.0946,2.03873,2.15047
TSC_pS1387,20.1225,2.0946,2.03873,2.15047
TSC_pS1387,20.3819,2.0946,2.03873,2.15047
TSC_pS1387,20.6414,2.0946,2.03873,2.15047
TSC_pS1387,20.9008,2.0946,2.03873,2.15047
TSC_pS1387,21.1603,2.0946,2.03873,2.15047
TSC_pS1387,21.4197,2.0946,2.03873,2.15047
TSC_pS1387,21.6792,2.0946,2.03873,2.15047
TSC_pS1387,21.9386,2.10258,2.03873,2.16643
TSC_pS1387,22.1981,2.10258,2.03873,2.16643
TSC_pS1387,22.4576,2.10258,2.03873,2.16643
TSC_pS1387,22.717,2.10258,2.03873,2.16643
TSC_pS1387,22.9765,2.11056,2.03873,2.18239
TSC_pS1387,23.2359,2.11854,2.05469,2.18239
TSC_pS1387,23.4954,2.11854,2.05469,2.18239
TSC_pS1387,23.7548,2.11854,2.05469,2.18239
TSC_pS1387,24.0143,2.11854,2.05469,2.18239
TSC_pS1387,24.2737,2.11854,2.05469,2.18239
TSC_pS1387,24.5332,2.11854,2.05469,2.18239
TSC_pS1387,24.7926,2.11854,2.05469,2.18239
TSC_pS1387,25.0521,2.11854,2.05469,2.18239
TSC_pS1387,25.3116,2.11854,2.05469,2.18239
TSC_pS1387,25.571,2.11854,2.05469,2.18239
TSC_pS1387,25.8305,2.12652,2.07066,2.18239
TSC_pS1387,26.0899,2.12652,2.07066,2.18239
TSC_pS1387,26.3494,2.12652,2.07066,2.18239
TSC_pS1387,26.6088,2.13451,2.08662,2.18239
TSC_pS1387,26.8683,2.13451,2.08662,2.18239
TSC_pS1387,27.1277,2.13451,2.08662,2.18239
TSC_pS1387,27.3872,2.13451,2.08662,2.18239
TSC_pS1387,27.6467,2.13451,2.08662,2.18239
TSC_pS1387,27.9061,2.13451,2.08662,2.18239
TSC_pS1387,28.1656,2.14249,2.08662,2.19836
TSC_pS1387,28.425,2.14249,2.08662,2.19836
TSC_pS1387,28.6845,2.15845,2.10258,2.21432
TSC_pS1387,28.9439,2.15845,2.10258,2.21432
TSC_pS1387,29.2034,2.15845,2.10258,2.21432
TSC_pS1387,29.4628,2.15845,2.10258,2.21432
TSC_pS1387,29.7223,2.15845,2.10258,2.21432
TSC_pS1387,29.9817,2.15845,2.10258,2.21432
TSC_pS1387,30.2412,2.16643,2.11854,2.21432
TSC_pS1387,30.5007,2.15845,2.10258,2.21432
TSC_pS1387,30.7601,2.15845,2.10258,2.21432
TSC_pS1387,31.0196,2.15845,2.10258,2.21432
TSC_pS1387,31.279,2.15845,2.10258,2.21432
TSC_pS1387,31.5385,2.16643,2.10258,2.23028
TSC_pS1387,31.7979,2.15845,2.08662,2.23028
TSC_pS1387,32.0574,2.15845,2.08662,2.23028
TSC_pS1387,32.3168,2.15047,2.08662,2.21432
TSC_pS1387,32.5763,2.15845,2.08662,2.23028
TSC_pS1387,32.8357,2.15845,2.08662,2.23028
TSC_pS1387,33.0952,2.16643,2.10258,2.23028
TSC_pS1387,33.3547,2.16643,2.10258,2.23028
TSC_pS1387,33.6141,2.16643,2.10258,2.23028
TSC_pS1387,33.8736,2.16643,2.10258,2.23028
TSC_pS1387,34.133,2.16643,2.10258,2.23028
TSC_pS1387,34.3925,2.16643,2.10258,2.23028
TSC_pS1387,34.6519,2.16643,2.10258,2.23028
TSC_pS1387,34.9114,2.16643,2.10258,2.23028
TSC_pS1387,35.1708,2.16643,2.10258,2.23028
TSC_pS1387,35.4303,2.16643,2.10258,2.23028
TSC_pS1387,35.6897,2.16643,2.10258,2.23028
TSC_pS1387,35.9492,2.16643,2.10258,2.23028
TSC_pS1387,36.2087,2.16643,2.10258,2.23028
TSC_pS1387,36.4681,2.16643,2.10258,2.23028
TSC_pS1387,36.7276,2.16643,2.10258,2.23028
TSC_pS1387,36.987,2.16643,2.10258,2.23028
TSC_pS1387,37.2465,2.16643,2.10258,2.23028
TSC_pS1387,37.5059,2.16643,2.10258,2.23028
TSC_pS1387,37.7654,2.16643,2.10258,2.23028
TSC_pS1387,38.0248,2.16643,2.10258,2.23028
TSC_pS1387,38.2843,2.16643,2.10258,2.23028
TSC_pS1387,38.5438,2.16643,2.10258,2.23028
TSC_pS1387,38.8032,2.16643,2.10258,2.23028
TSC_pS1387,39.0627,2.16643,2.10258,2.23028
TSC_pS1387,39.3221,2.16643,2.10258,2.23028
TSC_pS1387,39.5816,2.16643,2.10258,2.23028
TSC_pS1387,39.841,2.16643,2.10258,2.23028
TSC_pS1387,40.1005,2.16643,2.10258,2.23028
TSC_pS1387,40.3599,2.17441,2.11854,2.23028
TSC_pS1387,40.6194,2.17441,2.11854,2.23028
TSC_pS1387,40.8788,2.17441,2.11854,2.23028
TSC_pS1387,41.1383,2.17441,2.11854,2.23028
TSC_pS1387,41.3978,2.17441,2.11854,2.23028
TSC_pS1387,41.6572,2.17441,2.11854,2.23028
TSC_pS1387,41.9167,2.17441,2.11854,2.23028
TSC_pS1387,42.1761,2.17441,2.11854,2.23028
TSC_pS1387,42.4356,2.17441,2.11854,2.23028
TSC_pS1387,42.695,2.18239,2.13451,2.23028
TSC_pS1387,42.9545,2.18239,2.13451,2.23028
TSC_pS1387,43.2139,2.18239,2.13451,2.23028
TSC_pS1387,43.4734,2.18239,2.13451,2.23028
TSC_pS1387,43.7328,2.17441,2.13451,2.21432
TSC_pS1387,43.9923,2.17441,2.13451,2.21432
TSC_pS1387,44.2518,2.16643,2.13451,2.19836
TSC_pS1387,44.5112,2.16643,2.13451,2.19836
TSC_pS1387,44.7707,2.17441,2.15047,2.19836
TSC_pS1387,45.0301,2.17441,2.15047,2.19836
TSC_pS1387,45.2896,2.16643,2.13451,2.19836
TSC_pS1387,45.549,2.17441,2.13451,2.21432
TSC_pS1387,45.8085,2.17441,2.13451,2.21432
TSC_pS1387,46.0679,2.17441,2.13451,2.21432
TSC_pS1387,46.3274,2.17441,2.13451,2.21432
TSC_pS1387,46.5869,2.18239,2.13451,2.23028
TSC_pS1387,46.8463,2.18239,2.13451,2.23028
TSC_pS1387,47.1058,2.18239,2.13451,2.23028
TSC_pS1387,47.3652,2.18239,2.13451,2.23028
TSC_pS1387,47.6247,2.18239,2.13451,2.23028
TSC_pS1387,47.8841,2.18239,2.13451,2.23028
TSC_pS1387,48.1436,2.18239,2.13451,2.23028
TSC_pS1387,48.403,2.18239,2.13451,2.23028
TSC_pS1387,48.6625,2.18239,2.13451,2.23028
TSC_pS1387,48.9219,2.18239,2.13451,2.23028
TSC_pS1387,49.1814,2.18239,2.13451,2.23028
TSC_pS1387,49.4409,2.18239,2.13451,2.23028
TSC_pS1387,49.7003,2.18239,2.13451,2.23028
TSC_pS1387,49.9598,2.18239,2.13451,2.23028
TSC_pS1387,50.2192,2.18239,2.13451,2.23028
TSC_pS1387,50.4787,2.18239,2.13451,2.23028
TSC_pS1387,50.7381,2.18239,2.13451,2.23028
TSC_pS1387,50.9976,2.18239,2.13451,2.23028
TSC_pS1387,51.257,2.18239,2.13451,2.23028
TSC_pS1387,51.5165,2.18239,2.13451,2.23028
TSC_pS1387,51.7759,2.18239,2.13451,2.23028
TSC_pS1387,52.0354,2.18239,2.13451,2.23028
TSC_pS1387,52.2949,2.18239,2.13451,2.23028
TSC_pS1387,52.5543,2.18239,2.13451,2.23028
TSC_pS1387,52.8138,2.18239,2.13451,2.23028
TSC_pS1387,53.0732,2.18239,2.13451,2.23028
TSC_pS1387,53.3327,2.18239,2.13451,2.23028
TSC_pS1387,53.5921,2.18239,2.13451,2.23028
TSC_pS1387,53.8516,2.18239,2.13451,2.23028
TSC_pS1387,54.111,2.18239,2.13451,2.23028
TSC_pS1387,54.3705,2.18239,2.13451,2.23028
TSC_pS1387,54.63,2.18239,2.13451,2.23028
TSC_pS1387,54.8894,2.18239,2.13451,2.23028
TSC_pS1387,55.1489,2.18239,2.13451,2.23028
TSC_pS1387,55.4083,2.18239,2.13451,2.23028
TSC_pS1387,55.6678,2.18239,2.13451,2.23028
TSC_pS1387,55.9272,2.18239,2.13451,2.23028
TSC_pS1387,56.1867,2.18239,2.13451,2.23028
TSC_pS1387,56.4461,2.18239,2.13451,2.23028
TSC_pS1387,56.7056,2.18239,2.13451,2.23028
TSC_pS1387,56.965,2.18239,2.13451,2.23028
TSC_pS1387,57.2245,2.18239,2.13451,2.23028
TSC_pS1387,57.484,2.18239,2.13451,2.23028
TSC_pS1387,57.7434,2.18239,2.13451,2.23028
TSC_pS1387,58.0029,2.18239,2.13451,2.23028
TSC_pS1387,58.2623,2.18239,2.13451,2.23028
TSC_pS1387,58.5218,2.18239,2.13451,2.23028
TSC_pS1387,58.7812,2.18239,2.13451,2.23028
TSC_pS1387,59.0407,2.18239,2.13451,2.23028
TSC_pS1387,59.3001,2.19037,2.15047,2.23028
TSC_pS1387,59.5596,2.19037,2.15047,2.23028
TSC_pS1387,59.819,2.18239,2.15047,2.21432
TSC_pS1387,60.0785,2.18239,2.15047,2.21432
TSC_pS1387,60.338,2.18239,2.15047,2.21432
TSC_pS1387,60.5974,2.18239,2.15047,2.21432
TSC_pS1387,60.8569,2.18239,2.15047,2.21432
TSC_pS1387,61.1163,2.18239,2.13451,2.23028
TSC_pS1387,61.3758,2.18239,2.13451,2.23028
TSC_pS1387,61.6352,2.18239,2.13451,2.23028
TSC_pS1387,61.8947,2.18239,2.13451,2.23028
TSC_pS1387,62.1541,2.18239,2.13451,2.23028
TSC_pS1387,62.4136,2.18239,2.13451,2.23028
TSC_pS1387,62.6731,2.18239,2.13451,2.23028
TSC_pS1387,62.9325,2.18239,2.13451,2.23028
TSC_pS1387,63.192,2.18239,2.13451,2.23028
TSC_pS1387,63.4514,2.18239,2.13451,2.23028
TSC_pS1387,63.7109,2.18239,2.13451,2.23028
TSC_pS1387,63.9703,2.18239,2.13451,2.23028
TSC_pS1387,64.2298,2.18239,2.13451,2.23028
TSC_pS1387,64.4892,2.18239,2.13451,2.23028
TSC_pS1387,64.7487,2.18239,2.13451,2.23028
TSC_pS1387,65.0081,2.18239,2.13451,2.23028
TSC_pS1387,65.2676,2.18239,2.13451,2.23028
TSC_pS1387,65.5271,2.18239,2.13451,2.23028
TSC_pS1387,65.7865,2.18239,2.13451,2.23028
TSC_pS1387,66.046,2.18239,2.13451,2.23028
TSC_pS1387,66.3054,2.18239,2.13451,2.23028
TSC_pS1387,66.5649,2.18239,2.13451,2.23028
TSC_pS1387,66.8243,2.18239,2.13451,2.23028
TSC_pS1387,67.0838,2.18239,2.13451,2.23028
TSC_pS1387,67.3432,2.18239,2.13451,2.23028
TSC_pS1387,67.6027,2.18239,2.13451,2.23028
TSC_pS1387,67.8621,2.18239,2.13451,2.23028
TSC_pS1387,68.1216,2.18239,2.13451,2.23028
TSC_pS1387,68.3811,2.18239,2.13451,2.23028
TSC_pS1387,68.6405,2.18239,2.13451,2.23028
TSC_pS1387,68.9,2.18239,2.13451,2.23028
TSC_pS1387,69.1594,2.18239,2.13451,2.23028
TSC_pS1387,69.4189,2.18239,2.13451,2.23028
TSC_pS1387,69.6783,2.18239,2.13451,2.23028
TSC_pS1387,69.9378,2.18239,2.13451,2.23028
TSC_pS1387,70.1972,2.18239,2.13451,2.23028
TSC_pS1387,70.4567,2.18239,2.13451,2.23028
TSC_pS1387,70.7162,2.18239,2.13451,2.23028
TSC_pS1387,70.9756,2.18239,2.13451,2.23028
TSC_pS1387,71.2351,2.18239,2.13451,2.23028
TSC_pS1387,71.4945,2.18239,2.13451,2.23028
TSC_pS1387,71.754,2.18239,2.13451,2.23028
TSC_pS1387,72.0134,2.18239,2.13451,2.23028
TSC_pS1387,72.2729,2.18239,2.13451,2.23028
TSC_pS1387,72.5323,2.18239,2.13451,2.23028
TSC_pS1387,72.7918,2.18239,2.13451,2.23028
TSC_pS1387,73.0512,2.18239,2.13451,2.23028
TSC_pS1387,73.3107,2.18239,2.13451,2.23028
TSC_pS1387,73.5702,2.18239,2.13451,2.23028
TSC_pS1387,73.8296,2.18239,2.13451,2.23028
TSC_pS1387,74.0891,2.18239,2.13451,2.23028
TSC_pS1387,74.3485,2.18239,2.13451,2.23028
TSC_pS1387,74.608,2.18239,2.13451,2.23028
TSC_pS1387,74.8674,2.18239,2.13451,2.23028
TSC_pS1387,75.1269,2.18239,2.13451,2.23028
TSC_pS1387,75.3863,2.18239,2.13451,2.23028
TSC_pS1387,75.6458,2.18239,2.13451,2.23028
TSC_pS1387,75.9052,2.18239,2.13451,2.23028
TSC_pS1387,76.1647,2.18239,2.13451,2.23028
TSC_pS1387,76.4242,2.18239,2.13451,2.23028
TSC_pS1387,76.6836,2.18239,2.13451,2.23028
TSC_pS1387,76.9431,2.18239,2.13451,2.23028
TSC_pS1387,77.2025,2.18239,2.13451,2.23028
TSC_pS1387,77.462,2.18239,2.13451,2.23028
TSC_pS1387,77.7214,2.18239,2.13451,2.23028
TSC_pS1387,77.9809,2.18239,2.13451,2.23028
TSC_pS1387,78.2403,2.18239,2.13451,2.23028
TSC_pS1387,78.4998,2.18239,2.13451,2.23028
TSC_pS1387,78.7593,2.18239,2.13451,2.23028
TSC_pS1387,79.0187,2.18239,2.13451,2.23028
TSC_pS1387,79.2782,2.18239,2.13451,2.23028
TSC_pS1387,79.5376,2.18239,2.13451,2.23028
TSC_pS1387,79.7971,2.18239,2.13451,2.23028
TSC_pS1387,80.0565,2.18239,2.13451,2.23028
TSC_pS1387,80.316,2.18239,2.13451,2.23028
TSC_pS1387,80.5754,2.18239,2.13451,2.23028
TSC_pS1387,80.8349,2.18239,2.13451,2.23028
TSC_pS1387,81.0943,2.18239,2.13451,2.23028
TSC_pS1387,81.3538,2.18239,2.13451,2.23028
TSC_pS1387,81.6133,2.18239,2.13451,2.23028
TSC_pS1387,81.8727,2.18239,2.13451,2.23028
TSC_pS1387,82.1322,2.18239,2.13451,2.23028
TSC_pS1387,82.3916,2.18239,2.13451,2.23028
TSC_pS1387,82.6511,2.18239,2.13451,2.23028
TSC_pS1387,82.9105,2.18239,2.13451,2.23028
TSC_pS1387,83.17,2.18239,2.13451,2.23028
TSC_pS1387,83.4294,2.18239,2.13451,2.23028
TSC_pS1387,83.6889,2.18239,2.13451,2.23028
TSC_pS1387,83.9483,2.18239,2.13451,2.23028
TSC_pS1387,84.2078,2.18239,2.13451,2.23028
TSC_pS1387,84.4673,2.18239,2.13451,2.23028
TSC_pS1387,84.7267,2.18239,2.13451,2.23028
TSC_pS1387,84.9862,2.18239,2.13451,2.23028
TSC_pS1387,85.2456,2.18239,2.13451,2.23028
TSC_pS1387,85.5051,2.18239,2.13451,2.23028
TSC_pS1387,85.7645,2.18239,2.13451,2.23028
TSC_pS1387,86.024,2.18239,2.13451,2.23028
TSC_pS1387,86.2834,2.18239,2.13451,2.23028
TSC_pS1387,86.5429,2.18239,2.13451,2.23028
TSC_pS1387,86.8023,2.18239,2.13451,2.23028
TSC_pS1387,87.0618,2.18239,2.13451,2.23028
TSC_pS1387,87.3213,2.18239,2.13451,2.23028
TSC_pS1387,87.5807,2.18239,2.13451,2.23028
TSC_pS1387,87.8402,2.18239,2.13451,2.23028
TSC_pS1387,88.0996,2.18239,2.13451,2.23028
TSC_pS1387,88.3591,2.18239,2.13451,2.23028
TSC_pS1387,88.6185,2.18239,2.13451,2.23028
TSC_pS1387,88.878,2.18239,2.13451,2.23028
TSC_pS1387,89.1374,2.18239,2.13451,2.23028
TSC_pS1387,89.3969,2.18239,2.13451,2.23028
TSC_pS1387,89.6564,2.18239,2.13451,2.23028
TSC_pS1387,89.9158,2.18239,2.13451,2.23028
TSC_pS1387,90.1753,2.18239,2.13451,2.23028
TSC_pS1387,90.4347,2.18239,2.13451,2.23028
TSC_pS1387,90.6942,2.18239,2.13451,2.23028
TSC_pS1387,90.9536,2.18239,2.13451,2.23028
TSC_pS1387,91.2131,2.18239,2.13451,2.23028
TSC_pS1387,91.4725,2.18239,2.13451,2.23028
TSC_pS1387,91.732,2.18239,2.13451,2.23028
TSC_pS1387,91.9914,2.18239,2.13451,2.23028
TSC_pS1387,92.2509,2.18239,2.13451,2.23028
TSC_pS1387,92.5104,2.18239,2.13451,2.23028
TSC_pS1387,92.7698,2.18239,2.13451,2.23028
TSC_pS1387,93.0293,2.18239,2.13451,2.23028
TSC_pS1387,93.2887,2.18239,2.13451,2.23028
TSC_pS1387,93.5482,2.18239,2.13451,2.23028
TSC_pS1387,93.8076,2.18239,2.13451,2.23028
TSC_pS1387,94.0671,2.18239,2.13451,2.23028
TSC_pS1387,94.3265,2.18239,2.13451,2.23028
TSC_pS1387,94.586,2.18239,2.13451,2.23028
TSC_pS1387,94.8454,2.18239,2.13451,2.23028
TSC_pS1387,95.1049,2.18239,2.13451,2.23028
TSC_pS1387,95.3644,2.18239,2.13451,2.23028
TSC_pS1387,95.6238,2.18239,2.13451,2.23028
TSC_pS1387,95.8833,2.18239,2.13451,2.23028
TSC_pS1387,96.1427,2.18239,2.13451,2.23028
TSC_pS1387,96.4022,2.18239,2.13451,2.23028
TSC_pS1387,96.6616,2.18239,2.13451,2.23028
TSC_pS1387,96.9211,2.18239,2.13451,2.23028
TSC_pS1387,97.1805,2.18239,2.13451,2.23028
TSC_pS1387,97.44,2.18239,2.13451,2.23028
TSC_pS1387,97.6995,2.18239,2.13451,2.23028
TSC_pS1387,97.9589,2.18239,2.13451,2.23028
TSC_pS1387,98.2184,2.18239,2.13451,2.23028
TSC_pS1387,98.4778,2.18239,2.13451,2.23028
TSC_pS1387,98.7373,2.18239,2.13451,2.23028
TSC_pS1387,98.9967,2.18239,2.13451,2.23028
TSC_pS1387,99.2562,2.18239,2.13451,2.23028
TSC_pS1387,99.5156,2.18239,2.13451,2.23028
TSC_pS1387,99.7751,2.18239,2.13451,2.23028
TSC_pS1387,100.035,2.18239,2.13451,2.23028
TSC_pS1387,100.294,2.18239,2.13451,2.23028
TSC_pS1387,100.553,2.18239,2.13451,2.23028
TSC_pS1387,100.813,2.18239,2.13451,2.23028
TSC_pS1387,101.072,2.18239,2.13451,2.23028
TSC_pS1387,101.332,2.18239,2.13451,2.23028
TSC_pS1387,101.591,2.18239,2.13451,2.23028
TSC_pS1387,101.851,2.18239,2.13451,2.23028
TSC_pS1387,102.11,2.18239,2.13451,2.23028
TSC_pS1387,102.37,2.18239,2.13451,2.23028
TSC_pS1387,102.629,2.18239,2.13451,2.23028
TSC_pS1387,102.889,2.18239,2.13451,2.23028
TSC_pS1387,103.148,2.18239,2.13451,2.23028
TSC_pS1387,103.407,2.18239,2.13451,2.23028
TSC_pS1387,103.667,2.18239,2.13451,2.23028
TSC_pS1387,103.926,2.18239,2.13451,2.23028
TSC_pS1387,104.186,2.18239,2.13451,2.23028
TSC_pS1387,104.445,2.18239,2.13451,2.23028
TSC_pS1387,104.705,2.18239,2.13451,2.23028
TSC_pS1387,104.964,2.18239,2.13451,2.23028
TSC_pS1387,105.224,2.18239,2.13451,2.23028
TSC_pS1387,105.483,2.18239,2.13451,2.23028
TSC_pS1387,105.743,2.18239,2.13451,2.23028
TSC_pS1387,106.002,2.18239,2.13451,2.23028
TSC_pS1387,106.261,2.18239,2.13451,2.23028
TSC_pS1387,106.521,2.18239,2.13451,2.23028
TSC_pS1387,106.78,2.18239,2.13451,2.23028
TSC_pS1387,107.04,2.18239,2.13451,2.23028
TSC_pS1387,107.299,2.18239,2.13451,2.23028
TSC_pS1387,107.559,2.18239,2.13451,2.23028
TSC_pS1387,107.818,2.18239,2.13451,2.23028
TSC_pS1387,108.078,2.18239,2.13451,2.23028
TSC_pS1387,108.337,2.18239,2.13451,2.23028
TSC_pS1387,108.597,2.18239,2.13451,2.23028
TSC_pS1387,108.856,2.18239,2.13451,2.23028
TSC_pS1387,109.115,2.18239,2.13451,2.23028
TSC_pS1387,109.375,2.18239,2.13451,2.23028
TSC_pS1387,109.634,2.18239,2.13451,2.23028
TSC_pS1387,109.894,2.18239,2.13451,2.23028
TSC_pS1387,110.153,2.18239,2.13451,2.23028
TSC_pS1387,110.413,2.18239,2.13451,2.23028
TSC_pS1387,110.672,2.18239,2.13451,2.23028
TSC_pS1387,110.932,2.18239,2.13451,2.23028
TSC_pS1387,111.191,2.18239,2.13451,2.23028
TSC_pS1387,111.451,2.18239,2.13451,2.23028
TSC_pS1387,111.71,2.18239,2.13451,2.23028
TSC_pS1387,111.969,2.18239,2.13451,2.23028
TSC_pS1387,112.229,2.18239,2.13451,2.23028
TSC_pS1387,112.488,2.18239,2.13451,2.23028
TSC_pS1387,112.748,2.18239,2.13451,2.23028
TSC_pS1387,113.007,2.18239,2.13451,2.23028
TSC_pS1387,113.267,2.18239,2.13451,2.23028
TSC_pS1387,113.526,2.18239,2.13451,2.23028
TSC_pS1387,113.786,2.18239,2.13451,2.23028
TSC_pS1387,114.045,2.18239,2.13451,2.23028
TSC_pS1387,114.305,2.18239,2.13451,2.23028
TSC_pS1387,114.564,2.18239,2.13451,2.23028
TSC_pS1387,114.823,2.18239,2.13451,2.23028
TSC_pS1387,115.083,2.17441,2.11854,2.23028
TSC_pS1387,115.342,2.17441,2.11854,2.23028
TSC_pS1387,115.602,2.17441,2.11854,2.23028
TSC_pS1387,115.861,2.17441,2.11854,2.23028
TSC_pS1387,116.121,2.18239,2.13451,2.23028
TSC_pS1387,116.38,2.18239,2.13451,2.23028
TSC_pS1387,116.64,2.18239,2.13451,2.23028
TSC_pS1387,116.899,2.18239,2.13451,2.23028
TSC_pS1387,117.159,2.18239,2.13451,2.23028
TSC_pS1387,117.418,2.18239,2.13451,2.23028
TSC_pS1387,117.677,2.18239,2.13451,2.23028
TSC_pS1387,117.937,2.18239,2.13451,2.23028
TSC_pS1387,118.196,2.18239,2.13451,2.23028
TSC_pS1387,118.456,2.18239,2.15047,2.21432
TSC_pS1387,118.715,2.18239,2.15047,2.21432
mTOR_pS2448,0,0.856452,0.398277,1.31463
mTOR_pS2448,0,0.894634,0.321914,1.46735
mTOR_pS2448,0.144439,1.12372,0.321914,1.92553
mTOR_pS2448,0.403894,1.20008,0.321914,2.07825
mTOR_pS2448,0.663349,1.27645,0.321914,2.23098
mTOR_pS2448,0.922803,1.7728,1.1619,2.3837
mTOR_pS2448,1.18226,1.96371,1.31463,2.61279
mTOR_pS2448,1.44171,2.11644,1.39099,2.84188
mTOR_pS2448,1.70117,2.23098,1.39099,3.07097
mTOR_pS2448,1.96062,2.30734,1.46735,3.14733
mTOR_pS2448,2.22008,2.46007,1.54372,3.37642
mTOR_pS2448,2.47953,3.07097,2.61279,3.52914
mTOR_pS2448,2.73899,3.18551,2.68916,3.68187
mTOR_pS2448,2.99844,3.30006,2.76552,3.83459
mTOR_pS2448,3.2579,3.33824,2.76552,3.91096
mTOR_pS2448,3.51735,3.45278,2.84188,4.06368
mTOR_pS2448,3.77681,3.60551,2.91824,4.29277
mTOR_pS2448,4.03626,3.72005,3.07097,4.36913
mTOR_pS2448,4.29572,3.83459,3.22369,4.4455
mTOR_pS2448,4.55517,3.98732,3.45278,4.52186
mTOR_pS2448,4.81463,4.10186,3.60551,4.59822
mTOR_pS2448,5.07408,4.36913,3.98732,4.75095
mTOR_pS2448,5.33354,4.48368,4.14004,4.82731
mTOR_pS2448,5.59299,4.56004,4.21641,4.90367
mTOR_pS2448,5.85245,4.59822,4.21641,4.98003
mTOR_pS2448,6.1119,4.67458,4.29277,5.0564
mTOR_pS2448,6.37135,4.71276,4.36913,5.0564
mTOR_pS2448,6.63081,4.82731,4.4455,5.20912
mTOR_pS2448,6.89026,4.86549,4.4455,5.28548
mTOR_pS2448,7.14972,4.90367,4.52186,5.28548
mTOR_pS2448,7.40917,4.98003,4.59822,5.36185
mTOR_pS2448,7.66863,5.0564,4.67458,5.43821
mTOR_pS2448,7.92808,5.0564,4.67458,5.43821
mTOR_pS2448,8.18754,5.13276,4.75095,5.51457
mTOR_pS2448,8.44699,5.17094,4.82731,5.51457
mTOR_pS2448,8.70645,5.20912,4.90367,5.51457
mTOR_pS2448,8.9659,5.20912,4.90367,5.51457
mTOR_pS2448,9.22536,5.28548,4.98003,5.59093
mTOR_pS2448,9.48481,5.32367,5.0564,5.59093
mTOR_pS2448,9.74427,5.32367,5.0564,5.59093
mTOR_pS2448,10.0037,5.32367,5.0564,5.59093
mTOR_pS2448,10.2632,5.32367,5.0564,5.59093
mTOR_pS2448,10.5226,5.36185,5.13276,5.59093
mTOR_pS2448,10.7821,5.36185,5.13276,5.59093
mTOR_pS2448,11.0415,5.40003,5.13276,5.6673
mTOR_pS2448,11.301,5.40003,5.13276,5.6673
mTOR_pS2448,11.5605,5.40003,5.13276,5.6673
mTOR_pS2448,11.8199,5.40003,5.13276,5.6673
mTOR_pS2448,12.0794,5.40003,5.13276,5.6673
mTOR_pS2448,12.3388,5.43821,5.13276,5.74366
mTOR_pS2448,12.5983,5.43821,5.13276,5.74366
mTOR_pS2448,12.8577,5.43821,5.13276,5.74366
mTOR_pS2448,13.1172,5.43821,5.13276,5.74366
mTOR_pS2448,13.3766,5.43821,5.13276,5.74366
mTOR_pS2448,13.6361,5.43821,5.13276,5.74366
mTOR_pS2448,13.8955,5.40003,5.13276,5.6673
mTOR_pS2448,14.155,5.40003,5.13276,5.6673
mTOR_pS2448,14.4145,5.40003,5.13276,5.6673
mTOR_pS2448,14.6739,5.40003,5.13276,5.6673
mTOR_pS2448,14.9334,5.36185,5.13276,5.59093
mTOR_pS2448,15.1928,5.36185,5.13276,5.59093
mTOR_pS2448,15.4523,5.36185,5.13276,5.59093
mTOR_pS2448,15.7117,5.36185,5.13276,5.59093
mTOR_pS2448,15.9712,5.36185,5.13276,5.59093
mTOR_pS2448,16.2306,5.36185,5.13276,5.59093
mTOR_pS2448,16.4901,5.40003,5.13276,5.6673
mTOR_pS2448,16.7495,5.36185,5.0564,5.6673
mTOR_pS2448,17.009,5.36185,5.0564,5.6673
mTOR_pS2448,17.2685,5.36185,5.0564,5.6673
mTOR_pS2448,17.5279,5.36185,5.0564,5.6673
mTOR_pS2448,17.7874,5.36185,5.0564,5.6673
mTOR_pS2448,18.0468,5.36185,5.0564,5.6673
mTOR_pS2448,18.3063,5.32367,5.0564,5.59093
mTOR_pS2448,18.5657,5.32367,5.0564,5.59093
mTOR_pS2448,18.8252,5.32367,5.0564,5.59093
mTOR_pS2448,19.0846,5.28548,5.0564,5.51457
mTOR_pS2448,19.3441,5.2473,4.98003,5.51457
mTOR_pS2448,19.6036,5.2473,4.98003,5.51457
mTOR_pS2448,19.863,5.2473,4.98003,5.51457
mTOR_pS2448,20.1225,5.2473,4.98003,5.51457
mTOR_pS2448,20.3819,5.2473,4.98003,5.51457
mTOR_pS2448,20.6414,5.2473,4.98003,5.51457
mTOR_pS2448,20.9008,5.2473,4.98003,5.51457
mTOR_pS2448,21.1603,5.2473,4.98003,5.51457
mTOR_pS2448,21.4197,5.2473,4.98003,5.51457
mTOR_pS2448,21.6792,5.20912,4.90367,5.51457
mTOR_pS2448,21.9386,5.20912,4.90367,5.51457
mTOR_pS2448,22.1981,5.20912,4.90367,5.51457
mTOR_pS2448,22.4576,5.17094,4.90367,5.43821
mTOR_pS2448,22.717,5.20912,4.90367,5.51457
mTOR_pS2448,22.9765,5.20912,4.90367,5.51457
mTOR_pS2448,23.2359,5.20912,4.90367,5.51457
mTOR_pS2448,23.4954,5.20912,4.90367,5.51457
mTOR_pS2448,23.7548,5.13276,4.82731,5.43821
mTOR_pS2448,24.0143,5.13276,4.82731,5.43821
mTOR_pS2448,24.2737,5.13276,4.82731,5.43821
mTOR_pS2448,24.5332,5.13276,4.82731,5.43821
mTOR_pS2448,24.7926,5.13276,4.82731,5.43821
mTOR_pS2448,25.0521,5.13276,4.82731,5.43821
mTOR_pS2448,25.3116,5.13276,4.82731,5.43821
mTOR_pS2448,25.571,5.13276,4.82731,5.43821
mTOR_pS2448,25.8305,5.09458,4.82731,5.36185
mTOR_pS2448,26.0899,5.09458,4.82731,5.36185
mTOR_pS2448,26.3494,5.09458,4.82731,5.36185
mTOR_pS2448,26.6088,5.09458,4.82731,5.36185
mTOR_pS2448,26.8683,5.09458,4.82731,5.36185
mTOR_pS2448,27.1277,5.09458,4.82731,5.36185
mTOR_pS2448,27.3872,5.09458,4.82731,5.36185
mTOR_pS2448,27.6467,5.09458,4.82731,5.36185
mTOR_pS2448,27.9061,5.0564,4.75095,5.36185
mTOR_pS2448,28.1656,5.01821,4.75095,5.28548
mTOR_pS2448,28.425,5.01821,4.75095,5.28548
mTOR_pS2448,28.6845,5.01821,4.75095,5.28548
mTOR_pS2448,28.9439,5.01821,4.75095,5.28548
mTOR_pS2448,29.2034,5.01821,4.75095,5.28548
mTOR_pS2448,29.4628,5.01821,4.75095,5.28548
mTOR_pS2448,29.7223,5.01821,4.75095,5.28548
mTOR_pS2448,29.9817,5.01821,4.75095,5.28548
mTOR_pS2448,30.2412,5.01821,4.75095,5.28548
mTOR_pS2448,30.5007,5.01821,4.75095,5.28548
mTOR_pS2448,30.7601,5.01821,4.75095,5.28548
mTOR_pS2448,31.0196,5.01821,4.75095,5.28548
mTOR_pS2448,31.279,5.01821,4.75095,5.28548
mTOR_pS2448,31.5385,5.01821,4.75095,5.28548
mTOR_pS2448,31.7979,5.01821,4.75095,5.28548
mTOR_pS2448,32.0574,5.01821,4.75095,5.28548
mTOR_pS2448,32.3168,5.01821,4.75095,5.28548
mTOR_pS2448,32.5763,5.01821,4.75095,5.28548
mTOR_pS2448,32.8357,5.01821,4.75095,5.28548
mTOR_pS2448,33.0952,5.01821,4.75095,5.28548
mTOR_pS2448,33.3547,5.01821,4.75095,5.28548
mTOR_pS2448,33.6141,5.01821,4.75095,5.28548
mTOR_pS2448,33.8736,5.01821,4.75095,5.28548
mTOR_pS2448,34.133,5.01821,4.75095,5.28548
mTOR_pS2448,34.3925,5.01821,4.75095,5.28548
mTOR_pS2448,34.6519,5.01821,4.75095,5.28548
mTOR_pS2448,34.9114,5.01821,4.75095,5.28548
mTOR_pS2448,35.1708,5.01821,4.75095,5.28548
mTOR_pS2448,35.4303,5.01821,4.75095,5.28548
mTOR_pS2448,35.6897,5.01821,4.75095,5.28548
mTOR_pS2448,35.9492,5.01821,4.75095,5.28548
mTOR_pS2448,36.2087,5.01821,4.75095,5.28548
mTOR_pS2448,36.4681,5.01821,4.75095,5.28548
mTOR_pS2448,36.7276,5.01821,4.75095,5.28548
mTOR_pS2448,36.987,5.01821,4.75095,5.28548
mTOR_pS2448,37.2465,5.01821,4.75095,5.28548
mTOR_pS2448,37.5059,5.01821,4.75095,5.28548
mTOR_pS2448,37.7654,5.01821,4.75095,5.28548
mTOR_pS2448,38.0248,5.01821,4.75095,5.28548
mTOR_pS2448,38.2843,5.01821,4.75095,5.28548
mTOR_pS2448,38.5438,4.98003,4.67458,5.28548
mTOR_pS2448,38.8032,4.98003,4.67458,5.28548
mTOR_pS2448,39.0627,4.98003,4.67458,5.28548
mTOR_pS2448,39.3221,4.98003,4.67458,5.28548
mTOR_pS2448,39.5816,4.98003,4.67458,5.28548
mTOR_pS2448,39.841,4.98003,4.67458,5.28548
mTOR_pS2448,40.1005,4.98003,4.67458,5.28548
mTOR_pS2448,40.3599,4.98003,4.67458,5.28548
mTOR_pS2448,40.6194,4.98003,4.67458,5.28548
mTOR_pS2448,40.8788,4.98003,4.67458,5.28548
mTOR_pS2448,41.1383,4.98003,4.67458,5.28548
mTOR_pS2448,41.3978,4.98003,4.67458,5.28548
mTOR_pS2448,41.6572,4.98003,4.67458,5.28548
mTOR_pS2448,41.9167,4.98003,4.67458,5.28548
mTOR_pS2448,42.1761,4.98003,4.67458,5.28548
mTOR_pS2448,42.4356,4.98003,4.67458,5.28548
mTOR_pS2448,42.695,4.98003,4.67458,5.28548
mTOR_pS2448,42.9545,4.98003,4.67458,5.28548
mTOR_pS2448,43.2139,4.98003,4.67458,5.28548
mTOR_pS2448,43.4734,4.94185,4.67458,5.20912
mTOR_pS2448,43.7328,4.94185,4.67458,5.20912
mTOR_pS2448,43.9923,4.94185,4.67458,5.20912
mTOR_pS2448,44.2518,4.94185,4.67458,5.20912
mTOR_pS2448,44.5112,4.94185,4.67458,5.20912
mTOR_pS2448,44.7707,4.94185,4.67458,5.20912
mTOR_pS2448,45.0301,4.94185,4.67458,5.20912
mTOR_pS2448,45.2896,4.94185,4.67458,5.20912
mTOR_pS2448,45.549,4.94185,4.67458,5.20912
mTOR_pS2448,45.8085,4.94185,4.67458,5.20912
mTOR_pS2448,46.0679,4.94185,4.67458,5.20912
mTOR_pS2448,46.3274,4.94185,4.67458,5.20912
mTOR_pS2448,46.5869,4.94185,4.67458,5.20912
mTOR_pS2448,46.8463,4.98003,4.67458,5.28548
mTOR_pS2448,47.1058,4.98003,4.67458,5.28548
mTOR_pS2448,47.3652,4.98003,4.67458,5.28548
mTOR_pS2448,47.6247,4.98003,4.67458,5.28548
mTOR_pS2448,47.8841,4.98003,4.67458,5.28548
mTOR_pS2448,48.1436,4.98003,4.67458,5.28548
mTOR_pS2448,48.403,4.98003,4.67458,5.28548
mTOR_pS2448,48.6625,4.98003,4.67458,5.28548
mTOR_pS2448,48.9219,4.98003,4.67458,5.28548
mTOR_pS2448,49.1814,4.98003,4.67458,5.28548
mTOR_pS2448,49.4409,4.98003,4.67458,5.28548
mTOR_pS2448,49.7003,4.98003,4.67458,5.28548
mTOR_pS2448,49.9598,4.98003,4.67458,5.28548
mTOR_pS2448,50.2192,4.98003,4.67458,5.28548
mTOR_pS2448,50.4787,4.98003,4.67458,5.28548
mTOR_pS2448,50.7381,4.98003,4.67458,5.28548
mTOR_pS2448,50.9976,4.98003,4.67458,5.28548
mTOR_pS2448,51.257,4.98003,4.67458,5.28548
mTOR_pS2448,51.5165,4.98003,4.67458,5.28548
mTOR_pS2448,51.7759,4.98003,4.67458,5.28548
mTOR_pS2448,52.0354,4.98003,4.67458,5.28548
mTOR_pS2448,52.2949,4.98003,4.67458,5.28548
mTOR_pS2448,52.5543,4.98003,4.67458,5.28548
mTOR_pS2448,52.8138,4.98003,4.67458,5.28548
mTOR_pS2448,53.0732,4.98003,4.67458,5.28548
mTOR_pS2448,53.3327,4.98003,4.67458,5.28548
mTOR_pS2448,53.5921,4.98003,4.67458,5.28548
mTOR_pS2448,53.8516,4.98003,4.67458,5.28548
mTOR_pS2448,54.111,4.98003,4.67458,5.28548
mTOR_pS2448,54.3705,4.98003,4.67458,5.28548
mTOR_pS2448,54.63,4.98003,4.67458,5.28548
mTOR_pS2448,54.8894,4.98003,4.67458,5.28548
mTOR_pS2448,55.1489,4.98003,4.67458,5.28548
mTOR_pS2448,55.4083,4.98003,4.67458,5.28548
mTOR_pS2448,55.6678,4.98003,4.67458,5.28548
mTOR_pS2448,55.9272,4.98003,4.67458,5.28548
mTOR_pS2448,56.1867,4.98003,4.67458,5.28548
mTOR_pS2448,56.4461,4.98003,4.67458,5.28548
mTOR_pS2448,56.7056,4.98003,4.67458,5.28548
mTOR_pS2448,56.965,4.98003,4.67458,5.28548
mTOR_pS2448,57.2245,4.98003,4.67458,5.28548
mTOR_pS2448,57.484,4.98003,4.67458,5.28548
mTOR_pS2448,57.7434,4.98003,4.67458,5.28548
mTOR_pS2448,58.0029,4.98003,4.67458,5.28548
mTOR_pS2448,58.2623,4.98003,4.67458,5.28548
mTOR_pS2448,58.5218,4.98003,4.67458,5.28548
mTOR_pS2448,58.7812,4.94185,4.67458,5.20912
mTOR_pS2448,59.0407,4.94185,4.67458,5.20912
mTOR_pS2448,59.3001,4.90367,4.67458,5.13276
mTOR_pS2448,59.5596,4.90367,4.67458,5.13276
mTOR_pS2448,59.819,4.90367,4.67458,5.13276
mTOR_pS2448,60.0785,4.86549,4.67458,5.0564
mTOR_pS2448,60.338,4.90367,4.67458,5.13276
mTOR_pS2448,60.5974,4.90367,4.67458,5.13276
mTOR_pS2448,60.8569,4.90367,4.67458,5.13276
mTOR_pS2448,61.1163,4.90367,4.67458,5.13276
mTOR_pS2448,61.3758,4.94185,4.67458,5.20912
mTOR_pS2448,61.6352,4.94185,4.67458,5.20912
mTOR_pS2448,61.8947,4.94185,4.67458,5.20912
mTOR_pS2448,62.1541,4.98003,4.67458,5.28548
mTOR_pS2448,62.4136,4.98003,4.67458,5.28548
mTOR_pS2448,62.6731,4.98003,4.67458,5.28548
mTOR_pS2448,62.9325,4.98003,4.67458,5.28548
mTOR_pS2448,63.192,4.98003,4.67458,5.28548
mTOR_pS2448,63.4514,4.98003,4.67458,5.28548
mTOR_pS2448,63.7109,4.98003,4.67458,5.28548
mTOR_pS2448,63.9703,4.98003,4.67458,5.28548
mTOR_pS2448,64.2298,4.98003,4.67458,5.28548
mTOR_pS2448,64.4892,4.98003,4.67458,5.28548
mTOR_pS2448,64.7487,4.98003,4.67458,5.28548
mTOR_pS2448,65.0081,4.98003,4.67458,5.28548
mTOR_pS2448,65.2676,4.98003,4.67458,5.28548
mTOR_pS2448,65.5271,4.98003,4.67458,5.28548
mTOR_pS2448,65.7865,4.98003,4.67458,5.28548
mTOR_pS2448,66.046,4.98003,4.67458,5.28548
mTOR_pS2448,66.3054,4.98003,4.67458,5.28548
mTOR_pS2448,66.5649,4.98003,4.67458,5.28548
mTOR_pS2448,66.8243,4.98003,4.67458,5.28548
mTOR_pS2448,67.0838,4.98003,4.67458,5.28548
mTOR_pS2448,67.3432,4.98003,4.67458,5.28548
mTOR_pS2448,67.6027,4.98003,4.67458,5.28548
mTOR_pS2448,67.8621,4.98003,4.67458,5.28548
mTOR_pS2448,68.1216,4.98003,4.67458,5.28548
mTOR_pS2448,68.3811,4.98003,4.67458,5.28548
mTOR_pS2448,68.6405,4.98003,4.67458,5.28548
mTOR_pS2448,68.9,4.98003,4.67458,5.28548
mTOR_pS2448,69.1594,4.98003,4.67458,5.28548
mTOR_pS2448,69.4189,4.98003,4.67458,5.28548
mTOR_pS2448,69.6783,4.98003,4.67458,5.28548
mTOR_pS2448,69.9378,4.98003,4.67458,5.28548
mTOR_pS2448,70.1972,4.98003,4.67458,5.28548
mTOR_pS2448,70.4567,4.98003,4.67458,5.28548
mTOR_pS2448,70.7162,4.98003,4.67458,5.28548
mTOR_pS2448,70.9756,4.98003,4.67458,5.28548
mTOR_pS2448,71.2351,4.98003,4.67458,5.28548
mTOR_pS2448,71.4945,4.98003,4.67458,5.28548
mTOR_pS2448,71.754,4.98003,4.67458,5.28548
mTOR_pS2448,72.0134,4.98003,4.67458,5.28548
mTOR_pS2448,72.2729,4.98003,4.67458,5.28548
mTOR_pS2448,72.5323,4.98003,4.67458,5.28548
mTOR_pS2448,72.7918,4.98003,4.67458,5.28548
mTOR_pS2448,73.0512,4.98003,4.67458,5.28548
mTOR_pS2448,73.3107,4.98003,4.67458,5.28548
mTOR_pS2448,73.5702,4.98003,4.67458,5.28548
mTOR_pS2448,73.8296,4.98003,4.67458,5.28548
mTOR_pS2448,74.0891,4.98003,4.67458,5.28548
mTOR_pS2448,74.3485,4.98003,4.67458,5.28548
mTOR_pS2448,74.608,4.98003,4.67458,5.28548
mTOR_pS2448,74.8674,4.98003,4.67458,5.28548
mTOR_pS2448,75.1269,4.98003,4.67458,5.28548
mTOR_pS2448,75.3863,4.98003,4.67458,5.28548
mTOR_pS2448,75.6458,4.98003,4.67458,5.28548
mTOR_pS2448,75.9052,4.98003,4.67458,5.28548
mTOR_pS2448,76.1647,4.98003,4.67458,5.28548
mTOR_pS2448,76.4242,4.98003,4.67458,5.28548
mTOR_pS2448,76.6836,4.98003,4.67458,5.28548
mTOR_pS2448,76.9431,4.98003,4.67458,5.28548
mTOR_pS2448,77.2025,4.98003,4.67458,5.28548
mTOR_pS2448,77.462,4.98003,4.67458,5.28548
mTOR_pS2448,77.7214,4.98003,4.67458,5.28548
mTOR_pS2448,77.9809,4.98003,4.67458,5.28548
mTOR_pS2448,78.2403,4.98003,4.67458,5.28548
mTOR_pS2448,78.4998,4.98003,4.67458,5.28548
mTOR_pS2448,78.7593,4.98003,4.67458,5.28548
mTOR_pS2448,79.0187,4.98003,4.67458,5.28548
mTOR_pS2448,79.2782,4.98003,4.67458,5.28548
mTOR_pS2448,79.5376,4.98003,4.67458,5.28548
mTOR_pS2448,79.7971,4.98003,4.67458,5.28548
mTOR_pS2448,80.0565,4.98003,4.67458,5.28548
mTOR_pS2448,80.316,4.98003,4.67458,5.28548
mTOR_pS2448,80.5754,4.98003,4.67458,5.28548
mTOR_pS2448,80.8349,4.98003,4.67458,5.28548
mTOR_pS2448,81.0943,4.98003,4.67458,5.28548
mTOR_pS2448,81.3538,4.98003,4.67458,5.28548
mTOR_pS2448,81.6133,4.98003,4.67458,5.28548
mTOR_pS2448,81.8727,4.98003,4.67458,5.28548
mTOR_pS2448,82.1322,4.98003,4.67458,5.28548
mTOR_pS2448,82.3916,4.98003,4.67458,5.28548
mTOR_pS2448,82.6511,4.98003,4.67458,5.28548
mTOR_pS2448,82.9105,4.98003,4.67458,5.28548
mTOR_pS2448,83.17,4.98003,4.67458,5.28548
mTOR_pS2448,83.4294,4.98003,4.67458,5.28548
mTOR_pS2448,83.6889,4.98003,4.67458,5.28548
mTOR_pS2448,83.9483,4.98003,4.67458,5.28548
mTOR_pS2448,84.2078,4.98003,4.67458,5.28548
mTOR_pS2448,84.4673,4.98003,4.67458,5.28548
mTOR_pS2448,84.7267,4.98003,4.67458,5.28548
mTOR_pS2448,84.9862,4.98003,4.67458,5.28548
mTOR_pS2448,85.2456,4.98003,4.67458,5.28548
mTOR_pS2448,85.5051,4.98003,4.67458,5.28548
mTOR_pS2448,85.7645,4.98003,4.67458,5.28548
mTOR_pS2448,86.024,4.98003,4.67458,5.28548
mTOR_pS2448,86.2834,4.98003,4.67458,5.28548
mTOR_pS2448,86.5429,4.98003,4.67458,5.28548
mTOR_pS2448,86.8023,4.98003,4.67458,5.28548
mTOR_pS2448,87.0618,4.98003,4.67458,5.28548
mTOR_pS2448,87.3213,4.98003,4.67458,5.28548
mTOR_pS2448,87.5807,4.98003,4.67458,5.28548
mTOR_pS2448,87.8402,4.98003,4.67458,5.28548
mTOR_pS2448,88.0996,4.98003,4.67458,5.28548
mTOR_pS2448,88.3591,4.98003,4.67458,5.28548
mTOR_pS2448,88.6185,4.98003,4.67458,5.28548
mTOR_pS2448,88.878,4.98003,4.67458,5.28548
mTOR_pS2448,89.1374,4.98003,4.67458,5.28548
mTOR_pS2448,89.3969,4.98003,4.67458,5.28548
mTOR_pS2448,89.6564,4.98003,4.67458,5.28548
mTOR_pS2448,89.9158,4.98003,4.67458,5.28548
mTOR_pS2448,90.1753,4.98003,4.67458,5.28548
mTOR_pS2448,90.4347,4.98003,4.67458,5.28548
mTOR_pS2448,90.6942,4.98003,4.67458,5.28548
mTOR_pS2448,90.9536,4.98003,4.67458,5.28548
mTOR_pS2448,91.2131,4.98003,4.67458,5.28548
mTOR_pS2448,91.4725,4.98003,4.67458,5.28548
mTOR_pS2448,91.732,4.98003,4.67458,5.28548
mTOR_pS2448,91.9914,4.98003,4.67458,5.28548
mTOR_pS2448,92.2509,4.98003,4.67458,5.28548
mTOR_pS2448,92.5104,4.98003,4.67458,5.28548
mTOR_pS2448,92.7698,4.98003,4.67458,5.28548
mTOR_pS2448,93.0293,4.98003,4.67458,5.28548
mTOR_pS2448,93.2887,4.98003,4.67458,5.28548
mTOR_pS2448,93.5482,4.98003,4.67458,5.28548
mTOR_pS2448,93.8076,4.98003,4.67458,5.28548
mTOR_pS2448,94.0671,4.98003,4.67458,5.28548
mTOR_pS2448,94.3265,4.98003,4.67458,5.28548
mTOR_pS2448,94.586,4.98003,4.67458,5.28548
mTOR_pS2448,94.8454,4.98003,4.67458,5.28548
mTOR_pS2448,95.1049,4.98003,4.67458,5.28548
mTOR_pS2448,95.3644,4.98003,4.67458,5.28548
mTOR_pS2448,95.6238,4.98003,4.67458,5.28548
mTOR_pS2448,95.8833,4.98003,4.67458,5.28548
mTOR_pS2448,96.1427,4.98003,4.67458,5.28548
mTOR_pS2448,96.4022,4.98003,4.67458,5.28548
mTOR_pS2448,96.6616,4.98003,4.67458,5.28548
mTOR_pS2448,96.9211,4.98003,4.67458,5.28548
mTOR_pS2448,97.1805,4.98003,4.67458,5.28548
mTOR_pS2448,97.44,4.98003,4.67458,5.28548
mTOR_pS2448,97.6995,4.98003,4.67458,5.28548
mTOR_pS2448,97.9589,4.98003,4.67458,5.28548
mTOR_pS2448,98.2184,4.98003,4.67458,5.28548
mTOR_pS2448,98.4778,4.98003,4.67458,5.28548
mTOR_pS2448,98.7373,4.98003,4.67458,5.28548
mTOR_pS2448,98.9967,4.98003,4.67458,5.28548
mTOR_pS2448,99.2562,4.98003,4.67458,5.28548
mTOR_pS2448,99.5156,4.98003,4.67458,5.28548
mTOR_pS2448,99.7751,4.98003,4.67458,5.28548
mTOR_pS2448,100.035,4.98003,4.67458,5.28548
mTOR_pS2448,100.294,4.98003,4.67458,5.28548
mTOR_pS2448,100.553,4.98003,4.67458,5.28548
mTOR_pS2448,100.813,4.98003,4.67458,5.28548
mTOR_pS2448,101.072,4.98003,4.67458,5.28548
mTOR_pS2448,101.332,4.98003,4.67458,5.28548
mTOR_pS2448,101.591,4.98003,4.67458,5.28548
mTOR_pS2448,101.851,4.98003,4.67458,5.28548
mTOR_pS2448,102.11,4.98003,4.67458,5.28548
mTOR_pS2448,102.37,4.98003,4.67458,5.28548
mTOR_pS2448,102.629,4.98003,4.67458,5.28548
mTOR_pS2448,102.889,4.98003,4.67458,5.28548
mTOR_pS2448,103.148,4.98003,4.67458,5.28548
mTOR_pS2448,103.407,4.98003,4.67458,5.28548
mTOR_pS2448,103.667,4.98003,4.67458,5.28548
mTOR_pS2448,103.926,4.98003,4.67458,5.28548
mTOR_pS2448,104.186,4.98003,4.67458,5.28548
mTOR_pS2448,104.445,4.98003,4.67458,5.28548
mTOR_pS2448,104.705,4.98003,4.67458,5.28548
mTOR_pS2448,104.964,4.98003,4.67458,5.28548
mTOR_pS2448,105.224,4.98003,4.67458,5.28548
mTOR_pS2448,105.483,4.98003,4.67458,5.28548
mTOR_pS2448,105.743,4.98003,4.67458,5.28548
mTOR_pS2448,106.002,4.98003,4.67458,5.28548
mTOR_pS2448,106.261,4.98003,4.67458,5.28548
mTOR_pS2448,106.521,4.98003,4.67458,5.28548
mTOR_pS2448,106.78,4.98003,4.67458,5.28548
mTOR_pS2448,107.04,4.98003,4.67458,5.28548
mTOR_pS2448,107.299,4.98003,4.67458,5.28548
mTOR_pS2448,107.559,4.98003,4.67458,5.28548
mTOR_pS2448,107.818,4.98003,4.67458,5.28548
mTOR_pS2448,108.078,4.98003,4.67458,5.28548
mTOR_pS2448,108.337,4.98003,4.67458,5.28548
mTOR_pS2448,108.597,4.98003,4.67458,5.28548
mTOR_pS2448,108.856,4.98003,4.67458,5.28548
mTOR_pS2448,109.115,4.98003,4.67458,5.28548
mTOR_pS2448,109.375,4.98003,4.67458,5.28548
mTOR_pS2448,109.634,4.98003,4.67458,5.28548
mTOR_pS2448,109.894,4.98003,4.67458,5.28548
mTOR_pS2448,110.153,4.98003,4.67458,5.28548
mTOR_pS2448,110.413,4.98003,4.67458,5.28548
mTOR_pS2448,110.672,4.98003,4.67458,5.28548
mTOR_pS2448,110.932,4.98003,4.67458,5.28548
mTOR_pS2448,111.191,4.98003,4.67458,5.28548
mTOR_pS2448,111.451,4.98003,4.67458,5.28548
mTOR_pS2448,111.71,4.98003,4.67458,5.28548
mTOR_pS2448,111.969,4.98003,4.67458,5.28548
mTOR_pS2448,112.229,4.98003,4.67458,5.28548
mTOR_pS2448,112.488,4.98003,4.67458,5.28548
mTOR_pS2448,112.748,4.98003,4.67458,5.28548
mTOR_pS2448,113.007,4.98003,4.67458,5.28548
mTOR_pS2448,113.267,4.98003,4.67458,5.28548
mTOR_pS2448,113.526,4.98003,4.67458,5.28548
mTOR_pS2448,113.786,4.98003,4.67458,5.28548
mTOR_pS2448,114.045,4.98003,4.67458,5.28548
mTOR_pS2448,114.305,4.98003,4.67458,5.28548
mTOR_pS2448,114.564,4.98003,4.67458,5.28548
mTOR_pS2448,114.823,4.98003,4.67458,5.28548
mTOR_pS2448,115.083,4.98003,4.67458,5.28548
mTOR_pS2448,115.342,4.98003,4.67458,5.28548
mTOR_pS2448,115.602,4.98003,4.67458,5.28548
mTOR_pS2448,115.861,4.98003,4.67458,5.28548
mTOR_pS2448,116.121,4.98003,4.67458,5.28548
mTOR_pS2448,116.38,4.98003,4.67458,5.28548
mTOR_pS2448,116.64,4.98003,4.67458,5.28548
mTOR_pS2448,116.899,4.98003,4.67458,5.28548
mTOR_pS2448,117.159,4.98003,4.67458,5.28548
mTOR_pS2448,117.418,4.98003,4.67458,5.28548
mTOR_pS2448,117.677,4.98003,4.67458,5.28548
mTOR_pS2448,117.937,4.98003,4.67458,5.28548
mTOR_pS2448,118.196,4.98003,4.67458,5.28548
mTOR_pS2448,118.456,4.98003,4.67458,5.28548
mTOR_pS2448,118.715,4.98003,4.67458,5.28548
mTOR_pS2448,118.975,5.01821,4.75095,5.28548
mTOR_pS2448,119.234,5.01821,4.75095,5.28548
mTOR_pS2448,119.494,4.98003,4.75095,5.20912
mTOR_pS2448,119.753,5.01821,4.82731,5.20912
mTOR_pS2448,120,5.01821,4.90367,5.13276
mTOR_pS2481,0,0.202547,0.0147604,0.390333
mTOR_pS2481,0.0147115,0.181681,0.0147604,0.348602
mTOR_pS2481,0.274166,0.160816,0.0147604,0.306872
mTOR_pS2481,0.533621,0.139951,0.0147604,0.265142
mTOR_pS2481,0.793076,0.0982209,0.0147604,0.181681
mTOR_pS2481,1.05253,0.0773558,0.0147604,0.139951
mTOR_pS2481,1.31199,1.49618,1.01629,1.97608
mTOR_pS2481,1.57144,1.55878,1.09975,2.01781
mTOR_pS2481,1.8309,1.76743,1.51705,2.01781
mTOR_pS2481,2.09035,1.85089,1.64224,2.05954
mTOR_pS2481,2.3498,1.89262,1.7257,2.05954
mTOR_pS2481,2.60926,1.93435,1.80916,2.05954
mTOR_pS2481,2.86871,1.93435,1.85089,2.01781
mTOR_pS2481,3.12817,1.95522,1.93435,1.97608
mTOR_pS2481,4.42544,2.66463,2.47685,2.85242
mTOR_pS2481,4.6849,2.6855,2.43512,2.93588
mTOR_pS2481,4.94435,2.72723,2.43512,3.01934
mTOR_pS2481,5.20381,2.76896,2.43512,3.1028
mTOR_pS2481,5.46326,2.85242,2.47685,3.22799
mTOR_pS2481,5.72272,2.91501,2.56031,3.26972
mTOR_pS2481,5.98217,2.97761,2.64377,3.31145
mTOR_pS2481,6.24163,3.0402,2.6855,3.39491
mTOR_pS2481,6.50108,3.1028,2.72723,3.47837
mTOR_pS2481,6.76054,3.16539,2.81069,3.5201
mTOR_pS2481,7.01999,3.24886,2.89415,3.60356
mTOR_pS2481,7.27945,3.31145,2.97761,3.64529
mTOR_pS2481,7.5389,3.37405,3.06107,3.68702
mTOR_pS2481,7.79836,3.41578,3.1028,3.72875
mTOR_pS2481,8.05781,3.47837,3.18626,3.77048
mTOR_pS2481,8.31727,3.5201,3.26972,3.77048
mTOR_pS2481,8.57672,3.56183,3.35318,3.77048
mTOR_pS2481,8.83618,3.5827,3.39491,3.77048
mTOR_pS2481,9.09563,3.60356,3.5201,3.68702
mTOR_pS2481,10.6524,4.18779,4.14606,4.22952
mTOR_pS2481,10.9118,4.16692,4.10433,4.22952
mTOR_pS2481,11.1713,4.18779,4.10433,4.27125
mTOR_pS2481,11.4307,4.20865,4.0626,4.35471
mTOR_pS2481,11.6902,4.22952,4.0626,4.39644
mTOR_pS2481,11.9496,4.27125,4.0626,4.4799
mTOR_pS2481,12.2091,4.29211,4.0626,4.52163
mTOR_pS2481,12.4685,4.35471,4.10433,4.60509
mTOR_pS2481,12.728,4.39644,4.14606,4.64682
mTOR_pS2481,12.9875,4.43817,4.22952,4.64682
mTOR_pS2481,13.2469,4.50076,4.27125,4.73028
mTOR_pS2481,13.5064,4.54249,4.35471,4.73028
mTOR_pS2481,13.7658,4.58422,4.39644,4.77201
mTOR_pS2481,14.0253,4.64682,4.4799,4.81374
mTOR_pS2481,14.2847,4.68855,4.52163,4.85547
mTOR_pS2481,14.5442,4.70941,4.56336,4.85547
mTOR_pS2481,14.8036,4.73028,4.56336,4.8972
mTOR_pS2481,15.0631,4.77201,4.60509,4.93893
mTOR_pS2481,15.3225,4.81374,4.64682,4.98066
mTOR_pS2481,15.582,4.83461,4.68855,4.98066
mTOR_pS2481,15.8415,4.83461,4.68855,4.98066
mTOR_pS2481,16.1009,4.87634,4.73028,5.02239
mTOR_pS2481,16.3604,4.8972,4.73028,5.06412
mTOR_pS2481,16.6198,4.91807,4.73028,5.10585
mTOR_pS2481,16.8793,4.91807,4.73028,5.10585
mTOR_pS2481,17.1387,4.91807,4.73028,5.10585
mTOR_pS2481,17.3982,4.9598,4.77201,5.14758
mTOR_pS2481,17.6576,4.98066,4.77201,5.18931
mTOR_pS2481,17.9171,5.00153,4.81374,5.18931
mTOR_pS2481,18.1765,5.02239,4.85547,5.18931
mTOR_pS2481,18.436,5.04326,4.85547,5.23104
mTOR_pS2481,18.6955,5.06412,4.8972,5.23104
mTOR_pS2481,18.9549,5.08499,4.8972,5.27277
mTOR_pS2481,19.2144,5.10585,4.93893,5.27277
mTOR_pS2481,19.4738,5.12672,4.93893,5.3145
mTOR_pS2481,19.7333,5.14758,4.98066,5.3145
mTOR_pS2481,19.9927,5.14758,4.98066,5.3145
mTOR_pS2481,20.2522,5.16845,4.98066,5.35623
mTOR_pS2481,20.5116,5.21018,5.02239,5.39796
mTOR_pS2481,20.7711,5.23104,5.06412,5.39796
mTOR_pS2481,21.0306,5.23104,5.06412,5.39796
mTOR_pS2481,21.29,5.25191,5.06412,5.43969
mTOR_pS2481,21.5495,5.27277,5.10585,5.43969
mTOR_pS2481,21.8089,5.27277,5.10585,5.43969
mTOR_pS2481,22.0684,5.27277,5.10585,5.43969
mTOR_pS2481,22.3278,5.27277,5.10585,5.43969
mTOR_pS2481,22.5873,5.3145,5.14758,5.48142
mTOR_pS2481,22.8467,5.3145,5.14758,5.48142
mTOR_pS2481,23.1062,5.35623,5.18931,5.52315
mTOR_pS2481,23.3656,5.35623,5.18931,5.52315
mTOR_pS2481,23.6251,5.35623,5.18931,5.52315
mTOR_pS2481,23.8846,5.35623,5.18931,5.52315
mTOR_pS2481,24.144,5.3771,5.18931,5.56488
mTOR_pS2481,24.4035,5.3771,5.18931,5.56488
mTOR_pS2481,24.6629,5.39796,5.23104,5.56488
mTOR_pS2481,24.9224,5.39796,5.23104,5.56488
mTOR_pS2481,25.1818,5.41883,5.23104,5.60661
mTOR_pS2481,25.4413,5.43969,5.27277,5.60661
mTOR_pS2481,25.7007,5.43969,5.27277,5.60661
mTOR_pS2481,25.9602,5.48142,5.3145,5.64835
mTOR_pS2481,26.2196,5.48142,5.3145,5.64835
mTOR_pS2481,26.4791,5.48142,5.3145,5.64835
mTOR_pS2481,26.7386,5.48142,5.3145,5.64835
mTOR_pS2481,26.998,5.48142,5.3145,5.64835
mTOR_pS2481,27.2575,5.50229,5.35623,5.64835
mTOR_pS2481,27.5169,5.50229,5.35623,5.64835
mTOR_pS2481,27.7764,5.52315,5.35623,5.69008
mTOR_pS2481,28.0358,5.52315,5.35623,5.69008
mTOR_pS2481,28.2953,5.54402,5.39796,5.69008
mTOR_pS2481,28.5547,5.52315,5.39796,5.64835
mTOR_pS2481,28.8142,5.52315,5.39796,5.64835
mTOR_pS2481,29.0737,5.52315,5.39796,5.64835
mTOR_pS2481,29.3331,5.54402,5.43969,5.64835
mTOR_pS2481,29.5926,5.54402,5.43969,5.64835
mTOR_pS2481,29.852,5.54402,5.43969,5.64835
mTOR_pS2481,30.1115,5.54402,5.43969,5.64835
mTOR_pS2481,30.3709,5.54402,5.43969,5.64835
mTOR_pS2481,30.6304,5.54402,5.43969,5.64835
mTOR_pS2481,30.8898,5.56488,5.43969,5.69008
mTOR_pS2481,31.1493,5.56488,5.43969,5.69008
mTOR_pS2481,31.4087,5.58575,5.43969,5.73181
mTOR_pS2481,31.6682,5.58575,5.43969,5.73181
mTOR_pS2481,31.9277,5.60661,5.43969,5.77354
mTOR_pS2481,32.1871,5.60661,5.43969,5.77354
mTOR_pS2481,32.4466,5.60661,5.43969,5.77354
mTOR_pS2481,32.706,5.60661,5.43969,5.77354
mTOR_pS2481,32.9655,5.60661,5.43969,5.77354
mTOR_pS2481,33.2249,5.60661,5.43969,5.77354
mTOR_pS2481,33.4844,5.60661,5.43969,5.77354
mTOR_pS2481,33.7438,5.62748,5.48142,5.77354
mTOR_pS2481,34.0033,5.62748,5.48142,5.77354
mTOR_pS2481,34.2627,5.64835,5.52315,5.77354
mTOR_pS2481,34.5222,5.64835,5.52315,5.77354
mTOR_pS2481,34.7817,5.64835,5.52315,5.77354
mTOR_pS2481,35.0411,5.64835,5.52315,5.77354
mTOR_pS2481,35.3006,5.64835,5.52315,5.77354
mTOR_pS2481,35.56,5.64835,5.52315,5.77354
mTOR_pS2481,35.8195,5.64835,5.52315,5.77354
mTOR_pS2481,36.0789,5.64835,5.52315,5.77354
mTOR_pS2481,36.3384,5.66921,5.52315,5.81527
mTOR_pS2481,36.5978,5.66921,5.52315,5.81527
mTOR_pS2481,36.8573,5.66921,5.52315,5.81527
mTOR_pS2481,37.1168,5.66921,5.52315,5.81527
mTOR_pS2481,37.3762,5.66921,5.52315,5.81527
mTOR_pS2481,37.6357,5.69008,5.52315,5.857
mTOR_pS2481,37.8951,5.69008,5.52315,5.857
mTOR_pS2481,38.1546,5.69008,5.52315,5.857
mTOR_pS2481,38.414,5.69008,5.52315,5.857
mTOR_pS2481,38.6735,5.69008,5.52315,5.857
mTOR_pS2481,38.9329,5.69008,5.52315,5.857
mTOR_pS2481,39.1924,5.69008,5.52315,5.857
mTOR_pS2481,39.4518,5.69008,5.52315,5.857
mTOR_pS2481,39.7113,5.69008,5.52315,5.857
mTOR_pS2481,39.9708,5.69008,5.52315,5.857
mTOR_pS2481,40.2302,5.69008,5.52315,5.857
mTOR_pS2481,40.4897,5.69008,5.52315,5.857
mTOR_pS2481,40.7491,5.69008,5.52315,5.857
mTOR_pS2481,41.0086,5.71094,5.56488,5.857
mTOR_pS2481,41.268,5.71094,5.56488,5.857
mTOR_pS2481,41.5275,5.73181,5.56488,5.89873
mTOR_pS2481,41.7869,5.73181,5.56488,5.89873
mTOR_pS2481,42.0464,5.73181,5.56488,5.89873
mTOR_pS2481,42.3058,5.73181,5.56488,5.89873
mTOR_pS2481,42.5653,5.73181,5.56488,5.89873
mTOR_pS2481,42.8248,5.73181,5.56488,5.89873
mTOR_pS2481,43.0842,5.73181,5.56488,5.89873
mTOR_pS2481,43.3437,5.75267,5.60661,5.89873
mTOR_pS2481,43.6031,5.75267,5.64835,5.857
mTOR_pS2481,43.8626,5.75267,5.64835,5.857
mTOR_pS2481,44.122,5.77354,5.69008,5.857
mTOR_pS2481,44.3815,5.77354,5.69008,5.857
mTOR_pS2481,44.6409,5.77354,5.73181,5.81527
mTOR_pS2481,44.9004,5.81527,5.81527,5.81527
mTOR_pS2481,46.4571,5.77354,5.73181,5.81527
mTOR_pS2481,46.7166,5.77354,5.69008,5.857
mTOR_pS2481,46.976,5.75267,5.64835,5.857
mTOR_pS2481,47.2355,5.77354,5.64835,5.89873
mTOR_pS2481,47.4949,5.77354,5.64835,5.89873
mTOR_pS2481,47.7544,5.75267,5.60661,5.89873
mTOR_pS2481,48.0139,5.75267,5.60661,5.89873
mTOR_pS2481,48.2733,5.75267,5.60661,5.89873
mTOR_pS2481,48.5328,5.75267,5.60661,5.89873
mTOR_pS2481,48.7922,5.75267,5.60661,5.89873
mTOR_pS2481,49.0517,5.75267,5.60661,5.89873
mTOR_pS2481,49.3111,5.75267,5.60661,5.89873
mTOR_pS2481,49.5706,5.77354,5.64835,5.89873
mTOR_pS2481,49.83,5.77354,5.64835,5.89873
mTOR_pS2481,50.0895,5.77354,5.64835,5.89873
mTOR_pS2481,50.3489,5.77354,5.64835,5.89873
mTOR_pS2481,50.6084,5.77354,5.64835,5.89873
mTOR_pS2481,50.8679,5.77354,5.64835,5.89873
mTOR_pS2481,51.1273,5.77354,5.64835,5.89873
mTOR_pS2481,51.3868,5.77354,5.64835,5.89873
mTOR_pS2481,51.6462,5.77354,5.64835,5.89873
mTOR_pS2481,51.9057,5.77354,5.64835,5.89873
mTOR_pS2481,52.1651,5.77354,5.64835,5.89873
mTOR_pS2481,52.4246,5.77354,5.64835,5.89873
mTOR_pS2481,52.684,5.77354,5.64835,5.89873
mTOR_pS2481,52.9435,5.77354,5.64835,5.89873
mTOR_pS2481,53.203,5.77354,5.64835,5.89873
mTOR_pS2481,53.4624,5.77354,5.64835,5.89873
mTOR_pS2481,53.7219,5.77354,5.64835,5.89873
mTOR_pS2481,53.9813,5.77354,5.64835,5.89873
mTOR_pS2481,54.2408,5.77354,5.64835,5.89873
mTOR_pS2481,54.5002,5.77354,5.64835,5.89873
mTOR_pS2481,54.7597,5.77354,5.64835,5.89873
mTOR_pS2481,55.0191,5.77354,5.64835,5.89873
mTOR_pS2481,55.2786,5.77354,5.64835,5.89873
mTOR_pS2481,55.538,5.77354,5.64835,5.89873
mTOR_pS2481,55.7975,5.77354,5.64835,5.89873
mTOR_pS2481,56.057,5.77354,5.64835,5.89873
mTOR_pS2481,56.3164,5.77354,5.64835,5.89873
mTOR_pS2481,56.5759,5.77354,5.64835,5.89873
mTOR_pS2481,56.8353,5.77354,5.64835,5.89873
mTOR_pS2481,57.0948,5.77354,5.64835,5.89873
mTOR_pS2481,57.3542,5.77354,5.64835,5.89873
mTOR_pS2481,57.6137,5.77354,5.64835,5.89873
mTOR_pS2481,57.8731,5.77354,5.64835,5.89873
mTOR_pS2481,58.1326,5.77354,5.64835,5.89873
mTOR_pS2481,58.392,5.75267,5.60661,5.89873
mTOR_pS2481,58.6515,5.77354,5.64835,5.89873
mTOR_pS2481,58.911,5.77354,5.64835,5.89873
mTOR_pS2481,59.1704,5.75267,5.64835,5.857
mTOR_pS2481,59.4299,5.75267,5.64835,5.857
mTOR_pS2481,59.6893,5.75267,5.64835,5.857
mTOR_pS2481,59.9488,5.75267,5.64835,5.857
mTOR_pS2481,60.2082,5.75267,5.64835,5.857
mTOR_pS2481,60.4677,5.75267,5.64835,5.857
mTOR_pS2481,60.7271,5.75267,5.64835,5.857
mTOR_pS2481,60.9866,5.75267,5.64835,5.857
mTOR_pS2481,61.246,5.75267,5.64835,5.857
mTOR_pS2481,61.5055,5.75267,5.64835,5.857
mTOR_pS2481,61.765,5.77354,5.64835,5.89873
mTOR_pS2481,62.0244,5.77354,5.64835,5.89873
mTOR_pS2481,62.2839,5.77354,5.64835,5.89873
mTOR_pS2481,62.5433,5.77354,5.64835,5.89873
mTOR_pS2481,62.8028,5.77354,5.64835,5.89873
mTOR_pS2481,63.0622,5.77354,5.64835,5.89873
mTOR_pS2481,63.3217,5.77354,5.64835,5.89873
mTOR_pS2481,63.5811,5.77354,5.64835,5.89873
mTOR_pS2481,63.8406,5.77354,5.64835,5.89873
mTOR_pS2481,64.1001,5.77354,5.64835,5.89873
mTOR_pS2481,64.3595,5.77354,5.64835,5.89873
mTOR_pS2481,64.619,5.77354,5.64835,5.89873
mTOR_pS2481,64.8784,5.77354,5.64835,5.89873
mTOR_pS2481,65.1379,5.77354,5.64835,5.89873
mTOR_pS2481,65.3973,5.77354,5.64835,5.89873
mTOR_pS2481,65.6568,5.77354,5.64835,5.89873
mTOR_pS2481,65.9162,5.77354,5.64835,5.89873
mTOR_pS2481,66.1757,5.77354,5.64835,5.89873
mTOR_pS2481,66.4351,5.77354,5.64835,5.89873
mTOR_pS2481,66.6946,5.77354,5.64835,5.89873
mTOR_pS2481,66.9541,5.77354,5.64835,5.89873
mTOR_pS2481,67.2135,5.77354,5.64835,5.89873
mTOR_pS2481,67.473,5.77354,5.64835,5.89873
mTOR_pS2481,67.7324,5.77354,5.64835,5.89873
mTOR_pS2481,67.9919,5.77354,5.64835,5.89873
mTOR_pS2481,68.2513,5.77354,5.64835,5.89873
mTOR_pS2481,68.5108,5.77354,5.64835,5.89873
mTOR_pS2481,68.7702,5.77354,5.64835,5.89873
mTOR_pS2481,69.0297,5.77354,5.64835,5.89873
mTOR_pS2481,69.2891,5.77354,5.64835,5.89873
mTOR_pS2481,69.5486,5.77354,5.64835,5.89873
mTOR_pS2481,69.8081,5.77354,5.64835,5.89873
mTOR_pS2481,70.0675,5.77354,5.64835,5.89873
mTOR_pS2481,70.327,5.77354,5.64835,5.89873
mTOR_pS2481,70.5864,5.77354,5.64835,5.89873
mTOR_pS2481,70.8459,5.77354,5.64835,5.89873
mTOR_pS2481,71.1053,5.77354,5.64835,5.89873
mTOR_pS2481,71.3648,5.77354,5.64835,5.89873
mTOR_pS2481,71.6242,5.77354,5.64835,5.89873
mTOR_pS2481,71.8837,5.77354,5.64835,5.89873
mTOR_pS2481,72.1432,5.77354,5.64835,5.89873
mTOR_pS2481,72.4026,5.77354,5.64835,5.89873
mTOR_pS2481,72.6621,5.77354,5.64835,5.89873
mTOR_pS2481,72.9215,5.77354,5.64835,5.89873
mTOR_pS2481,73.181,5.77354,5.64835,5.89873
mTOR_pS2481,73.4404,5.77354,5.64835,5.89873
mTOR_pS2481,73.6999,5.77354,5.64835,5.89873
mTOR_pS2481,73.9593,5.77354,5.64835,5.89873
mTOR_pS2481,74.2188,5.77354,5.64835,5.89873
mTOR_pS2481,74.4782,5.77354,5.64835,5.89873
mTOR_pS2481,74.7377,5.77354,5.64835,5.89873
mTOR_pS2481,74.9972,5.77354,5.64835,5.89873
mTOR_pS2481,75.2566,5.77354,5.64835,5.89873
mTOR_pS2481,75.5161,5.77354,5.64835,5.89873
mTOR_pS2481,75.7755,5.77354,5.64835,5.89873
mTOR_pS2481,76.035,5.77354,5.64835,5.89873
mTOR_pS2481,76.2944,5.77354,5.64835,5.89873
mTOR_pS2481,76.5539,5.77354,5.64835,5.89873
mTOR_pS2481,76.8133,5.77354,5.64835,5.89873
mTOR_pS2481,77.0728,5.77354,5.64835,5.89873
mTOR_pS2481,77.3322,5.77354,5.64835,5.89873
mTOR_pS2481,77.5917,5.77354,5.64835,5.89873
mTOR_pS2481,77.8512,5.77354,5.64835,5.89873
mTOR_pS2481,78.1106,5.77354,5.64835,5.89873
mTOR_pS2481,78.3701,5.77354,5.64835,5.89873
mTOR_pS2481,78.6295,5.77354,5.64835,5.89873
mTOR_pS2481,78.889,5.77354,5.64835,5.89873
mTOR_pS2481,79.1484,5.77354,5.64835,5.89873
mTOR_pS2481,79.4079,5.77354,5.64835,5.89873
mTOR_pS2481,79.6673,5.77354,5.64835,5.89873
mTOR_pS2481,79.9268,5.77354,5.64835,5.89873
mTOR_pS2481,80.1863,5.77354,5.64835,5.89873
mTOR_pS2481,80.4457,5.77354,5.64835,5.89873
mTOR_pS2481,80.7052,5.77354,5.64835,5.89873
mTOR_pS2481,80.9646,5.77354,5.64835,5.89873
mTOR_pS2481,81.2241,5.77354,5.64835,5.89873
mTOR_pS2481,81.4835,5.77354,5.64835,5.89873
mTOR_pS2481,81.743,5.77354,5.64835,5.89873
mTOR_pS2481,82.0024,5.77354,5.64835,5.89873
mTOR_pS2481,82.2619,5.77354,5.64835,5.89873
mTOR_pS2481,82.5213,5.77354,5.64835,5.89873
mTOR_pS2481,82.7808,5.77354,5.64835,5.89873
mTOR_pS2481,83.0403,5.77354,5.64835,5.89873
mTOR_pS2481,83.2997,5.77354,5.64835,5.89873
mTOR_pS2481,83.5592,5.77354,5.64835,5.89873
mTOR_pS2481,83.8186,5.77354,5.64835,5.89873
mTOR_pS2481,84.0781,5.77354,5.64835,5.89873
mTOR_pS2481,84.3375,5.77354,5.64835,5.89873
mTOR_pS2481,84.597,5.77354,5.64835,5.89873
mTOR_pS2481,84.8564,5.77354,5.64835,5.89873
mTOR_pS2481,85.1159,5.77354,5.64835,5.89873
mTOR_pS2481,85.3753,5.77354,5.64835,5.89873
mTOR_pS2481,85.6348,5.77354,5.64835,5.89873
mTOR_pS2481,85.8943,5.77354,5.64835,5.89873
mTOR_pS2481,86.1537,5.77354,5.64835,5.89873
mTOR_pS2481,86.4132,5.77354,5.64835,5.89873
mTOR_pS2481,86.6726,5.77354,5.64835,5.89873
mTOR_pS2481,86.9321,5.77354,5.64835,5.89873
mTOR_pS2481,87.1915,5.77354,5.64835,5.89873
mTOR_pS2481,87.451,5.77354,5.64835,5.89873
mTOR_pS2481,87.7104,5.77354,5.64835,5.89873
mTOR_pS2481,87.9699,5.77354,5.64835,5.89873
mTOR_pS2481,88.2294,5.77354,5.64835,5.89873
mTOR_pS2481,88.4888,5.77354,5.64835,5.89873
mTOR_pS2481,88.7483,5.77354,5.64835,5.89873
mTOR_pS2481,89.0077,5.77354,5.64835,5.89873
mTOR_pS2481,89.2672,5.77354,5.64835,5.89873
mTOR_pS2481,89.5266,5.77354,5.64835,5.89873
mTOR_pS2481,89.7861,5.77354,5.64835,5.89873
mTOR_pS2481,90.0455,5.77354,5.64835,5.89873
mTOR_pS2481,90.305,5.77354,5.64835,5.89873
mTOR_pS2481,90.5644,5.77354,5.64835,5.89873
mTOR_pS2481,90.8239,5.77354,5.64835,5.89873
mTOR_pS2481,91.0834,5.77354,5.64835,5.89873
mTOR_pS2481,91.3428,5.77354,5.64835,5.89873
mTOR_pS2481,91.6023,5.77354,5.64835,5.89873
mTOR_pS2481,91.8617,5.77354,5.64835,5.89873
mTOR_pS2481,92.1212,5.77354,5.64835,5.89873
mTOR_pS2481,92.3806,5.77354,5.64835,5.89873
mTOR_pS2481,92.6401,5.77354,5.64835,5.89873
mTOR_pS2481,92.8995,5.77354,5.64835,5.89873
mTOR_pS2481,93.159,5.77354,5.64835,5.89873
mTOR_pS2481,93.4184,5.77354,5.64835,5.89873
mTOR_pS2481,93.6779,5.77354,5.64835,5.89873
mTOR_pS2481,93.9374,5.77354,5.64835,5.89873
mTOR_pS2481,94.1968,5.77354,5.64835,5.89873
mTOR_pS2481,94.4563,5.77354,5.64835,5.89873
mTOR_pS2481,94.7157,5.77354,5.64835,5.89873
mTOR_pS2481,94.9752,5.77354,5.64835,5.89873
mTOR_pS2481,95.2346,5.77354,5.64835,5.89873
mTOR_pS2481,95.4941,5.77354,5.64835,5.89873
mTOR_pS2481,95.7535,5.77354,5.64835,5.89873
mTOR_pS2481,96.013,5.77354,5.64835,5.89873
mTOR_pS2481,96.2725,5.77354,5.64835,5.89873
mTOR_pS2481,96.5319,5.77354,5.64835,5.89873
mTOR_pS2481,96.7914,5.77354,5.64835,5.89873
mTOR_pS2481,97.0508,5.77354,5.64835,5.89873
mTOR_pS2481,97.3103,5.77354,5.64835,5.89873
mTOR_pS2481,97.5697,5.77354,5.64835,5.89873
mTOR_pS2481,97.8292,5.77354,5.64835,5.89873
mTOR_pS2481,98.0886,5.77354,5.64835,5.89873
mTOR_pS2481,98.3481,5.77354,5.64835,5.89873
mTOR_pS2481,98.6075,5.77354,5.64835,5.89873
mTOR_pS2481,98.867,5.77354,5.64835,5.89873
mTOR_pS2481,99.1265,5.77354,5.64835,5.89873
mTOR_pS2481,99.3859,5.77354,5.64835,5.89873
mTOR_pS2481,99.6454,5.77354,5.64835,5.89873
mTOR_pS2481,99.9048,5.77354,5.64835,5.89873
mTOR_pS2481,100.164,5.77354,5.64835,5.89873
mTOR_pS2481,100.424,5.77354,5.64835,5.89873
mTOR_pS2481,100.683,5.77354,5.64835,5.89873
mTOR_pS2481,100.943,5.77354,5.64835,5.89873
mTOR_pS2481,101.202,5.77354,5.64835,5.89873
mTOR_pS2481,101.462,5.77354,5.64835,5.89873
mTOR_pS2481,101.721,5.77354,5.64835,5.89873
mTOR_pS2481,101.98,5.77354,5.64835,5.89873
mTOR_pS2481,102.24,5.77354,5.64835,5.89873
mTOR_pS2481,102.499,5.77354,5.64835,5.89873
mTOR_pS2481,102.759,5.77354,5.64835,5.89873
mTOR_pS2481,103.018,5.77354,5.64835,5.89873
mTOR_pS2481,103.278,5.77354,5.64835,5.89873
mTOR_pS2481,103.537,5.77354,5.64835,5.89873
mTOR_pS2481,103.797,5.77354,5.64835,5.89873
mTOR_pS2481,104.056,5.77354,5.64835,5.89873
mTOR_pS2481,104.316,5.77354,5.64835,5.89873
mTOR_pS2481,104.575,5.77354,5.64835,5.89873
mTOR_pS2481,104.834,5.77354,5.64835,5.89873
mTOR_pS2481,105.094,5.77354,5.64835,5.89873
mTOR_pS2481,105.353,5.77354,5.64835,5.89873
mTOR_pS2481,105.613,5.77354,5.64835,5.89873
mTOR_pS2481,105.872,5.77354,5.64835,5.89873
mTOR_pS2481,106.132,5.77354,5.64835,5.89873
mTOR_pS2481,106.391,5.77354,5.64835,5.89873
mTOR_pS2481,106.651,5.77354,5.64835,5.89873
mTOR_pS2481,106.91,5.77354,5.64835,5.89873
mTOR_pS2481,107.17,5.77354,5.64835,5.89873
mTOR_pS2481,107.429,5.77354,5.64835,5.89873
mTOR_pS2481,107.688,5.77354,5.64835,5.89873
mTOR_pS2481,107.948,5.77354,5.64835,5.89873
mTOR_pS2481,108.207,5.77354,5.64835,5.89873
mTOR_pS2481,108.467,5.77354,5.64835,5.89873
mTOR_pS2481,108.726,5.77354,5.64835,5.89873
mTOR_pS2481,108.986,5.77354,5.64835,5.89873
mTOR_pS2481,109.245,5.77354,5.64835,5.89873
mTOR_pS2481,109.505,5.77354,5.64835,5.89873
mTOR_pS2481,109.764,5.77354,5.64835,5.89873
mTOR_pS2481,110.024,5.77354,5.64835,5.89873
mTOR_pS2481,110.283,5.77354,5.64835,5.89873
mTOR_pS2481,110.542,5.77354,5.64835,5.89873
mTOR_pS2481,110.802,5.77354,5.64835,5.89873
mTOR_pS2481,111.061,5.77354,5.64835,5.89873
mTOR_pS2481,111.321,5.77354,5.64835,5.89873
mTOR_pS2481,111.58,5.77354,5.64835,5.89873
mTOR_pS2481,111.84,5.77354,5.64835,5.89873
mTOR_pS2481,112.099,5.77354,5.64835,5.89873
mTOR_pS2481,112.359,5.77354,5.64835,5.89873
mTOR_pS2481,112.618,5.77354,5.64835,5.89873
mTOR_pS2481,112.878,5.77354,5.64835,5.89873
mTOR_pS2481,113.137,5.77354,5.64835,5.89873
mTOR_pS2481,113.396,5.77354,5.64835,5.89873
mTOR_pS2481,113.656,5.77354,5.64835,5.89873
mTOR_pS2481,113.915,5.77354,5.64835,5.89873
mTOR_pS2481,114.175,5.77354,5.64835,5.89873
mTOR_pS2481,114.434,5.77354,5.64835,5.89873
mTOR_pS2481,114.694,5.77354,5.64835,5.89873
mTOR_pS2481,114.953,5.77354,5.64835,5.89873
mTOR_pS2481,115.213,5.77354,5.64835,5.89873
mTOR_pS2481,115.472,5.77354,5.64835,5.89873
mTOR_pS2481,115.732,5.77354,5.64835,5.89873
mTOR_pS2481,115.991,5.77354,5.64835,5.89873
mTOR_pS2481,116.25,5.77354,5.64835,5.89873
mTOR_pS2481,116.51,5.77354,5.64835,5.89873
mTOR_pS2481,116.769,5.77354,5.64835,5.89873
mTOR_pS2481,117.029,5.77354,5.64835,5.89873
mTOR_pS2481,117.288,5.77354,5.64835,5.89873
mTOR_pS2481,117.548,5.77354,5.64835,5.89873
mTOR_pS2481,117.807,5.7944,5.64835,5.94046
mTOR_pS2481,118.067,5.7944,5.64835,5.94046
mTOR_pS2481,118.326,5.7944,5.64835,5.94046
mTOR_pS2481,118.586,5.77354,5.64835,5.89873
mTOR_pS2481,118.845,5.77354,5.64835,5.89873
mTOR_pS2481,119.104,5.7944,5.69008,5.89873
mTOR_pS2481,119.364,5.77354,5.69008,5.857
mTOR_pS2481,119.623,5.81527,5.81527,5.81527
IRS_pS636,2.22008,-0.209377,-0.209377,-0.209377
IRS_pS636,2.47953,0.0421919,-0.460946,0.54533
IRS_pS636,2.73899,0.0421919,-0.460946,0.54533
IRS_pS636,2.99844,0.167976,-0.460946,0.796899
IRS_pS636,3.2579,0.419545,-0.209377,1.04847
IRS_pS636,3.51735,0.54533,-0.209377,1.30004
IRS_pS636,3.77681,0.796899,0.293761,1.30004
IRS_pS636,4.03626,0.922683,0.54533,1.30004
IRS_pS636,4.29572,7.21191,6.83456,7.58926
IRS_pS636,4.55517,7.46348,6.58299,8.34397
IRS_pS636,4.81463,7.58926,6.58299,8.59554
IRS_pS636,5.07408,8.34397,6.58299,10.105
IRS_pS636,5.33354,8.59554,6.83456,10.3565
IRS_pS636,5.59299,9.35025,7.08612,11.6144
IRS_pS636,5.85245,10.105,7.58926,12.6206
IRS_pS636,6.1119,10.6081,7.84083,13.3753
IRS_pS636,6.37135,10.8597,7.84083,13.8785
IRS_pS636,6.63081,11.3628,8.34397,14.3816
IRS_pS636,6.89026,11.6144,8.59554,14.6332
IRS_pS636,7.14972,12.1175,8.84711,15.3879
IRS_pS636,7.40917,12.998,10.105,15.891
IRS_pS636,7.66863,13.5011,10.6081,16.3942
IRS_pS636,7.92808,14.2558,11.3628,17.1489
IRS_pS636,8.18754,14.8848,12.1175,17.652
IRS_pS636,8.44699,15.3879,12.6206,18.1552
IRS_pS636,8.70645,16.1426,13.6269,18.6583
IRS_pS636,8.9659,16.8973,14.8848,18.9099
IRS_pS636,9.22536,17.1489,15.1363,19.1614
IRS_pS636,9.48481,17.5262,15.6395,19.413
IRS_pS636,9.74427,17.7778,15.891,19.6646
IRS_pS636,10.0037,18.1552,16.1426,20.1677
IRS_pS636,10.2632,18.5325,16.6457,20.4193
IRS_pS636,10.5226,18.9099,17.1489,20.6709
IRS_pS636,10.7821,19.1614,17.4005,20.9224
IRS_pS636,11.0415,19.5388,17.9036,21.174
IRS_pS636,11.301,19.7904,18.1552,21.4256
IRS_pS636,11.5605,20.1677,18.6583,21.6771
IRS_pS636,11.8199,20.4193,18.9099,21.9287
IRS_pS636,12.0794,20.6709,19.1614,22.1803
IRS_pS636,12.3388,20.7966,19.413,22.1803
IRS_pS636,12.5983,21.0482,19.6646,22.4318
IRS_pS636,12.8577,21.2998,19.9161,22.6834
IRS_pS636,13.1172,21.2998,19.9161,22.6834
IRS_pS636,13.3766,21.4256,20.1677,22.6834
IRS_pS636,13.6361,21.8029,20.6709,22.935
IRS_pS636,13.8955,21.9287,20.9224,22.935
IRS_pS636,14.155,22.0545,21.174,22.935
IRS_pS636,14.4145,22.306,21.4256,23.1865
IRS_pS636,14.6739,22.306,21.4256,23.1865
IRS_pS636,14.9334,22.5576,21.6771,23.4381
IRS_pS636,15.1928,22.5576,21.6771,23.4381
IRS_pS636,15.4523,22.6834,21.9287,23.4381
IRS_pS636,15.7117,22.6834,21.9287,23.4381
IRS_pS636,15.9712,22.8092,22.1803,23.4381
IRS_pS636,16.2306,22.8092,22.1803,23.4381
IRS_pS636,16.4901,22.935,22.1803,23.6897
IRS_pS636,16.7495,22.935,22.1803,23.6897
IRS_pS636,17.009,22.935,22.1803,23.6897
IRS_pS636,17.2685,23.0608,22.1803,23.9412
IRS_pS636,17.5279,23.0608,22.1803,23.9412
IRS_pS636,17.7874,23.0608,22.1803,23.9412
IRS_pS636,18.0468,23.0608,22.1803,23.9412
IRS_pS636,18.3063,23.0608,22.1803,23.9412
IRS_pS636,18.5657,23.1865,22.1803,24.1928
IRS_pS636,18.8252,23.1865,22.1803,24.1928
IRS_pS636,19.0846,23.1865,22.1803,24.1928
IRS_pS636,19.3441,23.1865,22.1803,24.1928
IRS_pS636,19.6036,23.1865,22.1803,24.1928
IRS_pS636,19.863,23.1865,22.1803,24.1928
IRS_pS636,20.1225,23.1865,22.1803,24.1928
IRS_pS636,20.3819,23.1865,22.1803,24.1928
IRS_pS636,20.6414,23.1865,22.1803,24.1928
IRS_pS636,20.9008,23.1865,22.1803,24.1928
IRS_pS636,21.1603,23.1865,22.1803,24.1928
IRS_pS636,21.4197,23.1865,22.1803,24.1928
IRS_pS636,21.6792,23.3123,22.4318,24.1928
IRS_pS636,21.9386,23.3123,22.4318,24.1928
IRS_pS636,22.1981,23.3123,22.4318,24.1928
IRS_pS636,22.4576,23.3123,22.4318,24.1928
IRS_pS636,22.717,23.3123,22.4318,24.1928
IRS_pS636,22.9765,23.1865,22.1803,24.1928
IRS_pS636,23.2359,23.1865,22.1803,24.1928
IRS_pS636,23.4954,23.1865,22.1803,24.1928
IRS_pS636,23.7548,23.1865,22.1803,24.1928
IRS_pS636,24.0143,23.3123,22.4318,24.1928
IRS_pS636,24.2737,23.3123,22.4318,24.1928
IRS_pS636,24.5332,23.3123,22.4318,24.1928
IRS_pS636,24.7926,23.3123,22.4318,24.1928
IRS_pS636,25.0521,23.3123,22.4318,24.1928
IRS_pS636,25.3116,23.3123,22.4318,24.1928
IRS_pS636,25.571,23.3123,22.4318,24.1928
IRS_pS636,25.8305,23.3123,22.4318,24.1928
IRS_pS636,26.0899,23.1865,22.1803,24.1928
IRS_pS636,26.3494,23.1865,22.1803,24.1928
IRS_pS636,26.6088,23.1865,22.1803,24.1928
IRS_pS636,26.8683,23.1865,22.1803,24.1928
IRS_pS636,27.1277,23.1865,22.1803,24.1928
IRS_pS636,27.3872,23.3123,22.4318,24.1928
IRS_pS636,27.6467,23.3123,22.4318,24.1928
IRS_pS636,27.9061,23.3123,22.4318,24.1928
IRS_pS636,28.1656,23.3123,22.4318,24.1928
IRS_pS636,28.425,23.3123,22.4318,24.1928
IRS_pS636,28.6845,23.3123,22.4318,24.1928
IRS_pS636,28.9439,23.3123,22.4318,24.1928
IRS_pS636,29.2034,23.3123,22.4318,24.1928
IRS_pS636,29.4628,23.3123,22.4318,24.1928
IRS_pS636,29.7223,23.3123,22.4318,24.1928
IRS_pS636,29.9817,23.3123,22.4318,24.1928
IRS_pS636,30.2412,23.3123,22.4318,24.1928
IRS_pS636,30.5007,23.3123,22.4318,24.1928
IRS_pS636,30.7601,23.3123,22.4318,24.1928
IRS_pS636,31.0196,23.1865,22.1803,24.1928
IRS_pS636,31.279,23.1865,22.1803,24.1928
IRS_pS636,31.5385,23.1865,22.1803,24.1928
IRS_pS636,31.7979,23.1865,22.1803,24.1928
IRS_pS636,32.0574,23.1865,22.1803,24.1928
IRS_pS636,32.3168,23.1865,22.1803,24.1928
IRS_pS636,32.5763,23.1865,22.1803,24.1928
IRS_pS636,32.8357,23.1865,22.1803,24.1928
IRS_pS636,33.0952,23.3123,22.4318,24.1928
IRS_pS636,33.3547,23.3123,22.4318,24.1928
IRS_pS636,33.6141,23.3123,22.4318,24.1928
IRS_pS636,33.8736,23.3123,22.4318,24.1928
IRS_pS636,34.133,23.3123,22.4318,24.1928
IRS_pS636,34.3925,23.3123,22.4318,24.1928
IRS_pS636,34.6519,23.3123,22.4318,24.1928
IRS_pS636,34.9114,23.3123,22.4318,24.1928
IRS_pS636,35.1708,23.3123,22.4318,24.1928
IRS_pS636,35.4303,23.3123,22.4318,24.1928
IRS_pS636,35.6897,23.3123,22.4318,24.1928
IRS_pS636,35.9492,23.3123,22.4318,24.1928
IRS_pS636,36.2087,23.3123,22.4318,24.1928
IRS_pS636,36.4681,23.3123,22.4318,24.1928
IRS_pS636,36.7276,23.3123,22.4318,24.1928
IRS_pS636,36.987,23.3123,22.4318,24.1928
IRS_pS636,37.2465,23.3123,22.4318,24.1928
IRS_pS636,37.5059,23.3123,22.4318,24.1928
IRS_pS636,37.7654,23.3123,22.4318,24.1928
IRS_pS636,38.0248,23.3123,22.4318,24.1928
IRS_pS636,38.2843,23.3123,22.4318,24.1928
IRS_pS636,38.5438,23.3123,22.4318,24.1928
IRS_pS636,38.8032,23.3123,22.4318,24.1928
IRS_pS636,39.0627,23.3123,22.4318,24.1928
IRS_pS636,39.3221,23.3123,22.4318,24.1928
IRS_pS636,39.5816,23.1865,22.1803,24.1928
IRS_pS636,39.841,23.1865,22.1803,24.1928
IRS_pS636,40.1005,23.1865,22.1803,24.1928
IRS_pS636,40.3599,23.3123,22.4318,24.1928
IRS_pS636,40.6194,23.3123,22.4318,24.1928
IRS_pS636,40.8788,23.3123,22.4318,24.1928
IRS_pS636,41.1383,23.3123,22.4318,24.1928
IRS_pS636,41.3978,23.3123,22.4318,24.1928
IRS_pS636,41.6572,23.3123,22.4318,24.1928
IRS_pS636,41.9167,23.3123,22.4318,24.1928
IRS_pS636,42.1761,23.3123,22.4318,24.1928
IRS_pS636,42.4356,23.3123,22.4318,24.1928
IRS_pS636,42.695,23.1865,22.1803,24.1928
IRS_pS636,42.9545,23.1865,22.1803,24.1928
IRS_pS636,43.2139,23.3123,22.4318,24.1928
IRS_pS636,43.4734,23.3123,22.4318,24.1928
IRS_pS636,43.7328,23.3123,22.4318,24.1928
IRS_pS636,43.9923,23.3123,22.4318,24.1928
IRS_pS636,44.2518,23.3123,22.4318,24.1928
IRS_pS636,44.5112,23.3123,22.4318,24.1928
IRS_pS636,44.7707,23.4381,22.6834,24.1928
IRS_pS636,45.0301,23.3123,22.6834,23.9412
IRS_pS636,45.2896,23.3123,22.6834,23.9412
IRS_pS636,45.549,23.3123,22.6834,23.9412
IRS_pS636,45.8085,23.3123,22.6834,23.9412
IRS_pS636,46.0679,23.3123,22.6834,23.9412
IRS_pS636,46.3274,23.3123,22.6834,23.9412
IRS_pS636,46.5869,23.3123,22.6834,23.9412
IRS_pS636,46.8463,23.4381,22.6834,24.1928
IRS_pS636,47.1058,23.3123,22.4318,24.1928
IRS_pS636,47.3652,23.3123,22.4318,24.1928
IRS_pS636,47.6247,23.3123,22.4318,24.1928
IRS_pS636,47.8841,23.1865,22.1803,24.1928
IRS_pS636,48.1436,23.1865,22.1803,24.1928
IRS_pS636,48.403,23.3123,22.4318,24.1928
IRS_pS636,48.6625,23.3123,22.4318,24.1928
IRS_pS636,48.9219,23.3123,22.4318,24.1928
IRS_pS636,49.1814,23.3123,22.4318,24.1928
IRS_pS636,49.4409,23.3123,22.4318,24.1928
IRS_pS636,49.7003,23.3123,22.4318,24.1928
IRS_pS636,49.9598,23.3123,22.4318,24.1928
IRS_pS636,50.2192,23.3123,22.4318,24.1928
IRS_pS636,50.4787,23.3123,22.4318,24.1928
IRS_pS636,50.7381,23.3123,22.4318,24.1928
IRS_pS636,50.9976,23.3123,22.4318,24.1928
IRS_pS636,51.257,23.3123,22.4318,24.1928
IRS_pS636,51.5165,23.1865,22.1803,24.1928
IRS_pS636,51.7759,23.1865,22.1803,24.1928
IRS_pS636,52.0354,23.1865,22.1803,24.1928
IRS_pS636,52.2949,23.1865,22.1803,24.1928
IRS_pS636,52.5543,23.1865,22.1803,24.1928
IRS_pS636,52.8138,23.1865,22.1803,24.1928
IRS_pS636,53.0732,23.1865,22.1803,24.1928
IRS_pS636,53.3327,23.1865,22.1803,24.1928
IRS_pS636,53.5921,23.3123,22.4318,24.1928
IRS_pS636,53.8516,23.3123,22.4318,24.1928
IRS_pS636,54.111,23.3123,22.4318,24.1928
IRS_pS636,54.3705,23.3123,22.4318,24.1928
IRS_pS636,54.63,23.3123,22.4318,24.1928
IRS_pS636,54.8894,23.3123,22.4318,24.1928
IRS_pS636,55.1489,23.3123,22.4318,24.1928
IRS_pS636,55.4083,23.3123,22.4318,24.1928
IRS_pS636,55.6678,23.3123,22.4318,24.1928
IRS_pS636,55.9272,23.3123,22.4318,24.1928
IRS_pS636,56.1867,23.3123,22.4318,24.1928
IRS_pS636,56.4461,23.3123,22.4318,24.1928
IRS_pS636,56.7056,23.3123,22.4318,24.1928
IRS_pS636,56.965,23.3123,22.4318,24.1928
IRS_pS636,57.2245,23.3123,22.4318,24.1928
IRS_pS636,57.484,23.3123,22.4318,24.1928
IRS_pS636,57.7434,23.3123,22.4318,24.1928
IRS_pS636,58.0029,23.3123,22.4318,24.1928
IRS_pS636,58.2623,23.1865,22.1803,24.1928
IRS_pS636,58.5218,23.1865,22.1803,24.1928
IRS_pS636,58.7812,23.3123,22.4318,24.1928
IRS_pS636,59.0407,23.3123,22.4318,24.1928
IRS_pS636,59.3001,23.3123,22.4318,24.1928
IRS_pS636,59.5596,23.4381,22.6834,24.1928
IRS_pS636,59.819,23.3123,22.6834,23.9412
IRS_pS636,60.0785,23.3123,22.6834,23.9412
IRS_pS636,60.338,23.3123,22.6834,23.9412
IRS_pS636,60.5974,23.3123,22.6834,23.9412
IRS_pS636,60.8569,23.3123,22.6834,23.9412
IRS_pS636,61.1163,23.3123,22.6834,23.9412
IRS_pS636,61.3758,23.3123,22.6834,23.9412
IRS_pS636,61.6352,23.3123,22.6834,23.9412
IRS_pS636,61.8947,23.3123,22.4318,24.1928
IRS_pS636,62.1541,23.3123,22.4318,24.1928
IRS_pS636,62.4136,23.3123,22.4318,24.1928
IRS_pS636,62.6731,23.3123,22.4318,24.1928
IRS_pS636,62.9325,23.1865,22.1803,24.1928
IRS_pS636,63.192,23.1865,22.1803,24.1928
IRS_pS636,63.4514,23.1865,22.1803,24.1928
IRS_pS636,63.7109,23.1865,22.1803,24.1928
IRS_pS636,63.9703,23.1865,22.1803,24.1928
IRS_pS636,64.2298,23.1865,22.1803,24.1928
IRS_pS636,64.4892,23.1865,22.1803,24.1928
IRS_pS636,64.7487,23.3123,22.4318,24.1928
IRS_pS636,65.0081,23.1865,22.1803,24.1928
IRS_pS636,65.2676,23.1865,22.1803,24.1928
IRS_pS636,65.5271,23.1865,22.1803,24.1928
IRS_pS636,65.7865,23.3123,22.4318,24.1928
IRS_pS636,66.046,23.1865,22.1803,24.1928
IRS_pS636,66.3054,23.1865,22.1803,24.1928
IRS_pS636,66.5649,23.1865,22.1803,24.1928
IRS_pS636,66.8243,23.1865,22.1803,24.1928
IRS_pS636,67.0838,23.3123,22.4318,24.1928
IRS_pS636,67.3432,23.3123,22.4318,24.1928
IRS_pS636,67.6027,23.3123,22.4318,24.1928
IRS_pS636,67.8621,23.3123,22.4318,24.1928
IRS_pS636,68.1216,23.3123,22.4318,24.1928
IRS_pS636,68.3811,23.3123,22.4318,24.1928
IRS_pS636,68.6405,23.3123,22.4318,24.1928
IRS_pS636,68.9,23.3123,22.4318,24.1928
IRS_pS636,69.1594,23.3123,22.4318,24.1928
IRS_pS636,69.4189,23.3123,22.4318,24.1928
IRS_pS636,69.6783,23.3123,22.4318,24.1928
IRS_pS636,69.9378,23.3123,22.4318,24.1928
IRS_pS636,70.1972,23.3123,22.4318,24.1928
IRS_pS636,70.4567,23.3123,22.4318,24.1928
IRS_pS636,70.7162,23.3123,22.4318,24.1928
IRS_pS636,70.9756,23.3123,22.4318,24.1928
IRS_pS636,71.2351,23.3123,22.4318,24.1928
IRS_pS636,71.4945,23.3123,22.4318,24.1928
IRS_pS636,71.754,23.3123,22.4318,24.1928
IRS_pS636,72.0134,23.3123,22.4318,24.1928
IRS_pS636,72.2729,23.3123,22.4318,24.1928
IRS_pS636,72.5323,23.3123,22.4318,24.1928
IRS_pS636,72.7918,23.3123,22.4318,24.1928
IRS_pS636,73.0512,23.3123,22.4318,24.1928
IRS_pS636,73.3107,23.3123,22.4318,24.1928
IRS_pS636,73.5702,23.3123,22.4318,24.1928
IRS_pS636,73.8296,23.3123,22.4318,24.1928
IRS_pS636,74.0891,23.3123,22.4318,24.1928
IRS_pS636,74.3485,23.3123,22.4318,24.1928
IRS_pS636,74.608,23.3123,22.4318,24.1928
IRS_pS636,74.8674,23.3123,22.4318,24.1928
IRS_pS636,75.1269,23.3123,22.4318,24.1928
IRS_pS636,75.3863,23.3123,22.4318,24.1928
IRS_pS636,75.6458,23.3123,22.4318,24.1928
IRS_pS636,75.9052,23.3123,22.4318,24.1928
IRS_pS636,76.1647,23.3123,22.4318,24.1928
IRS_pS636,76.4242,23.3123,22.4318,24.1928
IRS_pS636,76.6836,23.3123,22.4318,24.1928
IRS_pS636,76.9431,23.3123,22.4318,24.1928
IRS_pS636,77.2025,23.3123,22.4318,24.1928
IRS_pS636,77.462,23.3123,22.4318,24.1928
IRS_pS636,77.7214,23.3123,22.4318,24.1928
IRS_pS636,77.9809,23.3123,22.4318,24.1928
IRS_pS636,78.2403,23.3123,22.4318,24.1928
IRS_pS636,78.4998,23.3123,22.4318,24.1928
IRS_pS636,78.7593,23.3123,22.4318,24.1928
IRS_pS636,79.0187,23.3123,22.4318,24.1928
IRS_pS636,79.2782,23.3123,22.4318,24.1928
IRS_pS636,79.5376,23.3123,22.4318,24.1928
IRS_pS636,79.7971,23.3123,22.4318,24.1928
IRS_pS636,80.0565,23.3123,22.4318,24.1928
IRS_pS636,80.316,23.3123,22.4318,24.1928
IRS_pS636,80.5754,23.3123,22.4318,24.1928
IRS_pS636,80.8349,23.3123,22.4318,24.1928
IRS_pS636,81.0943,23.3123,22.4318,24.1928
IRS_pS636,81.3538,23.3123,22.4318,24.1928
IRS_pS636,81.6133,23.3123,22.4318,24.1928
IRS_pS636,81.8727,23.3123,22.4318,24.1928
IRS_pS636,82.1322,23.3123,22.4318,24.1928
IRS_pS636,82.3916,23.3123,22.4318,24.1928
IRS_pS636,82.6511,23.3123,22.4318,24.1928
IRS_pS636,82.9105,23.3123,22.4318,24.1928
IRS_pS636,83.17,23.3123,22.4318,24.1928
IRS_pS636,83.4294,23.3123,22.4318,24.1928
IRS_pS636,83.6889,23.3123,22.4318,24.1928
IRS_pS636,83.9483,23.3123,22.4318,24.1928
IRS_pS636,84.2078,23.3123,22.4318,24.1928
IRS_pS636,84.4673,23.3123,22.4318,24.1928
IRS_pS636,84.7267,23.3123,22.4318,24.1928
IRS_pS636,84.9862,23.3123,22.4318,24.1928
IRS_pS636,85.2456,23.3123,22.4318,24.1928
IRS_pS636,85.5051,23.3123,22.4318,24.1928
IRS_pS636,85.7645,23.3123,22.4318,24.1928
IRS_pS636,86.024,23.3123,22.4318,24.1928
IRS_pS636,86.2834,23.3123,22.4318,24.1928
IRS_pS636,86.5429,23.3123,22.4318,24.1928
IRS_pS636,86.8023,23.3123,22.4318,24.1928
IRS_pS636,87.0618,23.3123,22.4318,24.1928
IRS_pS636,87.3213,23.3123,22.4318,24.1928
IRS_pS636,87.5807,23.3123,22.4318,24.1928
IRS_pS636,87.8402,23.3123,22.4318,24.1928
IRS_pS636,88.0996,23.3123,22.4318,24.1928
IRS_pS636,88.3591,23.3123,22.4318,24.1928
IRS_pS636,88.6185,23.3123,22.4318,24.1928
IRS_pS636,88.878,23.3123,22.4318,24.1928
IRS_pS636,89.1374,23.3123,22.4318,24.1928
IRS_pS636,89.3969,23.3123,22.4318,24.1928
IRS_pS636,89.6564,23.3123,22.4318,24.1928
IRS_pS636,89.9158,23.3123,22.4318,24.1928
IRS_pS636,90.1753,23.3123,22.4318,24.1928
IRS_pS636,90.4347,23.3123,22.4318,24.1928
IRS_pS636,90.6942,23.3123,22.4318,24.1928
IRS_pS636,90.9536,23.3123,22.4318,24.1928
IRS_pS636,91.2131,23.3123,22.4318,24.1928
IRS_pS636,91.4725,23.3123,22.4318,24.1928
IRS_pS636,91.732,23.3123,22.4318,24.1928
IRS_pS636,91.9914,23.3123,22.4318,24.1928
IRS_pS636,92.2509,23.3123,22.4318,24.1928
IRS_pS636,92.5104,23.3123,22.4318,24.1928
IRS_pS636,92.7698,23.3123,22.4318,24.1928
IRS_pS636,93.0293,23.3123,22.4318,24.1928
IRS_pS636,93.2887,23.3123,22.4318,24.1928
IRS_pS636,93.5482,23.3123,22.4318,24.1928
IRS_pS636,93.8076,23.3123,22.4318,24.1928
IRS_pS636,94.0671,23.3123,22.4318,24.1928
IRS_pS636,94.3265,23.3123,22.4318,24.1928
IRS_pS636,94.586,23.3123,22.4318,24.1928
IRS_pS636,94.8454,23.3123,22.4318,24.1928
IRS_pS636,95.1049,23.3123,22.4318,24.1928
IRS_pS636,95.3644,23.3123,22.4318,24.1928
IRS_pS636,95.6238,23.3123,22.4318,24.1928
IRS_pS636,95.8833,23.3123,22.4318,24.1928
IRS_pS636,96.1427,23.3123,22.4318,24.1928
IRS_pS636,96.4022,23.3123,22.4318,24.1928
IRS_pS636,96.6616,23.3123,22.4318,24.1928
IRS_pS636,96.9211,23.3123,22.4318,24.1928
IRS_pS636,97.1805,23.3123,22.4318,24.1928
IRS_pS636,97.44,23.3123,22.4318,24.1928
IRS_pS636,97.6995,23.3123,22.4318,24.1928
IRS_pS636,97.9589,23.3123,22.4318,24.1928
IRS_pS636,98.2184,23.3123,22.4318,24.1928
IRS_pS636,98.4778,23.3123,22.4318,24.1928
IRS_pS636,98.7373,23.3123,22.4318,24.1928
IRS_pS636,98.9967,23.3123,22.4318,24.1928
IRS_pS636,99.2562,23.3123,22.4318,24.1928
IRS_pS636,99.5156,23.3123,22.4318,24.1928
IRS_pS636,99.7751,23.3123,22.4318,24.1928
IRS_pS636,100.035,23.3123,22.4318,24.1928
IRS_pS636,100.294,23.3123,22.4318,24.1928
IRS_pS636,100.553,23.3123,22.4318,24.1928
IRS_pS636,100.813,23.3123,22.4318,24.1928
IRS_pS636,101.072,23.3123,22.4318,24.1928
IRS_pS636,101.332,23.3123,22.4318,24.1928
IRS_pS636,101.591,23.3123,22.4318,24.1928
IRS_pS636,101.851,23.3123,22.4318,24.1928
IRS_pS636,102.11,23.3123,22.4318,24.1928
IRS_pS636,102.37,23.3123,22.4318,24.1928
IRS_pS636,102.629,23.3123,22.4318,24.1928
IRS_pS636,102.889,23.3123,22.4318,24.1928
IRS_pS636,103.148,23.3123,22.4318,24.1928
IRS_pS636,103.407,23.3123,22.4318,24.1928
IRS_pS636,103.667,23.3123,22.4318,24.1928
IRS_pS636,103.926,23.3123,22.4318,24.1928
IRS_pS636,104.186,23.3123,22.4318,24.1928
IRS_pS636,104.445,23.3123,22.4318,24.1928
IRS_pS636,104.705,23.3123,22.4318,24.1928
IRS_pS636,104.964,23.3123,22.4318,24.1928
IRS_pS636,105.224,23.3123,22.4318,24.1928
IRS_pS636,105.483,23.3123,22.4318,24.1928
IRS_pS636,105.743,23.3123,22.4318,24.1928
IRS_pS636,106.002,23.1865,22.1803,24.1928
IRS_pS636,106.261,23.1865,22.1803,24.1928
IRS_pS636,106.521,23.1865,22.1803,24.1928
IRS_pS636,106.78,23.1865,22.1803,24.1928
IRS_pS636,107.04,23.1865,22.1803,24.1928
IRS_pS636,107.299,23.1865,22.1803,24.1928
IRS_pS636,107.559,23.1865,22.1803,24.1928
IRS_pS636,107.818,23.1865,22.1803,24.1928
IRS_pS636,108.078,23.1865,22.1803,24.1928
IRS_pS636,108.337,23.1865,22.1803,24.1928
IRS_pS636,108.597,23.1865,22.1803,24.1928
IRS_pS636,108.856,23.1865,22.1803,24.1928
IRS_pS636,109.115,23.1865,22.1803,24.1928
IRS_pS636,109.375,23.1865,22.1803,24.1928
IRS_pS636,109.634,23.1865,22.1803,24.1928
IRS_pS636,109.894,23.1865,22.1803,24.1928
IRS_pS636,110.153,23.1865,22.1803,24.1928
IRS_pS636,110.413,23.1865,22.1803,24.1928
IRS_pS636,110.672,23.1865,22.1803,24.1928
IRS_pS636,110.932,23.1865,22.1803,24.1928
IRS_pS636,111.191,23.1865,22.1803,24.1928
IRS_pS636,111.451,23.1865,22.1803,24.1928
IRS_pS636,111.71,23.1865,22.1803,24.1928
IRS_pS636,111.969,23.1865,22.1803,24.1928
IRS_pS636,112.229,23.1865,22.1803,24.1928
IRS_pS636,112.488,23.1865,22.1803,24.1928
IRS_pS636,112.748,23.1865,22.1803,24.1928
IRS_pS636,113.007,23.1865,22.1803,24.1928
IRS_pS636,113.267,23.1865,22.1803,24.1928
IRS_pS636,113.526,23.1865,22.1803,24.1928
IRS_pS636,113.786,23.1865,22.1803,24.1928
IRS_pS636,114.045,23.1865,22.1803,24.1928
IRS_pS636,114.305,23.1865,22.1803,24.1928
IRS_pS636,114.564,23.1865,22.1803,24.1928
IRS_pS636,114.823,23.1865,22.1803,24.1928
IRS_pS636,115.083,23.1865,22.1803,24.1928
IRS_pS636,115.342,23.1865,22.1803,24.1928
IRS_pS636,115.602,23.1865,22.1803,24.1928
IRS_pS636,115.861,23.1865,22.1803,24.1928
IRS_pS636,116.121,23.1865,22.1803,24.1928
IRS_pS636,116.38,23.1865,22.1803,24.1928
IRS_pS636,116.64,23.1865,22.1803,24.1928
IRS_pS636,116.899,23.1865,22.1803,24.1928
IRS_pS636,117.159,23.1865,22.1803,24.1928
IRS_pS636,117.418,23.1865,22.1803,24.1928
IRS_pS636,117.677,23.1865,22.1803,24.1928
IRS_pS636,117.937,23.1865,22.1803,24.1928
IRS_pS636,118.196,23.1865,22.1803,24.1928
IRS_pS636,118.456,23.1865,22.1803,24.1928
IRS_pS636,118.715,23.3123,22.4318,24.1928
IRS_pS636,118.975,23.3123,22.4318,24.1928
IRS_pS636,119.234,23.3123,22.4318,24.1928
IRS_pS636,119.494,23.4381,22.6834,24.1928
IRS_pS636,119.753,23.3123,22.6834,23.9412
IRS_pS636,120,23.4381,22.935,23.9412
IRS_pS636,120,23.3123,22.935,23.6897
PRAS40_pS183,0,0.387523,0.307182,0.467865
PRAS40_pS183,0.144439,0.628548,0.267011,0.990084
PRAS40_pS183,0.403894,0.74906,0.267011,1.23111
PRAS40_pS183,0.663349,0.849487,0.267011,1.43196
PRAS40_pS183,0.922803,0.929828,0.267011,1.59264
PRAS40_pS183,1.18226,0.990084,0.267011,1.71316
PRAS40_pS183,1.44171,1.01017,0.267011,1.75333
PRAS40_pS183,1.70117,1.05034,0.267011,1.83367
PRAS40_pS183,1.96062,1.15077,0.267011,2.03452
PRAS40_pS183,2.22008,1.25119,0.307182,2.19521
PRAS40_pS183,2.47953,1.57256,0.789231,2.35589
PRAS40_pS183,2.73899,1.9341,1.19094,2.67725
PRAS40_pS183,2.99844,2.31572,1.67299,2.95845
PRAS40_pS183,3.2579,2.45632,1.7935,3.11913
PRAS40_pS183,3.51735,2.57683,1.99435,3.1593
PRAS40_pS183,3.77681,2.85802,2.4764,3.23964
PRAS40_pS183,4.03626,2.93836,2.59691,3.27981
PRAS40_pS183,4.29572,2.99862,2.67725,3.31999
PRAS40_pS183,4.55517,3.07896,2.79777,3.36016
PRAS40_pS183,4.81463,3.1593,2.91828,3.40033
PRAS40_pS183,5.07408,3.23964,3.07896,3.40033
PRAS40_pS183,5.33354,3.58109,3.4405,3.72169
PRAS40_pS183,5.59299,3.62127,3.4405,3.80203
PRAS40_pS183,5.85245,3.64135,3.48067,3.80203
PRAS40_pS183,6.1119,3.66144,3.48067,3.8422
PRAS40_pS183,6.37135,3.68152,3.48067,3.88238
PRAS40_pS183,6.63081,3.72169,3.52084,3.92255
PRAS40_pS183,6.89026,3.82212,3.60118,4.04306
PRAS40_pS183,7.14972,3.88238,3.64135,4.1234
PRAS40_pS183,7.40917,3.96272,3.72169,4.20374
PRAS40_pS183,7.66863,4.02297,3.76186,4.28408
PRAS40_pS183,7.92808,4.06314,3.80203,4.32425
PRAS40_pS183,8.18754,4.1234,3.88238,4.36442
PRAS40_pS183,8.44699,4.18366,3.96272,4.40459
PRAS40_pS183,8.70645,4.22383,4.00289,4.44477
PRAS40_pS183,8.9659,4.28408,4.08323,4.48494
PRAS40_pS183,9.22536,4.30417,4.1234,4.48494
PRAS40_pS183,9.48481,4.34434,4.16357,4.52511
PRAS40_pS183,9.74427,4.36442,4.20374,4.52511
PRAS40_pS183,10.0037,4.40459,4.24391,4.56528
PRAS40_pS183,10.2632,4.42468,4.28408,4.56528
PRAS40_pS183,10.5226,4.46485,4.32425,4.60545
PRAS40_pS183,10.7821,4.50502,4.40459,4.60545
PRAS40_pS183,11.0415,4.50502,4.40459,4.60545
PRAS40_pS183,11.301,4.52511,4.44477,4.60545
PRAS40_pS183,11.5605,4.54519,4.44477,4.64562
PRAS40_pS183,11.8199,4.54519,4.44477,4.64562
PRAS40_pS183,12.0794,4.56528,4.44477,4.68579
PRAS40_pS183,12.3388,4.58536,4.44477,4.72596
PRAS40_pS183,12.5983,4.58536,4.44477,4.72596
PRAS40_pS183,12.8577,4.60545,4.44477,4.76613
PRAS40_pS183,13.1172,4.60545,4.44477,4.76613
PRAS40_pS183,13.3766,4.62553,4.48494,4.76613
PRAS40_pS183,13.6361,4.64562,4.48494,4.8063
PRAS40_pS183,13.8955,4.6657,4.52511,4.8063
PRAS40_pS183,14.155,4.6657,4.52511,4.8063
PRAS40_pS183,14.4145,4.6657,4.52511,4.8063
PRAS40_pS183,14.6739,4.6657,4.52511,4.8063
PRAS40_pS183,14.9334,4.68579,4.56528,4.8063
PRAS40_pS183,15.1928,4.6657,4.56528,4.76613
PRAS40_pS183,15.4523,4.6657,4.56528,4.76613
PRAS40_pS183,15.7117,4.6657,4.56528,4.76613
PRAS40_pS183,15.9712,4.68579,4.56528,4.8063
PRAS40_pS183,16.2306,4.68579,4.56528,4.8063
PRAS40_pS183,16.4901,4.68579,4.56528,4.8063
PRAS40_pS183,16.7495,4.68579,4.56528,4.8063
PRAS40_pS183,17.009,4.68579,4.56528,4.8063
PRAS40_pS183,17.2685,4.6657,4.52511,4.8063
PRAS40_pS183,17.5279,4.6657,4.52511,4.8063
PRAS40_pS183,17.7874,4.6657,4.52511,4.8063
PRAS40_pS183,18.0468,4.6657,4.52511,4.8063
PRAS40_pS183,18.3063,4.6657,4.52511,4.8063
PRAS40_pS183,18.5657,4.6657,4.52511,4.8063
PRAS40_pS183,18.8252,4.68579,4.52511,4.84647
PRAS40_pS183,19.0846,4.68579,4.52511,4.84647
PRAS40_pS183,19.3441,4.68579,4.52511,4.84647
PRAS40_pS183,19.6036,4.6657,4.48494,4.84647
PRAS40_pS183,19.863,4.6657,4.48494,4.84647
PRAS40_pS183,20.1225,4.64562,4.48494,4.8063
PRAS40_pS183,20.3819,4.64562,4.48494,4.8063
PRAS40_pS183,20.6414,4.64562,4.48494,4.8063
PRAS40_pS183,20.9008,4.64562,4.48494,4.8063
PRAS40_pS183,21.1603,4.64562,4.48494,4.8063
PRAS40_pS183,21.4197,4.64562,4.48494,4.8063
PRAS40_pS183,21.6792,4.64562,4.48494,4.8063
PRAS40_pS183,21.9386,4.64562,4.48494,4.8063
PRAS40_pS183,22.1981,4.62553,4.48494,4.76613
PRAS40_pS183,22.4576,4.60545,4.44477,4.76613
PRAS40_pS183,22.717,4.60545,4.44477,4.76613
PRAS40_pS183,22.9765,4.60545,4.44477,4.76613
PRAS40_pS183,23.2359,4.60545,4.44477,4.76613
PRAS40_pS183,23.4954,4.60545,4.44477,4.76613
PRAS40_pS183,23.7548,4.60545,4.44477,4.76613
PRAS40_pS183,24.0143,4.60545,4.44477,4.76613
PRAS40_pS183,24.2737,4.60545,4.44477,4.76613
PRAS40_pS183,24.5332,4.60545,4.44477,4.76613
PRAS40_pS183,24.7926,4.60545,4.44477,4.76613
PRAS40_pS183,25.0521,4.60545,4.44477,4.76613
PRAS40_pS183,25.3116,4.58536,4.44477,4.72596
PRAS40_pS183,25.571,4.58536,4.44477,4.72596
PRAS40_pS183,25.8305,4.58536,4.44477,4.72596
PRAS40_pS183,26.0899,4.56528,4.40459,4.72596
PRAS40_pS183,26.3494,4.56528,4.40459,4.72596
PRAS40_pS183,26.6088,4.56528,4.40459,4.72596
PRAS40_pS183,26.8683,4.56528,4.40459,4.72596
PRAS40_pS183,27.1277,4.56528,4.40459,4.72596
PRAS40_pS183,27.3872,4.56528,4.40459,4.72596
PRAS40_pS183,27.6467,4.56528,4.40459,4.72596
PRAS40_pS183,27.9061,4.56528,4.40459,4.72596
PRAS40_pS183,28.1656,4.56528,4.40459,4.72596
PRAS40_pS183,28.425,4.56528,4.40459,4.72596
PRAS40_pS183,28.6845,4.56528,4.40459,4.72596
PRAS40_pS183,28.9439,4.56528,4.40459,4.72596
PRAS40_pS183,29.2034,4.58536,4.44477,4.72596
PRAS40_pS183,29.4628,4.56528,4.44477,4.68579
PRAS40_pS183,29.7223,4.56528,4.44477,4.68579
PRAS40_pS183,29.9817,4.56528,4.44477,4.68579
PRAS40_pS183,30.2412,4.56528,4.44477,4.68579
PRAS40_pS183,30.5007,4.56528,4.44477,4.68579
PRAS40_pS183,30.7601,4.56528,4.44477,4.68579
PRAS40_pS183,31.0196,4.56528,4.44477,4.68579
PRAS40_pS183,31.279,4.56528,4.44477,4.68579
PRAS40_pS183,31.5385,4.54519,4.40459,4.68579
PRAS40_pS183,31.7979,4.54519,4.40459,4.68579
PRAS40_pS183,32.0574,4.54519,4.40459,4.68579
PRAS40_pS183,32.3168,4.56528,4.40459,4.72596
PRAS40_pS183,32.5763,4.56528,4.40459,4.72596
PRAS40_pS183,32.8357,4.56528,4.40459,4.72596
PRAS40_pS183,33.0952,4.56528,4.40459,4.72596
PRAS40_pS183,33.3547,4.56528,4.40459,4.72596
PRAS40_pS183,33.6141,4.56528,4.40459,4.72596
PRAS40_pS183,33.8736,4.56528,4.40459,4.72596
PRAS40_pS183,34.133,4.56528,4.40459,4.72596
PRAS40_pS183,34.3925,4.56528,4.40459,4.72596
PRAS40_pS183,34.6519,4.56528,4.40459,4.72596
PRAS40_pS183,34.9114,4.56528,4.40459,4.72596
PRAS40_pS183,35.1708,4.56528,4.40459,4.72596
PRAS40_pS183,35.4303,4.56528,4.40459,4.72596
PRAS40_pS183,35.6897,4.56528,4.40459,4.72596
PRAS40_pS183,35.9492,4.56528,4.40459,4.72596
PRAS40_pS183,36.2087,4.56528,4.40459,4.72596
PRAS40_pS183,36.4681,4.56528,4.40459,4.72596
PRAS40_pS183,36.7276,4.56528,4.40459,4.72596
PRAS40_pS183,36.987,4.56528,4.40459,4.72596
PRAS40_pS183,37.2465,4.56528,4.40459,4.72596
PRAS40_pS183,37.5059,4.56528,4.40459,4.72596
PRAS40_pS183,37.7654,4.56528,4.40459,4.72596
PRAS40_pS183,38.0248,4.56528,4.40459,4.72596
PRAS40_pS183,38.2843,4.56528,4.40459,4.72596
PRAS40_pS183,38.5438,4.56528,4.40459,4.72596
PRAS40_pS183,38.8032,4.56528,4.40459,4.72596
PRAS40_pS183,39.0627,4.56528,4.40459,4.72596
PRAS40_pS183,39.3221,4.56528,4.40459,4.72596
PRAS40_pS183,39.5816,4.56528,4.40459,4.72596
PRAS40_pS183,39.841,4.56528,4.40459,4.72596
PRAS40_pS183,40.1005,4.56528,4.40459,4.72596
PRAS40_pS183,40.3599,4.56528,4.40459,4.72596
PRAS40_pS183,40.6194,4.56528,4.40459,4.72596
PRAS40_pS183,40.8788,4.56528,4.40459,4.72596
PRAS40_pS183,41.1383,4.56528,4.40459,4.72596
PRAS40_pS183,41.3978,4.56528,4.40459,4.72596
PRAS40_pS183,41.6572,4.56528,4.40459,4.72596
PRAS40_pS183,41.9167,4.56528,4.40459,4.72596
PRAS40_pS183,42.1761,4.56528,4.40459,4.72596
PRAS40_pS183,42.4356,4.56528,4.40459,4.72596
PRAS40_pS183,42.695,4.56528,4.40459,4.72596
PRAS40_pS183,42.9545,4.56528,4.40459,4.72596
PRAS40_pS183,43.2139,4.56528,4.40459,4.72596
PRAS40_pS183,43.4734,4.56528,4.40459,4.72596
PRAS40_pS183,43.7328,4.56528,4.40459,4.72596
PRAS40_pS183,43.9923,4.58536,4.44477,4.72596
PRAS40_pS183,44.2518,4.56528,4.44477,4.68579
PRAS40_pS183,44.5112,4.56528,4.44477,4.68579
PRAS40_pS183,44.7707,4.56528,4.48494,4.64562
PRAS40_pS183,45.0301,4.54519,4.48494,4.60545
PRAS40_pS183,45.2896,4.56528,4.52511,4.60545
PRAS40_pS183,45.549,4.56528,4.52511,4.60545
PRAS40_pS183,45.8085,4.56528,4.52511,4.60545
PRAS40_pS183,46.0679,4.54519,4.48494,4.60545
PRAS40_pS183,46.3274,4.54519,4.44477,4.64562
PRAS40_pS183,46.5869,4.56528,4.44477,4.68579
PRAS40_pS183,46.8463,4.56528,4.44477,4.68579
PRAS40_pS183,47.1058,4.54519,4.40459,4.68579
PRAS40_pS183,47.3652,4.54519,4.40459,4.68579
PRAS40_pS183,47.6247,4.54519,4.40459,4.68579
PRAS40_pS183,47.8841,4.56528,4.40459,4.72596
PRAS40_pS183,48.1436,4.56528,4.40459,4.72596
PRAS40_pS183,48.403,4.56528,4.40459,4.72596
PRAS40_pS183,48.6625,4.56528,4.40459,4.72596
PRAS40_pS183,48.9219,4.56528,4.40459,4.72596
PRAS40_pS183,49.1814,4.56528,4.40459,4.72596
PRAS40_pS183,49.4409,4.56528,4.40459,4.72596
PRAS40_pS183,49.7003,4.56528,4.40459,4.72596
PRAS40_pS183,49.9598,4.56528,4.40459,4.72596
PRAS40_pS183,50.2192,4.56528,4.40459,4.72596
PRAS40_pS183,50.4787,4.56528,4.40459,4.72596
PRAS40_pS183,50.7381,4.56528,4.40459,4.72596
PRAS40_pS183,50.9976,4.56528,4.40459,4.72596
PRAS40_pS183,51.257,4.56528,4.40459,4.72596
PRAS40_pS183,51.5165,4.56528,4.40459,4.72596
PRAS40_pS183,51.7759,4.56528,4.40459,4.72596
PRAS40_pS183,52.0354,4.56528,4.40459,4.72596
PRAS40_pS183,52.2949,4.56528,4.40459,4.72596
PRAS40_pS183,52.5543,4.56528,4.40459,4.72596
PRAS40_pS183,52.8138,4.56528,4.40459,4.72596
PRAS40_pS183,53.0732,4.56528,4.40459,4.72596
PRAS40_pS183,53.3327,4.56528,4.40459,4.72596
PRAS40_pS183,53.5921,4.56528,4.40459,4.72596
PRAS40_pS183,53.8516,4.56528,4.40459,4.72596
PRAS40_pS183,54.111,4.56528,4.40459,4.72596
PRAS40_pS183,54.3705,4.56528,4.40459,4.72596
PRAS40_pS183,54.63,4.56528,4.40459,4.72596
PRAS40_pS183,54.8894,4.56528,4.40459,4.72596
PRAS40_pS183,55.1489,4.56528,4.40459,4.72596
PRAS40_pS183,55.4083,4.56528,4.40459,4.72596
PRAS40_pS183,55.6678,4.56528,4.40459,4.72596
PRAS40_pS183,55.9272,4.56528,4.40459,4.72596
PRAS40_pS183,56.1867,4.56528,4.40459,4.72596
PRAS40_pS183,56.4461,4.56528,4.40459,4.72596
PRAS40_pS183,56.7056,4.56528,4.40459,4.72596
PRAS40_pS183,56.965,4.56528,4.40459,4.72596
PRAS40_pS183,57.2245,4.56528,4.40459,4.72596
PRAS40_pS183,57.484,4.56528,4.40459,4.72596
PRAS40_pS183,57.7434,4.56528,4.40459,4.72596
PRAS40_pS183,58.0029,4.56528,4.40459,4.72596
PRAS40_pS183,58.2623,4.56528,4.40459,4.72596
PRAS40_pS183,58.5218,4.56528,4.40459,4.72596
PRAS40_pS183,58.7812,4.56528,4.40459,4.72596
PRAS40_pS183,59.0407,4.54519,4.40459,4.68579
PRAS40_pS183,59.3001,4.54519,4.40459,4.68579
PRAS40_pS183,59.5596,4.54519,4.40459,4.68579
PRAS40_pS183,59.819,4.52511,4.40459,4.64562
PRAS40_pS183,60.0785,4.52511,4.40459,4.64562
PRAS40_pS183,60.338,4.54519,4.44477,4.64562
PRAS40_pS183,60.5974,4.54519,4.44477,4.64562
PRAS40_pS183,60.8569,4.54519,4.44477,4.64562
PRAS40_pS183,61.1163,4.54519,4.44477,4.64562
PRAS40_pS183,61.3758,4.54519,4.44477,4.64562
PRAS40_pS183,61.6352,4.52511,4.40459,4.64562
PRAS40_pS183,61.8947,4.54519,4.40459,4.68579
PRAS40_pS183,62.1541,4.54519,4.40459,4.68579
PRAS40_pS183,62.4136,4.56528,4.40459,4.72596
PRAS40_pS183,62.6731,4.56528,4.40459,4.72596
PRAS40_pS183,62.9325,4.56528,4.40459,4.72596
PRAS40_pS183,63.192,4.56528,4.40459,4.72596
PRAS40_pS183,63.4514,4.56528,4.40459,4.72596
PRAS40_pS183,63.7109,4.56528,4.40459,4.72596
PRAS40_pS183,63.9703,4.56528,4.40459,4.72596
PRAS40_pS183,64.2298,4.56528,4.40459,4.72596
PRAS40_pS183,64.4892,4.56528,4.40459,4.72596
PRAS40_pS183,64.7487,4.56528,4.40459,4.72596
PRAS40_pS183,65.0081,4.56528,4.40459,4.72596
PRAS40_pS183,65.2676,4.56528,4.40459,4.72596
PRAS40_pS183,65.5271,4.56528,4.40459,4.72596
PRAS40_pS183,65.7865,4.56528,4.40459,4.72596
PRAS40_pS183,66.046,4.56528,4.40459,4.72596
PRAS40_pS183,66.3054,4.56528,4.40459,4.72596
PRAS40_pS183,66.5649,4.56528,4.40459,4.72596
PRAS40_pS183,66.8243,4.56528,4.40459,4.72596
PRAS40_pS183,67.0838,4.56528,4.40459,4.72596
PRAS40_pS183,67.3432,4.56528,4.40459,4.72596
PRAS40_pS183,67.6027,4.56528,4.40459,4.72596
PRAS40_pS183,67.8621,4.56528,4.40459,4.72596
PRAS40_pS183,68.1216,4.56528,4.40459,4.72596
PRAS40_pS183,68.3811,4.56528,4.40459,4.72596
PRAS40_pS183,68.6405,4.56528,4.40459,4.72596
PRAS40_pS183,68.9,4.56528,4.40459,4.72596
PRAS40_pS183,69.1594,4.56528,4.40459,4.72596
PRAS40_pS183,69.4189,4.56528,4.40459,4.72596
PRAS40_pS183,69.6783,4.56528,4.40459,4.72596
PRAS40_pS183,69.9378,4.56528,4.40459,4.72596
PRAS40_pS183,70.1972,4.56528,4.40459,4.72596
PRAS40_pS183,70.4567,4.56528,4.40459,4.72596
PRAS40_pS183,70.7162,4.56528,4.40459,4.72596
PRAS40_pS183,70.9756,4.56528,4.40459,4.72596
PRAS40_pS183,71.2351,4.56528,4.40459,4.72596
PRAS40_pS183,71.4945,4.56528,4.40459,4.72596
PRAS40_pS183,71.754,4.56528,4.40459,4.72596
PRAS40_pS183,72.0134,4.56528,4.40459,4.72596
PRAS40_pS183,72.2729,4.56528,4.40459,4.72596
PRAS40_pS183,72.5323,4.56528,4.40459,4.72596
PRAS40_pS183,72.7918,4.56528,4.40459,4.72596
PRAS40_pS183,73.0512,4.56528,4.40459,4.72596
PRAS40_pS183,73.3107,4.56528,4.40459,4.72596
PRAS40_pS183,73.5702,4.56528,4.40459,4.72596
PRAS40_pS183,73.8296,4.56528,4.40459,4.72596
PRAS40_pS183,74.0891,4.56528,4.40459,4.72596
PRAS40_pS183,74.3485,4.56528,4.40459,4.72596
PRAS40_pS183,74.608,4.56528,4.40459,4.72596
PRAS40_pS183,74.8674,4.56528,4.40459,4.72596
PRAS40_pS183,75.1269,4.56528,4.40459,4.72596
PRAS40_pS183,75.3863,4.56528,4.40459,4.72596
PRAS40_pS183,75.6458,4.56528,4.40459,4.72596
PRAS40_pS183,75.9052,4.56528,4.40459,4.72596
PRAS40_pS183,76.1647,4.56528,4.40459,4.72596
PRAS40_pS183,76.4242,4.56528,4.40459,4.72596
PRAS40_pS183,76.6836,4.56528,4.40459,4.72596
PRAS40_pS183,76.9431,4.56528,4.40459,4.72596
PRAS40_pS183,77.2025,4.56528,4.40459,4.72596
PRAS40_pS183,77.462,4.56528,4.40459,4.72596
PRAS40_pS183,77.7214,4.56528,4.40459,4.72596
PRAS40_pS183,77.9809,4.56528,4.40459,4.72596
PRAS40_pS183,78.2403,4.56528,4.40459,4.72596
PRAS40_pS183,78.4998,4.56528,4.40459,4.72596
PRAS40_pS183,78.7593,4.56528,4.40459,4.72596
PRAS40_pS183,79.0187,4.56528,4.40459,4.72596
PRAS40_pS183,79.2782,4.56528,4.40459,4.72596
PRAS40_pS183,79.5376,4.56528,4.40459,4.72596
PRAS40_pS183,79.7971,4.56528,4.40459,4.72596
PRAS40_pS183,80.0565,4.56528,4.40459,4.72596
PRAS40_pS183,80.316,4.56528,4.40459,4.72596
PRAS40_pS183,80.5754,4.56528,4.40459,4.72596
PRAS40_pS183,80.8349,4.56528,4.40459,4.72596
PRAS40_pS183,81.0943,4.56528,4.40459,4.72596
PRAS40_pS183,81.3538,4.56528,4.40459,4.72596
PRAS40_pS183,81.6133,4.56528,4.40459,4.72596
PRAS40_pS183,81.8727,4.56528,4.40459,4.72596
PRAS40_pS183,82.1322,4.56528,4.40459,4.72596
PRAS40_pS183,82.3916,4.56528,4.40459,4.72596
PRAS40_pS183,82.6511,4.56528,4.40459,4.72596
PRAS40_pS183,82.9105,4.56528,4.40459,4.72596
PRAS40_pS183,83.17,4.56528,4.40459,4.72596
PRAS40_pS183,83.4294,4.56528,4.40459,4.72596
PRAS40_pS183,83.6889,4.56528,4.40459,4.72596
PRAS40_pS183,83.9483,4.56528,4.40459,4.72596
PRAS40_pS183,84.2078,4.56528,4.40459,4.72596
PRAS40_pS183,84.4673,4.56528,4.40459,4.72596
PRAS40_pS183,84.7267,4.56528,4.40459,4.72596
PRAS40_pS183,84.9862,4.56528,4.40459,4.72596
PRAS40_pS183,85.2456,4.56528,4.40459,4.72596
PRAS40_pS183,85.5051,4.56528,4.40459,4.72596
PRAS40_pS183,85.7645,4.56528,4.40459,4.72596
PRAS40_pS183,86.024,4.56528,4.40459,4.72596
PRAS40_pS183,86.2834,4.56528,4.40459,4.72596
PRAS40_pS183,86.5429,4.56528,4.40459,4.72596
PRAS40_pS183,86.8023,4.56528,4.40459,4.72596
PRAS40_pS183,87.0618,4.56528,4.40459,4.72596
PRAS40_pS183,87.3213,4.56528,4.40459,4.72596
PRAS40_pS183,87.5807,4.56528,4.40459,4.72596
PRAS40_pS183,87.8402,4.56528,4.40459,4.72596
PRAS40_pS183,88.0996,4.56528,4.40459,4.72596
PRAS40_pS183,88.3591,4.56528,4.40459,4.72596
PRAS40_pS183,88.6185,4.56528,4.40459,4.72596
PRAS40_pS183,88.878,4.56528,4.40459,4.72596
PRAS40_pS183,89.1374,4.56528,4.40459,4.72596
PRAS40_pS183,89.3969,4.56528,4.40459,4.72596
PRAS40_pS183,89.6564,4.56528,4.40459,4.72596
PRAS40_pS183,89.9158,4.56528,4.40459,4.72596
PRAS40_pS183,90.1753,4.56528,4.40459,4.72596
PRAS40_pS183,90.4347,4.56528,4.40459,4.72596
PRAS40_pS183,90.6942,4.56528,4.40459,4.72596
PRAS40_pS183,90.9536,4.56528,4.40459,4.72596
PRAS40_pS183,91.2131,4.56528,4.40459,4.72596
PRAS40_pS183,91.4725,4.56528,4.40459,4.72596
PRAS40_pS183,91.732,4.56528,4.40459,4.72596
PRAS40_pS183,91.9914,4.56528,4.40459,4.72596
PRAS40_pS183,92.2509,4.56528,4.40459,4.72596
PRAS40_pS183,92.5104,4.56528,4.40459,4.72596
PRAS40_pS183,92.7698,4.56528,4.40459,4.72596
PRAS40_pS183,93.0293,4.56528,4.40459,4.72596
PRAS40_pS183,93.2887,4.56528,4.40459,4.72596
PRAS40_pS183,93.5482,4.56528,4.40459,4.72596
PRAS40_pS183,93.8076,4.56528,4.40459,4.72596
PRAS40_pS183,94.0671,4.56528,4.40459,4.72596
PRAS40_pS183,94.3265,4.56528,4.40459,4.72596
PRAS40_pS183,94.586,4.56528,4.40459,4.72596
PRAS40_pS183,94.8454,4.56528,4.40459,4.72596
PRAS40_pS183,95.1049,4.56528,4.40459,4.72596
PRAS40_pS183,95.3644,4.56528,4.40459,4.72596
PRAS40_pS183,95.6238,4.56528,4.40459,4.72596
PRAS40_pS183,95.8833,4.56528,4.40459,4.72596
PRAS40_pS183,96.1427,4.56528,4.40459,4.72596
PRAS40_pS183,96.4022,4.56528,4.40459,4.72596
PRAS40_pS183,96.6616,4.56528,4.40459,4.72596
PRAS40_pS183,96.9211,4.56528,4.40459,4.72596
PRAS40_pS183,97.1805,4.56528,4.40459,4.72596
PRAS40_pS183,97.44,4.56528,4.40459,4.72596
PRAS40_pS183,97.6995,4.56528,4.40459,4.72596
PRAS40_pS183,97.9589,4.56528,4.40459,4.72596
PRAS40_pS183,98.2184,4.56528,4.40459,4.72596
PRAS40_pS183,98.4778,4.56528,4.40459,4.72596
PRAS40_pS183,98.7373,4.56528,4.40459,4.72596
PRAS40_pS183,98.9967,4.56528,4.40459,4.72596
PRAS40_pS183,99.2562,4.56528,4.40459,4.72596
PRAS40_pS183,99.5156,4.56528,4.40459,4.72596
PRAS40_pS183,99.7751,4.56528,4.40459,4.72596
PRAS40_pS183,100.035,4.56528,4.40459,4.72596
PRAS40_pS183,100.294,4.56528,4.40459,4.72596
PRAS40_pS183,100.553,4.56528,4.40459,4.72596
PRAS40_pS183,100.813,4.56528,4.40459,4.72596
PRAS40_pS183,101.072,4.56528,4.40459,4.72596
PRAS40_pS183,101.332,4.56528,4.40459,4.72596
PRAS40_pS183,101.591,4.56528,4.40459,4.72596
PRAS40_pS183,101.851,4.56528,4.40459,4.72596
PRAS40_pS183,102.11,4.56528,4.40459,4.72596
PRAS40_pS183,102.37,4.56528,4.40459,4.72596
PRAS40_pS183,102.629,4.56528,4.40459,4.72596
PRAS40_pS183,102.889,4.56528,4.40459,4.72596
PRAS40_pS183,103.148,4.56528,4.40459,4.72596
PRAS40_pS183,103.407,4.56528,4.40459,4.72596
PRAS40_pS183,103.667,4.56528,4.40459,4.72596
PRAS40_pS183,103.926,4.56528,4.40459,4.72596
PRAS40_pS183,104.186,4.56528,4.40459,4.72596
PRAS40_pS183,104.445,4.56528,4.40459,4.72596
PRAS40_pS183,104.705,4.56528,4.40459,4.72596
PRAS40_pS183,104.964,4.56528,4.40459,4.72596
PRAS40_pS183,105.224,4.56528,4.40459,4.72596
PRAS40_pS183,105.483,4.56528,4.40459,4.72596
PRAS40_pS183,105.743,4.56528,4.40459,4.72596
PRAS40_pS183,106.002,4.56528,4.40459,4.72596
PRAS40_pS183,106.261,4.56528,4.40459,4.72596
PRAS40_pS183,106.521,4.56528,4.40459,4.72596
PRAS40_pS183,106.78,4.56528,4.40459,4.72596
PRAS40_pS183,107.04,4.56528,4.40459,4.72596
PRAS40_pS183,107.299,4.56528,4.40459,4.72596
PRAS40_pS183,107.559,4.56528,4.40459,4.72596
PRAS40_pS183,107.818,4.56528,4.40459,4.72596
PRAS40_pS183,108.078,4.56528,4.40459,4.72596
PRAS40_pS183,108.337,4.56528,4.40459,4.72596
PRAS40_pS183,108.597,4.56528,4.40459,4.72596
PRAS40_pS183,108.856,4.56528,4.40459,4.72596
PRAS40_pS183,109.115,4.56528,4.40459,4.72596
PRAS40_pS183,109.375,4.56528,4.40459,4.72596
PRAS40_pS183,109.634,4.56528,4.40459,4.72596
PRAS40_pS183,109.894,4.56528,4.40459,4.72596
PRAS40_pS183,110.153,4.56528,4.40459,4.72596
PRAS40_pS183,110.413,4.56528,4.40459,4.72596
PRAS40_pS183,110.672,4.56528,4.40459,4.72596
PRAS40_pS183,110.932,4.56528,4.40459,4.72596
PRAS40_pS183,111.191,4.56528,4.40459,4.72596
PRAS40_pS183,111.451,4.56528,4.40459,4.72596
PRAS40_pS183,111.71,4.56528,4.40459,4.72596
PRAS40_pS183,111.969,4.56528,4.40459,4.72596
PRAS40_pS183,112.229,4.56528,4.40459,4.72596
PRAS40_pS183,112.488,4.56528,4.40459,4.72596
PRAS40_pS183,112.748,4.56528,4.40459,4.72596
PRAS40_pS183,113.007,4.56528,4.40459,4.72596
PRAS40_pS183,113.267,4.56528,4.40459,4.72596
PRAS40_pS183,113.526,4.56528,4.40459,4.72596
PRAS40_pS183,113.786,4.56528,4.40459,4.72596
PRAS40_pS183,114.045,4.56528,4.40459,4.72596
PRAS40_pS183,114.305,4.56528,4.40459,4.72596
PRAS40_pS183,114.564,4.56528,4.40459,4.72596
PRAS40_pS183,114.823,4.56528,4.40459,4.72596
PRAS40_pS183,115.083,4.56528,4.40459,4.72596
PRAS40_pS183,115.342,4.56528,4.40459,4.72596
PRAS40_pS183,115.602,4.56528,4.40459,4.72596
PRAS40_pS183,115.861,4.56528,4.40459,4.72596
PRAS40_pS183,116.121,4.56528,4.40459,4.72596
PRAS40_pS183,116.38,4.56528,4.40459,4.72596
PRAS40_pS183,116.64,4.56528,4.40459,4.72596
PRAS40_pS183,116.899,4.56528,4.40459,4.72596
PRAS40_pS183,117.159,4.56528,4.40459,4.72596
PRAS40_pS183,117.418,4.56528,4.40459,4.72596
PRAS40_pS183,117.677,4.56528,4.40459,4.72596
PRAS40_pS183,117.937,4.56528,4.40459,4.72596
PRAS40_pS183,118.196,4.56528,4.40459,4.72596
PRAS40_pS183,118.456,4.54519,4.40459,4.68579
PRAS40_pS183,118.715,4.56528,4.44477,4.68579
PRAS40_pS183,118.975,4.54519,4.44477,4.64562
PRAS40_pS183,119.234,4.56528,4.56528,4.56528
PRAS40_pT246,0.0147115,0.730926,0.5705,0.891352
PRAS40_pT246,0.274166,1.05178,0.356598,1.74696
PRAS40_pT246,0.533621,1.2122,0.356598,2.06781
PRAS40_pT246,0.793076,1.85391,0.249647,3.45817
PRAS40_pT246,1.05253,1.90739,0.249647,3.56512
PRAS40_pT246,1.31199,1.96086,0.249647,3.67207
PRAS40_pT246,1.57144,1.96086,0.249647,3.67207
PRAS40_pT246,1.8309,1.96086,0.249647,3.67207
PRAS40_pT246,2.09035,1.96086,0.249647,3.67207
PRAS40_pT246,2.3498,1.2122,0.356598,2.06781
PRAS40_pT246,2.60926,1.37263,0.891352,1.85391
PRAS40_pT246,2.86871,6.13194,5.06244,7.20145
PRAS40_pT246,3.12817,6.13194,5.27634,6.98755
PRAS40_pT246,3.38762,9.18004,9.01962,9.34047
PRAS40_pT246,3.64708,11.1586,11.1586,11.1586
PRAS40_pT246,5.46326,12.0142,12.0142,12.0142
PRAS40_pT246,5.72272,12.1212,12.0142,12.2281
PRAS40_pT246,5.98217,12.1212,11.9073,12.3351
PRAS40_pT246,6.24163,12.1212,11.9073,12.3351
PRAS40_pT246,6.50108,12.1212,11.8003,12.442
PRAS40_pT246,6.76054,12.1212,11.8003,12.442
PRAS40_pT246,7.01999,12.1212,11.8003,12.442
PRAS40_pT246,7.27945,12.0677,11.6934,12.442
PRAS40_pT246,7.5389,12.0677,11.6934,12.442
PRAS40_pT246,7.79836,12.0677,11.5864,12.549
PRAS40_pT246,8.05781,12.0677,11.5864,12.549
PRAS40_pT246,8.31727,12.0677,11.5864,12.549
PRAS40_pT246,8.57672,12.0677,11.5864,12.549
PRAS40_pT246,8.83618,12.0142,11.5864,12.442
PRAS40_pT246,9.09563,11.9608,11.4795,12.442
PRAS40_pT246,9.35509,11.8538,11.4795,12.2281
PRAS40_pT246,9.61454,11.8003,11.4795,12.1212
PRAS40_pT246,9.87399,11.7469,11.4795,12.0142
PRAS40_pT246,10.1334,11.6934,11.4795,11.9073
PRAS40_pT246,10.3929,11.6934,11.4795,11.9073
PRAS40_pT246,10.6524,11.6399,11.4795,11.8003
PRAS40_pT246,10.9118,11.5864,11.3725,11.8003
PRAS40_pT246,11.1713,11.5864,11.3725,11.8003
PRAS40_pT246,11.4307,11.533,11.2656,11.8003
PRAS40_pT246,11.6902,11.4795,11.1586,11.8003
PRAS40_pT246,11.9496,11.426,11.0517,11.8003
PRAS40_pT246,12.2091,11.3191,10.9447,11.6934
PRAS40_pT246,12.4685,11.2656,10.8378,11.6934
PRAS40_pT246,12.728,11.2656,10.8378,11.6934
PRAS40_pT246,12.9875,11.1586,10.7308,11.5864
PRAS40_pT246,13.2469,11.1586,10.7308,11.5864
PRAS40_pT246,13.5064,11.1586,10.7308,11.5864
PRAS40_pT246,13.7658,11.1052,10.7308,11.4795
PRAS40_pT246,14.0253,10.9447,10.5169,11.3725
PRAS40_pT246,14.2847,10.9447,10.5169,11.3725
PRAS40_pT246,14.5442,10.8913,10.41,11.3725
PRAS40_pT246,14.8036,10.8378,10.41,11.2656
PRAS40_pT246,15.0631,10.8378,10.41,11.2656
PRAS40_pT246,15.3225,10.7843,10.303,11.2656
PRAS40_pT246,15.582,10.7308,10.303,11.1586
PRAS40_pT246,15.8415,10.6239,10.1961,11.0517
PRAS40_pT246,16.1009,10.6239,10.1961,11.0517
PRAS40_pT246,16.3604,10.6239,10.1961,11.0517
PRAS40_pT246,16.6198,10.5169,10.0891,10.9447
PRAS40_pT246,16.8793,10.5169,10.0891,10.9447
PRAS40_pT246,17.1387,10.4635,10.0891,10.8378
PRAS40_pT246,17.3982,10.4635,10.0891,10.8378
PRAS40_pT246,17.6576,10.41,9.98217,10.8378
PRAS40_pT246,17.9171,10.303,9.87522,10.7308
PRAS40_pT246,18.1765,10.303,9.87522,10.7308
PRAS40_pT246,18.436,10.303,9.87522,10.7308
PRAS40_pT246,18.6955,10.303,9.87522,10.7308
PRAS40_pT246,18.9549,10.2496,9.87522,10.6239
PRAS40_pT246,19.2144,10.1961,9.76827,10.6239
PRAS40_pT246,19.4738,10.1426,9.76827,10.5169
PRAS40_pT246,19.7333,10.1426,9.76827,10.5169
PRAS40_pT246,19.9927,10.0891,9.66132,10.5169
PRAS40_pT246,20.2522,10.0891,9.66132,10.5169
PRAS40_pT246,20.5116,10.0891,9.66132,10.5169
PRAS40_pT246,20.7711,10.0357,9.66132,10.41
PRAS40_pT246,21.0306,9.98217,9.55437,10.41
PRAS40_pT246,21.29,9.98217,9.55437,10.41
PRAS40_pT246,21.5495,9.98217,9.55437,10.41
PRAS40_pT246,21.8089,9.9287,9.55437,10.303
PRAS40_pT246,22.0684,9.9287,9.55437,10.303
PRAS40_pT246,22.3278,9.87522,9.44742,10.303
PRAS40_pT246,22.5873,9.82175,9.44742,10.1961
PRAS40_pT246,22.8467,9.82175,9.44742,10.1961
PRAS40_pT246,23.1062,9.76827,9.34047,10.1961
PRAS40_pT246,23.3656,9.76827,9.34047,10.1961
PRAS40_pT246,23.6251,9.76827,9.34047,10.1961
PRAS40_pT246,23.8846,9.76827,9.34047,10.1961
PRAS40_pT246,24.144,9.76827,9.34047,10.1961
PRAS40_pT246,24.4035,9.76827,9.34047,10.1961
PRAS40_pT246,24.6629,9.76827,9.34047,10.1961
PRAS40_pT246,24.9224,9.76827,9.34047,10.1961
PRAS40_pT246,25.1818,9.7148,9.34047,10.0891
PRAS40_pT246,25.4413,9.7148,9.34047,10.0891
PRAS40_pT246,25.7007,9.7148,9.34047,10.0891
PRAS40_pT246,25.9602,9.7148,9.34047,10.0891
PRAS40_pT246,26.2196,9.7148,9.34047,10.0891
PRAS40_pT246,26.4791,9.7148,9.34047,10.0891
PRAS40_pT246,26.7386,9.66132,9.23352,10.0891
PRAS40_pT246,26.998,9.66132,9.23352,10.0891
PRAS40_pT246,27.2575,9.66132,9.23352,10.0891
PRAS40_pT246,27.5169,9.66132,9.23352,10.0891
PRAS40_pT246,27.7764,9.66132,9.23352,10.0891
PRAS40_pT246,28.0358,9.60785,9.23352,9.98217
PRAS40_pT246,28.2953,9.60785,9.23352,9.98217
PRAS40_pT246,28.5547,9.60785,9.23352,9.98217
PRAS40_pT246,28.8142,9.60785,9.23352,9.98217
PRAS40_pT246,29.0737,9.60785,9.23352,9.98217
PRAS40_pT246,29.3331,9.60785,9.23352,9.98217
PRAS40_pT246,29.5926,9.55437,9.23352,9.87522
PRAS40_pT246,29.852,9.60785,9.34047,9.87522
PRAS40_pT246,30.1115,9.66132,9.44742,9.87522
PRAS40_pT246,30.3709,9.7148,9.44742,9.98217
PRAS40_pT246,30.6304,9.76827,9.55437,9.98217
PRAS40_pT246,30.8898,9.76827,9.55437,9.98217
PRAS40_pT246,31.1493,9.7148,9.44742,9.98217
PRAS40_pT246,31.4087,9.7148,9.44742,9.98217
PRAS40_pT246,31.6682,9.66132,9.44742,9.87522
PRAS40_pT246,31.9277,9.60785,9.34047,9.87522
PRAS40_pT246,32.1871,9.60785,9.34047,9.87522
PRAS40_pT246,32.4466,9.55437,9.23352,9.87522
PRAS40_pT246,32.706,9.55437,9.23352,9.87522
PRAS40_pT246,32.9655,9.55437,9.23352,9.87522
PRAS40_pT246,33.2249,9.55437,9.23352,9.87522
PRAS40_pT246,33.4844,9.55437,9.23352,9.87522
PRAS40_pT246,33.7438,9.55437,9.23352,9.87522
PRAS40_pT246,34.0033,9.55437,9.23352,9.87522
PRAS40_pT246,34.2627,9.55437,9.23352,9.87522
PRAS40_pT246,34.5222,9.55437,9.23352,9.87522
PRAS40_pT246,34.7817,9.55437,9.23352,9.87522
PRAS40_pT246,35.0411,9.55437,9.23352,9.87522
PRAS40_pT246,35.3006,9.55437,9.23352,9.87522
PRAS40_pT246,35.56,9.55437,9.23352,9.87522
PRAS40_pT246,35.8195,9.55437,9.23352,9.87522
PRAS40_pT246,36.0789,9.55437,9.23352,9.87522
PRAS40_pT246,36.3384,9.55437,9.23352,9.87522
PRAS40_pT246,36.5978,9.55437,9.23352,9.87522
PRAS40_pT246,36.8573,9.55437,9.23352,9.87522
PRAS40_pT246,37.1168,9.55437,9.23352,9.87522
PRAS40_pT246,37.3762,9.55437,9.23352,9.87522
PRAS40_pT246,37.6357,9.55437,9.23352,9.87522
PRAS40_pT246,37.8951,9.55437,9.23352,9.87522
PRAS40_pT246,38.1546,9.55437,9.23352,9.87522
PRAS40_pT246,38.414,9.55437,9.23352,9.87522
PRAS40_pT246,38.6735,9.55437,9.23352,9.87522
PRAS40_pT246,38.9329,9.55437,9.23352,9.87522
PRAS40_pT246,39.1924,9.55437,9.23352,9.87522
PRAS40_pT246,39.4518,9.55437,9.23352,9.87522
PRAS40_pT246,39.7113,9.55437,9.23352,9.87522
PRAS40_pT246,39.9708,9.55437,9.23352,9.87522
PRAS40_pT246,40.2302,9.55437,9.23352,9.87522
PRAS40_pT246,40.4897,9.55437,9.23352,9.87522
PRAS40_pT246,40.7491,9.55437,9.23352,9.87522
PRAS40_pT246,41.0086,9.55437,9.23352,9.87522
PRAS40_pT246,41.268,9.55437,9.23352,9.87522
PRAS40_pT246,41.5275,9.55437,9.23352,9.87522
PRAS40_pT246,41.7869,9.55437,9.23352,9.87522
PRAS40_pT246,42.0464,9.55437,9.23352,9.87522
PRAS40_pT246,42.3058,9.55437,9.23352,9.87522
PRAS40_pT246,42.5653,9.55437,9.23352,9.87522
PRAS40_pT246,42.8248,9.55437,9.23352,9.87522
PRAS40_pT246,43.0842,9.55437,9.23352,9.87522
PRAS40_pT246,43.3437,9.55437,9.23352,9.87522
PRAS40_pT246,43.6031,9.55437,9.23352,9.87522
PRAS40_pT246,43.8626,9.55437,9.23352,9.87522
PRAS40_pT246,44.122,9.55437,9.23352,9.87522
PRAS40_pT246,44.3815,9.55437,9.23352,9.87522
PRAS40_pT246,44.6409,9.55437,9.23352,9.87522
PRAS40_pT246,44.9004,9.55437,9.23352,9.87522
PRAS40_pT246,45.1599,9.55437,9.23352,9.87522
PRAS40_pT246,45.4193,9.55437,9.23352,9.87522
PRAS40_pT246,45.6788,9.55437,9.23352,9.87522
PRAS40_pT246,45.9382,9.55437,9.23352,9.87522
PRAS40_pT246,46.1977,9.55437,9.23352,9.87522
PRAS40_pT246,46.4571,9.55437,9.23352,9.87522
PRAS40_pT246,46.7166,9.55437,9.23352,9.87522
PRAS40_pT246,46.976,9.55437,9.23352,9.87522
PRAS40_pT246,47.2355,9.55437,9.23352,9.87522
PRAS40_pT246,47.4949,9.55437,9.23352,9.87522
PRAS40_pT246,47.7544,9.55437,9.23352,9.87522
PRAS40_pT246,48.0139,9.55437,9.23352,9.87522
PRAS40_pT246,48.2733,9.55437,9.23352,9.87522
PRAS40_pT246,48.5328,9.55437,9.23352,9.87522
PRAS40_pT246,48.7922,9.55437,9.23352,9.87522
PRAS40_pT246,49.0517,9.55437,9.23352,9.87522
PRAS40_pT246,49.3111,9.55437,9.23352,9.87522
PRAS40_pT246,49.5706,9.55437,9.23352,9.87522
PRAS40_pT246,49.83,9.55437,9.23352,9.87522
PRAS40_pT246,50.0895,9.55437,9.23352,9.87522
PRAS40_pT246,50.3489,9.55437,9.23352,9.87522
PRAS40_pT246,50.6084,9.55437,9.23352,9.87522
PRAS40_pT246,50.8679,9.55437,9.23352,9.87522
PRAS40_pT246,51.1273,9.55437,9.23352,9.87522
PRAS40_pT246,51.3868,9.55437,9.23352,9.87522
PRAS40_pT246,51.6462,9.55437,9.23352,9.87522
PRAS40_pT246,51.9057,9.55437,9.23352,9.87522
PRAS40_pT246,52.1651,9.55437,9.23352,9.87522
PRAS40_pT246,52.4246,9.55437,9.23352,9.87522
PRAS40_pT246,52.684,9.55437,9.23352,9.87522
PRAS40_pT246,52.9435,9.55437,9.23352,9.87522
PRAS40_pT246,53.203,9.55437,9.23352,9.87522
PRAS40_pT246,53.4624,9.55437,9.23352,9.87522
PRAS40_pT246,53.7219,9.55437,9.23352,9.87522
PRAS40_pT246,53.9813,9.55437,9.23352,9.87522
PRAS40_pT246,54.2408,9.55437,9.23352,9.87522
PRAS40_pT246,54.5002,9.55437,9.23352,9.87522
PRAS40_pT246,54.7597,9.55437,9.23352,9.87522
PRAS40_pT246,55.0191,9.55437,9.23352,9.87522
PRAS40_pT246,55.2786,9.55437,9.23352,9.87522
PRAS40_pT246,55.538,9.55437,9.23352,9.87522
PRAS40_pT246,55.7975,9.55437,9.23352,9.87522
PRAS40_pT246,56.057,9.55437,9.23352,9.87522
PRAS40_pT246,56.3164,9.55437,9.23352,9.87522
PRAS40_pT246,56.5759,9.55437,9.23352,9.87522
PRAS40_pT246,56.8353,9.55437,9.23352,9.87522
PRAS40_pT246,57.0948,9.55437,9.23352,9.87522
PRAS40_pT246,57.3542,9.55437,9.23352,9.87522
PRAS40_pT246,57.6137,9.55437,9.23352,9.87522
PRAS40_pT246,57.8731,9.55437,9.23352,9.87522
PRAS40_pT246,58.1326,9.55437,9.23352,9.87522
PRAS40_pT246,58.392,9.55437,9.23352,9.87522
PRAS40_pT246,58.6515,9.55437,9.23352,9.87522
PRAS40_pT246,58.911,9.55437,9.23352,9.87522
PRAS40_pT246,59.1704,9.55437,9.23352,9.87522
PRAS40_pT246,59.4299,9.55437,9.23352,9.87522
PRAS40_pT246,59.6893,9.55437,9.23352,9.87522
PRAS40_pT246,59.9488,9.5009,9.12657,9.87522
PRAS40_pT246,60.2082,9.55437,9.12657,9.98217
PRAS40_pT246,60.4677,9.5009,9.01962,9.98217
PRAS40_pT246,60.7271,9.55437,9.12657,9.98217
PRAS40_pT246,60.9866,9.55437,9.12657,9.98217
PRAS40_pT246,61.246,9.55437,9.12657,9.98217
PRAS40_pT246,61.5055,9.55437,9.12657,9.98217
PRAS40_pT246,61.765,9.55437,9.12657,9.98217
PRAS40_pT246,62.0244,9.60785,9.23352,9.98217
PRAS40_pT246,62.2839,9.55437,9.23352,9.87522
PRAS40_pT246,62.5433,9.55437,9.23352,9.87522
PRAS40_pT246,62.8028,9.55437,9.23352,9.87522
PRAS40_pT246,63.0622,9.55437,9.23352,9.87522
PRAS40_pT246,63.3217,9.55437,9.23352,9.87522
PRAS40_pT246,63.5811,9.55437,9.23352,9.87522
PRAS40_pT246,63.8406,9.55437,9.23352,9.87522
PRAS40_pT246,64.1001,9.55437,9.23352,9.87522
PRAS40_pT246,64.3595,9.55437,9.23352,9.87522
PRAS40_pT246,64.619,9.55437,9.23352,9.87522
PRAS40_pT246,64.8784,9.55437,9.23352,9.87522
PRAS40_pT246,65.1379,9.55437,9.23352,9.87522
PRAS40_pT246,65.3973,9.55437,9.23352,9.87522
PRAS40_pT246,65.6568,9.55437,9.23352,9.87522
PRAS40_pT246,65.9162,9.55437,9.23352,9.87522
PRAS40_pT246,66.1757,9.55437,9.23352,9.87522
PRAS40_pT246,66.4351,9.55437,9.23352,9.87522
PRAS40_pT246,66.6946,9.55437,9.23352,9.87522
PRAS40_pT246,66.9541,9.55437,9.23352,9.87522
PRAS40_pT246,67.2135,9.55437,9.23352,9.87522
PRAS40_pT246,67.473,9.55437,9.23352,9.87522
PRAS40_pT246,67.7324,9.55437,9.23352,9.87522
PRAS40_pT246,67.9919,9.55437,9.23352,9.87522
PRAS40_pT246,68.2513,9.55437,9.23352,9.87522
PRAS40_pT246,68.5108,9.55437,9.23352,9.87522
PRAS40_pT246,68.7702,9.55437,9.23352,9.87522
PRAS40_pT246,69.0297,9.55437,9.23352,9.87522
PRAS40_pT246,69.2891,9.55437,9.23352,9.87522
PRAS40_pT246,69.5486,9.55437,9.23352,9.87522
PRAS40_pT246,69.8081,9.55437,9.23352,9.87522
PRAS40_pT246,70.0675,9.55437,9.23352,9.87522
PRAS40_pT246,70.327,9.55437,9.23352,9.87522
PRAS40_pT246,70.5864,9.55437,9.23352,9.87522
PRAS40_pT246,70.8459,9.55437,9.23352,9.87522
PRAS40_pT246,71.1053,9.55437,9.23352,9.87522
PRAS40_pT246,71.3648,9.55437,9.23352,9.87522
PRAS40_pT246,71.6242,9.55437,9.23352,9.87522
PRAS40_pT246,71.8837,9.55437,9.23352,9.87522
PRAS40_pT246,72.1432,9.55437,9.23352,9.87522
PRAS40_pT246,72.4026,9.55437,9.23352,9.87522
PRAS40_pT246,72.6621,9.55437,9.23352,9.87522
PRAS40_pT246,72.9215,9.55437,9.23352,9.87522
PRAS40_pT246,73.181,9.55437,9.23352,9.87522
PRAS40_pT246,73.4404,9.55437,9.23352,9.87522
PRAS40_pT246,73.6999,9.55437,9.23352,9.87522
PRAS40_pT246,73.9593,9.55437,9.23352,9.87522
PRAS40_pT246,74.2188,9.55437,9.23352,9.87522
PRAS40_pT246,74.4782,9.55437,9.23352,9.87522
PRAS40_pT246,74.7377,9.55437,9.23352,9.87522
PRAS40_pT246,74.9972,9.55437,9.23352,9.87522
PRAS40_pT246,75.2566,9.55437,9.23352,9.87522
PRAS40_pT246,75.5161,9.55437,9.23352,9.87522
PRAS40_pT246,75.7755,9.55437,9.23352,9.87522
PRAS40_pT246,76.035,9.55437,9.23352,9.87522
PRAS40_pT246,76.2944,9.55437,9.23352,9.87522
PRAS40_pT246,76.5539,9.55437,9.23352,9.87522
PRAS40_pT246,76.8133,9.55437,9.23352,9.87522
PRAS40_pT246,77.0728,9.55437,9.23352,9.87522
PRAS40_pT246,77.3322,9.55437,9.23352,9.87522
PRAS40_pT246,77.5917,9.55437,9.23352,9.87522
PRAS40_pT246,77.8512,9.55437,9.23352,9.87522
PRAS40_pT246,78.1106,9.55437,9.23352,9.87522
PRAS40_pT246,78.3701,9.55437,9.23352,9.87522
PRAS40_pT246,78.6295,9.55437,9.23352,9.87522
PRAS40_pT246,78.889,9.55437,9.23352,9.87522
PRAS40_pT246,79.1484,9.55437,9.23352,9.87522
PRAS40_pT246,79.4079,9.55437,9.23352,9.87522
PRAS40_pT246,79.6673,9.55437,9.23352,9.87522
PRAS40_pT246,79.9268,9.55437,9.23352,9.87522
PRAS40_pT246,80.1863,9.55437,9.23352,9.87522
PRAS40_pT246,80.4457,9.55437,9.23352,9.87522
PRAS40_pT246,80.7052,9.55437,9.23352,9.87522
PRAS40_pT246,80.9646,9.55437,9.23352,9.87522
PRAS40_pT246,81.2241,9.55437,9.23352,9.87522
PRAS40_pT246,81.4835,9.55437,9.23352,9.87522
PRAS40_pT246,81.743,9.55437,9.23352,9.87522
PRAS40_pT246,82.0024,9.55437,9.23352,9.87522
PRAS40_pT246,82.2619,9.55437,9.23352,9.87522
PRAS40_pT246,82.5213,9.55437,9.23352,9.87522
PRAS40_pT246,82.7808,9.55437,9.23352,9.87522
PRAS40_pT246,83.0403,9.55437,9.23352,9.87522
PRAS40_pT246,83.2997,9.55437,9.23352,9.87522
PRAS40_pT246,83.5592,9.55437,9.23352,9.87522
PRAS40_pT246,83.8186,9.55437,9.23352,9.87522
PRAS40_pT246,84.0781,9.55437,9.23352,9.87522
PRAS40_pT246,84.3375,9.55437,9.23352,9.87522
PRAS40_pT246,84.597,9.55437,9.23352,9.87522
PRAS40_pT246,84.8564,9.55437,9.23352,9.87522
PRAS40_pT246,85.1159,9.55437,9.23352,9.87522
PRAS40_pT246,85.3753,9.55437,9.23352,9.87522
PRAS40_pT246,85.6348,9.55437,9.23352,9.87522
PRAS40_pT246,85.8943,9.55437,9.23352,9.87522
PRAS40_pT246,86.1537,9.55437,9.23352,9.87522
PRAS40_pT246,86.4132,9.55437,9.23352,9.87522
PRAS40_pT246,86.6726,9.55437,9.23352,9.87522
PRAS40_pT246,86.9321,9.55437,9.23352,9.87522
PRAS40_pT246,87.1915,9.55437,9.23352,9.87522
PRAS40_pT246,87.451,9.55437,9.23352,9.87522
PRAS40_pT246,87.7104,9.55437,9.23352,9.87522
PRAS40_pT246,87.9699,9.55437,9.23352,9.87522
PRAS40_pT246,88.2294,9.55437,9.23352,9.87522
PRAS40_pT246,88.4888,9.55437,9.23352,9.87522
PRAS40_pT246,88.7483,9.55437,9.23352,9.87522
PRAS40_pT246,89.0077,9.55437,9.23352,9.87522
PRAS40_pT246,89.2672,9.55437,9.23352,9.87522
PRAS40_pT246,89.5266,9.55437,9.23352,9.87522
PRAS40_pT246,89.7861,9.55437,9.23352,9.87522
PRAS40_pT246,90.0455,9.55437,9.23352,9.87522
PRAS40_pT246,90.305,9.55437,9.23352,9.87522
PRAS40_pT246,90.5644,9.55437,9.23352,9.87522
PRAS40_pT246,90.8239,9.55437,9.23352,9.87522
PRAS40_pT246,91.0834,9.55437,9.23352,9.87522
PRAS40_pT246,91.3428,9.55437,9.23352,9.87522
PRAS40_pT246,91.6023,9.55437,9.23352,9.87522
PRAS40_pT246,91.8617,9.55437,9.23352,9.87522
PRAS40_pT246,92.1212,9.55437,9.23352,9.87522
PRAS40_pT246,92.3806,9.55437,9.23352,9.87522
PRAS40_pT246,92.6401,9.55437,9.23352,9.87522
PRAS40_pT246,92.8995,9.55437,9.23352,9.87522
PRAS40_pT246,93.159,9.55437,9.23352,9.87522
PRAS40_pT246,93.4184,9.55437,9.23352,9.87522
PRAS40_pT246,93.6779,9.55437,9.23352,9.87522
PRAS40_pT246,93.9374,9.55437,9.23352,9.87522
PRAS40_pT246,94.1968,9.55437,9.23352,9.87522
PRAS40_pT246,94.4563,9.55437,9.23352,9.87522
PRAS40_pT246,94.7157,9.55437,9.23352,9.87522
PRAS40_pT246,94.9752,9.55437,9.23352,9.87522
PRAS40_pT246,95.2346,9.55437,9.23352,9.87522
PRAS40_pT246,95.4941,9.55437,9.23352,9.87522
PRAS40_pT246,95.7535,9.55437,9.23352,9.87522
PRAS40_pT246,96.013,9.55437,9.23352,9.87522
PRAS40_pT246,96.2725,9.55437,9.23352,9.87522
PRAS40_pT246,96.5319,9.55437,9.23352,9.87522
PRAS40_pT246,96.7914,9.55437,9.23352,9.87522
PRAS40_pT246,97.0508,9.55437,9.23352,9.87522
PRAS40_pT246,97.3103,9.55437,9.23352,9.87522
PRAS40_pT246,97.5697,9.55437,9.23352,9.87522
PRAS40_pT246,97.8292,9.55437,9.23352,9.87522
PRAS40_pT246,98.0886,9.55437,9.23352,9.87522
PRAS40_pT246,98.3481,9.55437,9.23352,9.87522
PRAS40_pT246,98.6075,9.55437,9.23352,9.87522
PRAS40_pT246,98.867,9.55437,9.23352,9.87522
PRAS40_pT246,99.1265,9.55437,9.23352,9.87522
PRAS40_pT246,99.3859,9.55437,9.23352,9.87522
PRAS40_pT246,99.6454,9.55437,9.23352,9.87522
PRAS40_pT246,99.9048,9.55437,9.23352,9.87522
PRAS40_pT246,100.164,9.55437,9.23352,9.87522
PRAS40_pT246,100.424,9.55437,9.23352,9.87522
PRAS40_pT246,100.683,9.55437,9.23352,9.87522
PRAS40_pT246,100.943,9.55437,9.23352,9.87522
PRAS40_pT246,101.202,9.55437,9.23352,9.87522
PRAS40_pT246,101.462,9.55437,9.23352,9.87522
PRAS40_pT246,101.721,9.55437,9.23352,9.87522
PRAS40_pT246,101.98,9.55437,9.23352,9.87522
PRAS40_pT246,102.24,9.55437,9.23352,9.87522
PRAS40_pT246,102.499,9.55437,9.23352,9.87522
PRAS40_pT246,102.759,9.55437,9.23352,9.87522
PRAS40_pT246,103.018,9.55437,9.23352,9.87522
PRAS40_pT246,103.278,9.55437,9.23352,9.87522
PRAS40_pT246,103.537,9.55437,9.23352,9.87522
PRAS40_pT246,103.797,9.55437,9.23352,9.87522
PRAS40_pT246,104.056,9.55437,9.23352,9.87522
PRAS40_pT246,104.316,9.55437,9.23352,9.87522
PRAS40_pT246,104.575,9.55437,9.23352,9.87522
PRAS40_pT246,104.834,9.55437,9.23352,9.87522
PRAS40_pT246,105.094,9.55437,9.23352,9.87522
PRAS40_pT246,105.353,9.55437,9.23352,9.87522
PRAS40_pT246,105.613,9.55437,9.23352,9.87522
PRAS40_pT246,105.872,9.55437,9.23352,9.87522
PRAS40_pT246,106.132,9.55437,9.23352,9.87522
PRAS40_pT246,106.391,9.55437,9.23352,9.87522
PRAS40_pT246,106.651,9.55437,9.23352,9.87522
PRAS40_pT246,106.91,9.55437,9.23352,9.87522
PRAS40_pT246,107.17,9.55437,9.23352,9.87522
PRAS40_pT246,107.429,9.55437,9.23352,9.87522
PRAS40_pT246,107.688,9.55437,9.23352,9.87522
PRAS40_pT246,107.948,9.55437,9.23352,9.87522
PRAS40_pT246,108.207,9.55437,9.23352,9.87522
PRAS40_pT246,108.467,9.55437,9.23352,9.87522
PRAS40_pT246,108.726,9.55437,9.23352,9.87522
PRAS40_pT246,108.986,9.55437,9.23352,9.87522
PRAS40_pT246,109.245,9.55437,9.23352,9.87522
PRAS40_pT246,109.505,9.55437,9.23352,9.87522
PRAS40_pT246,109.764,9.55437,9.23352,9.87522
PRAS40_pT246,110.024,9.55437,9.23352,9.87522
PRAS40_pT246,110.283,9.55437,9.23352,9.87522
PRAS40_pT246,110.542,9.55437,9.23352,9.87522
PRAS40_pT246,110.802,9.55437,9.23352,9.87522
PRAS40_pT246,111.061,9.55437,9.23352,9.87522
PRAS40_pT246,111.321,9.55437,9.23352,9.87522
PRAS40_pT246,111.58,9.55437,9.23352,9.87522
PRAS40_pT246,111.84,9.55437,9.23352,9.87522
PRAS40_pT246,112.099,9.55437,9.23352,9.87522
PRAS40_pT246,112.359,9.55437,9.23352,9.87522
PRAS40_pT246,112.618,9.55437,9.23352,9.87522
PRAS40_pT246,112.878,9.55437,9.23352,9.87522
PRAS40_pT246,113.137,9.55437,9.23352,9.87522
PRAS40_pT246,113.396,9.55437,9.23352,9.87522
PRAS40_pT246,113.656,9.55437,9.23352,9.87522
PRAS40_pT246,113.915,9.55437,9.23352,9.87522
PRAS40_pT246,114.175,9.55437,9.23352,9.87522
PRAS40_pT246,114.434,9.55437,9.23352,9.87522
PRAS40_pT246,114.694,9.55437,9.23352,9.87522
PRAS40_pT246,114.953,9.55437,9.23352,9.87522
PRAS40_pT246,115.213,9.55437,9.23352,9.87522
PRAS40_pT246,115.472,9.55437,9.23352,9.87522
PRAS40_pT246,115.732,9.55437,9.23352,9.87522
PRAS40_pT246,115.991,9.55437,9.23352,9.87522
PRAS40_pT246,116.25,9.55437,9.23352,9.87522
PRAS40_pT246,116.51,9.55437,9.23352,9.87522
PRAS40_pT246,116.769,9.55437,9.23352,9.87522
PRAS40_pT246,117.029,9.55437,9.23352,9.87522
PRAS40_pT246,117.288,9.55437,9.23352,9.87522
PRAS40_pT246,117.548,9.55437,9.23352,9.87522
PRAS40_pT246,117.807,9.55437,9.23352,9.87522
PRAS40_pT246,118.067,9.55437,9.23352,9.87522
PRAS40_pT246,118.326,9.55437,9.23352,9.87522
PRAS40_pT246,118.586,9.55437,9.23352,9.87522
PRAS40_pT246,118.845,9.55437,9.23352,9.87522
PRAS40_pT246,119.104,9.55437,9.23352,9.87522
PRAS40_pT246,119.364,9.55437,9.23352,9.87522
PRAS40_pT246,119.623,9.55437,9.23352,9.87522
PRAS40_pT246,119.883,9.55437,9.23352,9.87522
PRAS40_pT246,120,9.60785,9.34047,9.87522
PRAS40_pT246,120,9.55437,9.34047,9.76827
S6K_pT389,4.29572,6.02092,5.62404,6.4178
S6K_pT389,4.55517,6.15322,5.35945,6.94698
S6K_pT389,4.81463,6.28551,5.35945,7.21157
S6K_pT389,5.07408,6.15322,5.35945,6.94698
S6K_pT389,5.33354,6.02092,5.35945,6.68239
S6K_pT389,5.59299,6.15322,6.15322,6.15322
S6K_pT389,5.85245,11.445,10.122,12.7679
S6K_pT389,6.1119,11.5773,9.85745,13.2971
S6K_pT389,6.37135,12.2387,10.122,14.3555
S6K_pT389,6.63081,13.0325,10.122,15.943
S6K_pT389,6.89026,13.2971,10.122,16.4722
S6K_pT389,7.14972,14.0909,10.3866,17.7951
S6K_pT389,7.40917,14.7523,10.6512,18.8535
S6K_pT389,7.66863,15.0169,10.9158,19.118
S6K_pT389,7.92808,16.0753,11.445,20.7056
S6K_pT389,8.18754,17.2659,12.5033,22.0285
S6K_pT389,8.44699,17.9274,13.0325,22.8223
S6K_pT389,8.70645,18.9857,14.0909,23.8806
S6K_pT389,8.9659,19.7795,15.1492,24.4098
S6K_pT389,9.22536,20.5733,16.2076,24.939
S6K_pT389,9.48481,21.7639,17.5305,25.9973
S6K_pT389,9.74427,22.5577,18.5889,26.5265
S6K_pT389,10.0037,24.6744,21.4993,27.8495
S6K_pT389,10.2632,25.6005,22.8223,28.3786
S6K_pT389,10.5226,26.2619,23.616,28.9078
S6K_pT389,10.7821,27.188,24.6744,29.7016
S6K_pT389,11.0415,27.7172,25.4682,29.9662
S6K_pT389,11.301,28.2463,25.9973,30.4953
S6K_pT389,11.5605,28.7755,26.2619,31.2891
S6K_pT389,11.8199,29.1724,26.5265,31.8183
S6K_pT389,12.0794,29.5693,26.7911,32.3475
S6K_pT389,12.3388,29.9662,27.0557,32.8766
S6K_pT389,12.5983,30.363,27.5849,33.1412
S6K_pT389,12.8577,31.0245,28.6432,33.4058
S6K_pT389,13.1172,31.686,29.437,33.935
S6K_pT389,13.3766,32.0829,29.9662,34.1996
S6K_pT389,13.6361,32.612,30.4953,34.7287
S6K_pT389,13.8955,32.7443,30.7599,34.7287
S6K_pT389,14.155,33.2735,31.2891,35.2579
S6K_pT389,14.4145,33.6704,31.8183,35.5225
S6K_pT389,14.6739,33.935,32.3475,35.5225
S6K_pT389,14.9334,34.3319,32.8766,35.7871
S6K_pT389,15.1928,34.4642,33.1412,35.7871
S6K_pT389,15.4523,34.7287,33.4058,36.0517
S6K_pT389,15.7117,34.9933,33.935,36.0517
S6K_pT389,15.9712,35.1256,34.1996,36.0517
S6K_pT389,16.2306,35.3902,34.7287,36.0517
S6K_pT389,16.4901,35.3902,34.7287,36.0517
S6K_pT389,16.7495,35.5225,34.9933,36.0517
S6K_pT389,17.009,35.5225,34.9933,36.0517
S6K_pT389,17.2685,35.6548,34.9933,36.3163
S6K_pT389,17.5279,36.0517,35.2579,36.8455
S6K_pT389,17.7874,36.4486,35.5225,37.3746
S6K_pT389,18.0468,36.5809,35.7871,37.3746
S6K_pT389,18.3063,36.7132,35.7871,37.6392
S6K_pT389,18.5657,36.7132,35.7871,37.6392
S6K_pT389,18.8252,36.7132,35.7871,37.6392
S6K_pT389,19.0846,36.8455,35.7871,37.9038
S6K_pT389,19.3441,36.9777,36.0517,37.9038
S6K_pT389,19.6036,37.11,36.0517,38.1684
S6K_pT389,19.863,37.11,36.0517,38.1684
S6K_pT389,20.1225,37.11,36.0517,38.1684
S6K_pT389,20.3819,37.11,36.0517,38.1684
S6K_pT389,20.6414,37.2423,36.0517,38.433
S6K_pT389,20.9008,37.2423,36.0517,38.433
S6K_pT389,21.1603,37.3746,36.3163,38.433
S6K_pT389,21.4197,37.3746,36.3163,38.433
S6K_pT389,21.6792,37.3746,36.3163,38.433
S6K_pT389,21.9386,37.3746,36.3163,38.433
S6K_pT389,22.1981,37.3746,36.3163,38.433
S6K_pT389,22.4576,37.3746,36.3163,38.433
S6K_pT389,22.717,37.3746,36.3163,38.433
S6K_pT389,22.9765,37.3746,36.3163,38.433
S6K_pT389,23.2359,37.3746,36.3163,38.433
S6K_pT389,23.4954,37.3746,36.3163,38.433
S6K_pT389,23.7548,37.3746,36.3163,38.433
S6K_pT389,24.0143,37.3746,36.3163,38.433
S6K_pT389,24.2737,37.3746,36.3163,38.433
S6K_pT389,24.5332,37.3746,36.3163,38.433
S6K_pT389,24.7926,37.3746,36.3163,38.433
S6K_pT389,25.0521,37.3746,36.3163,38.433
S6K_pT389,25.3116,37.3746,36.3163,38.433
S6K_pT389,25.571,37.3746,36.3163,38.433
S6K_pT389,25.8305,37.3746,36.3163,38.433
S6K_pT389,26.0899,37.3746,36.3163,38.433
S6K_pT389,26.3494,37.3746,36.3163,38.433
S6K_pT389,26.6088,37.3746,36.3163,38.433
S6K_pT389,26.8683,37.3746,36.3163,38.433
S6K_pT389,27.1277,37.3746,36.3163,38.433
S6K_pT389,27.3872,37.3746,36.3163,38.433
S6K_pT389,27.6467,37.3746,36.3163,38.433
S6K_pT389,27.9061,37.3746,36.3163,38.433
S6K_pT389,28.1656,37.3746,36.3163,38.433
S6K_pT389,28.425,37.3746,36.3163,38.433
S6K_pT389,28.6845,37.3746,36.3163,38.433
S6K_pT389,28.9439,37.2423,36.0517,38.433
S6K_pT389,29.2034,37.2423,36.0517,38.433
S6K_pT389,29.4628,37.2423,36.0517,38.433
S6K_pT389,29.7223,37.3746,36.3163,38.433
S6K_pT389,29.9817,37.3746,36.3163,38.433
S6K_pT389,30.2412,37.3746,36.3163,38.433
S6K_pT389,30.5007,37.3746,36.5809,38.1684
S6K_pT389,30.7601,37.3746,36.5809,38.1684
S6K_pT389,31.0196,37.3746,36.5809,38.1684
S6K_pT389,31.279,37.3746,36.5809,38.1684
S6K_pT389,31.5385,37.3746,36.5809,38.1684
S6K_pT389,31.7979,37.3746,36.5809,38.1684
S6K_pT389,32.0574,37.3746,36.5809,38.1684
S6K_pT389,32.3168,37.2423,36.3163,38.1684
S6K_pT389,32.5763,37.2423,36.3163,38.1684
S6K_pT389,32.8357,37.2423,36.3163,38.1684
S6K_pT389,33.0952,37.2423,36.3163,38.1684
S6K_pT389,33.3547,37.2423,36.3163,38.1684
S6K_pT389,33.6141,37.11,36.0517,38.1684
S6K_pT389,33.8736,37.11,36.0517,38.1684
S6K_pT389,34.133,37.11,36.0517,38.1684
S6K_pT389,34.3925,37.11,36.0517,38.1684
S6K_pT389,34.6519,37.11,36.0517,38.1684
S6K_pT389,34.9114,37.11,36.0517,38.1684
S6K_pT389,35.1708,37.11,36.0517,38.1684
S6K_pT389,35.4303,37.11,36.0517,38.1684
S6K_pT389,35.6897,37.11,36.0517,38.1684
S6K_pT389,35.9492,37.11,36.0517,38.1684
S6K_pT389,36.2087,37.11,36.0517,38.1684
S6K_pT389,36.4681,36.9777,36.0517,37.9038
S6K_pT389,36.7276,36.9777,36.0517,37.9038
S6K_pT389,36.987,36.9777,36.0517,37.9038
S6K_pT389,37.2465,36.9777,36.0517,37.9038
S6K_pT389,37.5059,36.9777,36.0517,37.9038
S6K_pT389,37.7654,36.9777,36.0517,37.9038
S6K_pT389,38.0248,36.9777,36.0517,37.9038
S6K_pT389,38.2843,36.9777,36.0517,37.9038
S6K_pT389,38.5438,36.9777,36.0517,37.9038
S6K_pT389,38.8032,36.9777,36.0517,37.9038
S6K_pT389,39.0627,36.9777,36.0517,37.9038
S6K_pT389,39.3221,36.9777,36.0517,37.9038
S6K_pT389,39.5816,36.9777,36.0517,37.9038
S6K_pT389,39.841,36.9777,36.0517,37.9038
S6K_pT389,40.1005,36.9777,36.0517,37.9038
S6K_pT389,40.3599,36.9777,36.0517,37.9038
S6K_pT389,40.6194,36.9777,36.0517,37.9038
S6K_pT389,40.8788,36.9777,36.0517,37.9038
S6K_pT389,41.1383,36.9777,36.0517,37.9038
S6K_pT389,41.3978,36.9777,36.0517,37.9038
S6K_pT389,41.6572,36.9777,36.0517,37.9038
S6K_pT389,41.9167,36.9777,36.0517,37.9038
S6K_pT389,42.1761,36.9777,36.0517,37.9038
S6K_pT389,42.4356,37.11,36.0517,38.1684
S6K_pT389,42.695,37.11,36.0517,38.1684
S6K_pT389,42.9545,37.11,36.0517,38.1684
S6K_pT389,43.2139,37.11,36.0517,38.1684
S6K_pT389,43.4734,37.11,36.0517,38.1684
S6K_pT389,43.7328,37.11,36.0517,38.1684
S6K_pT389,43.9923,36.9777,36.0517,37.9038
S6K_pT389,44.2518,36.9777,36.0517,37.9038
S6K_pT389,44.5112,36.9777,36.3163,37.6392
S6K_pT389,44.7707,36.9777,36.3163,37.6392
S6K_pT389,45.0301,36.9777,36.5809,37.3746
S6K_pT389,47.3652,36.9777,36.5809,37.3746
S6K_pT389,47.6247,36.9777,36.3163,37.6392
S6K_pT389,47.8841,36.9777,36.3163,37.6392
S6K_pT389,48.1436,36.9777,36.3163,37.6392
S6K_pT389,48.403,36.9777,36.0517,37.9038
S6K_pT389,48.6625,36.9777,36.0517,37.9038
S6K_pT389,48.9219,36.9777,36.0517,37.9038
S6K_pT389,49.1814,36.9777,36.0517,37.9038
S6K_pT389,49.4409,36.9777,36.0517,37.9038
S6K_pT389,49.7003,36.9777,36.0517,37.9038
S6K_pT389,49.9598,36.9777,36.0517,37.9038
S6K_pT389,50.2192,36.9777,36.0517,37.9038
S6K_pT389,50.4787,36.9777,36.0517,37.9038
S6K_pT389,50.7381,36.9777,36.0517,37.9038
S6K_pT389,50.9976,36.9777,36.0517,37.9038
S6K_pT389,51.257,36.9777,36.0517,37.9038
S6K_pT389,51.5165,36.9777,36.0517,37.9038
S6K_pT389,51.7759,36.9777,36.0517,37.9038
S6K_pT389,52.0354,36.9777,36.0517,37.9038
S6K_pT389,52.2949,36.9777,36.0517,37.9038
S6K_pT389,52.5543,36.9777,36.0517,37.9038
S6K_pT389,52.8138,36.9777,36.0517,37.9038
S6K_pT389,53.0732,36.9777,36.0517,37.9038
S6K_pT389,53.3327,36.9777,36.0517,37.9038
S6K_pT389,53.5921,36.9777,36.0517,37.9038
S6K_pT389,53.8516,36.9777,36.0517,37.9038
S6K_pT389,54.111,36.9777,36.0517,37.9038
S6K_pT389,54.3705,36.9777,36.0517,37.9038
S6K_pT389,54.63,36.9777,36.0517,37.9038
S6K_pT389,54.8894,36.9777,36.0517,37.9038
S6K_pT389,55.1489,36.9777,36.0517,37.9038
S6K_pT389,55.4083,36.9777,36.0517,37.9038
S6K_pT389,55.6678,36.9777,36.0517,37.9038
S6K_pT389,55.9272,36.9777,36.0517,37.9038
S6K_pT389,56.1867,36.9777,36.0517,37.9038
S6K_pT389,56.4461,36.9777,36.0517,37.9038
S6K_pT389,56.7056,36.9777,36.0517,37.9038
S6K_pT389,56.965,37.11,36.0517,38.1684
S6K_pT389,57.2245,36.9777,36.0517,37.9038
S6K_pT389,57.484,36.9777,36.0517,37.9038
S6K_pT389,57.7434,36.9777,36.0517,37.9038
S6K_pT389,58.0029,36.9777,36.0517,37.9038
S6K_pT389,58.2623,36.9777,36.0517,37.9038
S6K_pT389,58.5218,36.9777,36.0517,37.9038
S6K_pT389,58.7812,36.9777,36.0517,37.9038
S6K_pT389,59.0407,36.9777,36.0517,37.9038
S6K_pT389,59.3001,37.11,36.3163,37.9038
S6K_pT389,59.5596,36.9777,36.3163,37.6392
S6K_pT389,59.819,36.9777,36.5809,37.3746
S6K_pT389,62.6731,36.9777,36.3163,37.6392
S6K_pT389,62.9325,37.11,36.3163,37.9038
S6K_pT389,63.192,36.9777,36.0517,37.9038
S6K_pT389,63.4514,36.9777,36.0517,37.9038
S6K_pT389,63.7109,36.9777,36.0517,37.9038
S6K_pT389,63.9703,36.9777,36.0517,37.9038
S6K_pT389,64.2298,36.9777,36.0517,37.9038
S6K_pT389,64.4892,36.9777,36.0517,37.9038
S6K_pT389,64.7487,36.9777,36.0517,37.9038
S6K_pT389,65.0081,36.9777,36.0517,37.9038
S6K_pT389,65.2676,36.9777,36.0517,37.9038
S6K_pT389,65.5271,36.9777,36.0517,37.9038
S6K_pT389,65.7865,36.9777,36.0517,37.9038
S6K_pT389,66.046,36.9777,36.0517,37.9038
S6K_pT389,66.3054,36.9777,36.0517,37.9038
S6K_pT389,66.5649,36.9777,36.0517,37.9038
S6K_pT389,66.8243,36.9777,36.0517,37.9038
S6K_pT389,67.0838,36.9777,36.0517,37.9038
S6K_pT389,67.3432,36.9777,36.0517,37.9038
S6K_pT389,67.6027,36.9777,36.0517,37.9038
S6K_pT389,67.8621,36.9777,36.0517,37.9038
S6K_pT389,68.1216,36.9777,36.0517,37.9038
S6K_pT389,68.3811,36.9777,36.0517,37.9038
S6K_pT389,68.6405,36.9777,36.0517,37.9038
S6K_pT389,68.9,36.9777,36.0517,37.9038
S6K_pT389,69.1594,36.9777,36.0517,37.9038
S6K_pT389,69.4189,36.9777,36.0517,37.9038
S6K_pT389,69.6783,36.9777,36.0517,37.9038
S6K_pT389,69.9378,36.9777,36.0517,37.9038
S6K_pT389,70.1972,36.9777,36.0517,37.9038
S6K_pT389,70.4567,36.9777,36.0517,37.9038
S6K_pT389,70.7162,36.9777,36.0517,37.9038
S6K_pT389,70.9756,36.9777,36.0517,37.9038
S6K_pT389,71.2351,36.9777,36.0517,37.9038
S6K_pT389,71.4945,36.9777,36.0517,37.9038
S6K_pT389,71.754,36.9777,36.0517,37.9038
S6K_pT389,72.0134,36.9777,36.0517,37.9038
S6K_pT389,72.2729,36.9777,36.0517,37.9038
S6K_pT389,72.5323,36.9777,36.0517,37.9038
S6K_pT389,72.7918,36.9777,36.0517,37.9038
S6K_pT389,73.0512,36.9777,36.0517,37.9038
S6K_pT389,73.3107,36.9777,36.0517,37.9038
S6K_pT389,73.5702,36.9777,36.0517,37.9038
S6K_pT389,73.8296,36.9777,36.0517,37.9038
S6K_pT389,74.0891,36.9777,36.0517,37.9038
S6K_pT389,74.3485,36.9777,36.0517,37.9038
S6K_pT389,74.608,36.9777,36.0517,37.9038
S6K_pT389,74.8674,36.9777,36.0517,37.9038
S6K_pT389,75.1269,36.9777,36.0517,37.9038
S6K_pT389,75.3863,36.9777,36.0517,37.9038
S6K_pT389,75.6458,36.9777,36.0517,37.9038
S6K_pT389,75.9052,36.9777,36.0517,37.9038
S6K_pT389,76.1647,36.9777,36.0517,37.9038
S6K_pT389,76.4242,36.9777,36.0517,37.9038
S6K_pT389,76.6836,36.9777,36.0517,37.9038
S6K_pT389,76.9431,36.9777,36.0517,37.9038
S6K_pT389,77.2025,36.9777,36.0517,37.9038
S6K_pT389,77.462,36.9777,36.0517,37.9038
S6K_pT389,77.7214,36.9777,36.0517,37.9038
S6K_pT389,77.9809,36.9777,36.0517,37.9038
S6K_pT389,78.2403,36.9777,36.0517,37.9038
S6K_pT389,78.4998,36.9777,36.0517,37.9038
S6K_pT389,78.7593,36.9777,36.0517,37.9038
S6K_pT389,79.0187,36.9777,36.0517,37.9038
S6K_pT389,79.2782,36.9777,36.0517,37.9038
S6K_pT389,79.5376,36.9777,36.0517,37.9038
S6K_pT389,79.7971,36.9777,36.0517,37.9038
S6K_pT389,80.0565,36.9777,36.0517,37.9038
S6K_pT389,80.316,36.9777,36.0517,37.9038
S6K_pT389,80.5754,36.9777,36.0517,37.9038
S6K_pT389,80.8349,36.9777,36.0517,37.9038
S6K_pT389,81.0943,36.9777,36.0517,37.9038
S6K_pT389,81.3538,36.9777,36.0517,37.9038
S6K_pT389,81.6133,36.9777,36.0517,37.9038
S6K_pT389,81.8727,36.9777,36.0517,37.9038
S6K_pT389,82.1322,36.9777,36.0517,37.9038
S6K_pT389,82.3916,36.9777,36.0517,37.9038
S6K_pT389,82.6511,36.9777,36.0517,37.9038
S6K_pT389,82.9105,36.9777,36.0517,37.9038
S6K_pT389,83.17,36.9777,36.0517,37.9038
S6K_pT389,83.4294,36.9777,36.0517,37.9038
S6K_pT389,83.6889,36.9777,36.0517,37.9038
S6K_pT389,83.9483,36.9777,36.0517,37.9038
S6K_pT389,84.2078,36.9777,36.0517,37.9038
S6K_pT389,84.4673,36.9777,36.0517,37.9038
S6K_pT389,84.7267,36.9777,36.0517,37.9038
S6K_pT389,84.9862,36.9777,36.0517,37.9038
S6K_pT389,85.2456,36.9777,36.0517,37.9038
S6K_pT389,85.5051,36.9777,36.0517,37.9038
S6K_pT389,85.7645,36.9777,36.0517,37.9038
S6K_pT389,86.024,36.9777,36.0517,37.9038
S6K_pT389,86.2834,36.9777,36.0517,37.9038
S6K_pT389,86.5429,36.9777,36.0517,37.9038
S6K_pT389,86.8023,36.9777,36.0517,37.9038
S6K_pT389,87.0618,36.9777,36.0517,37.9038
S6K_pT389,87.3213,36.9777,36.0517,37.9038
S6K_pT389,87.5807,36.9777,36.0517,37.9038
S6K_pT389,87.8402,36.9777,36.0517,37.9038
S6K_pT389,88.0996,36.9777,36.0517,37.9038
S6K_pT389,88.3591,36.9777,36.0517,37.9038
S6K_pT389,88.6185,36.9777,36.0517,37.9038
S6K_pT389,88.878,36.9777,36.0517,37.9038
S6K_pT389,89.1374,36.9777,36.0517,37.9038
S6K_pT389,89.3969,36.9777,36.0517,37.9038
S6K_pT389,89.6564,36.9777,36.0517,37.9038
S6K_pT389,89.9158,36.9777,36.0517,37.9038
S6K_pT389,90.1753,36.9777,36.0517,37.9038
S6K_pT389,90.4347,36.9777,36.0517,37.9038
S6K_pT389,90.6942,36.9777,36.0517,37.9038
S6K_pT389,90.9536,36.9777,36.0517,37.9038
S6K_pT389,91.2131,36.9777,36.0517,37.9038
S6K_pT389,91.4725,36.9777,36.0517,37.9038
S6K_pT389,91.732,36.9777,36.0517,37.9038
S6K_pT389,91.9914,36.9777,36.0517,37.9038
S6K_pT389,92.2509,36.9777,36.0517,37.9038
S6K_pT389,92.5104,36.9777,36.0517,37.9038
S6K_pT389,92.7698,36.9777,36.0517,37.9038
S6K_pT389,93.0293,36.9777,36.0517,37.9038
S6K_pT389,93.2887,36.9777,36.0517,37.9038
S6K_pT389,93.5482,36.9777,36.0517,37.9038
S6K_pT389,93.8076,36.9777,36.0517,37.9038
S6K_pT389,94.0671,36.9777,36.0517,37.9038
S6K_pT389,94.3265,36.9777,36.0517,37.9038
S6K_pT389,94.586,36.9777,36.0517,37.9038
S6K_pT389,94.8454,36.9777,36.0517,37.9038
S6K_pT389,95.1049,36.9777,36.0517,37.9038
S6K_pT389,95.3644,36.9777,36.0517,37.9038
S6K_pT389,95.6238,36.9777,36.0517,37.9038
S6K_pT389,95.8833,36.9777,36.0517,37.9038
S6K_pT389,96.1427,36.9777,36.0517,37.9038
S6K_pT389,96.4022,36.9777,36.0517,37.9038
S6K_pT389,96.6616,36.9777,36.0517,37.9038
S6K_pT389,96.9211,36.9777,36.0517,37.9038
S6K_pT389,97.1805,36.9777,36.0517,37.9038
S6K_pT389,97.44,36.9777,36.0517,37.9038
S6K_pT389,97.6995,36.9777,36.0517,37.9038
S6K_pT389,97.9589,36.9777,36.0517,37.9038
S6K_pT389,98.2184,36.9777,36.0517,37.9038
S6K_pT389,98.4778,36.9777,36.0517,37.9038
S6K_pT389,98.7373,36.9777,36.0517,37.9038
S6K_pT389,98.9967,36.9777,36.0517,37.9038
S6K_pT389,99.2562,36.9777,36.0517,37.9038
S6K_pT389,99.5156,36.9777,36.0517,37.9038
S6K_pT389,99.7751,36.9777,36.0517,37.9038
S6K_pT389,100.035,36.9777,36.0517,37.9038
S6K_pT389,100.294,36.9777,36.0517,37.9038
S6K_pT389,100.553,36.9777,36.0517,37.9038
S6K_pT389,100.813,36.9777,36.0517,37.9038
S6K_pT389,101.072,36.9777,36.0517,37.9038
S6K_pT389,101.332,36.9777,36.0517,37.9038
S6K_pT389,101.591,36.9777,36.0517,37.9038
S6K_pT389,101.851,36.9777,36.0517,37.9038
S6K_pT389,102.11,36.9777,36.0517,37.9038
S6K_pT389,102.37,36.9777,36.0517,37.9038
S6K_pT389,102.629,36.9777,36.0517,37.9038
S6K_pT389,102.889,36.9777,36.0517,37.9038
S6K_pT389,103.148,36.9777,36.0517,37.9038
S6K_pT389,103.407,36.9777,36.0517,37.9038
S6K_pT389,103.667,36.9777,36.0517,37.9038
S6K_pT389,103.926,36.9777,36.0517,37.9038
S6K_pT389,104.186,36.9777,36.0517,37.9038
S6K_pT389,104.445,36.9777,36.0517,37.9038
S6K_pT389,104.705,36.9777,36.0517,37.9038
S6K_pT389,104.964,36.9777,36.0517,37.9038
S6K_pT389,105.224,36.9777,36.0517,37.9038
S6K_pT389,105.483,36.9777,36.0517,37.9038
S6K_pT389,105.743,36.9777,36.0517,37.9038
S6K_pT389,106.002,36.9777,36.0517,37.9038
S6K_pT389,106.261,36.9777,36.0517,37.9038
S6K_pT389,106.521,36.9777,36.0517,37.9038
S6K_pT389,106.78,36.9777,36.0517,37.9038
S6K_pT389,107.04,36.9777,36.0517,37.9038
S6K_pT389,107.299,36.9777,36.0517,37.9038
S6K_pT389,107.559,36.9777,36.0517,37.9038
S6K_pT389,107.818,36.9777,36.0517,37.9038
S6K_pT389,108.078,36.9777,36.0517,37.9038
S6K_pT389,108.337,36.9777,36.0517,37.9038
S6K_pT389,108.597,36.9777,36.0517,37.9038
S6K_pT389,108.856,36.9777,36.0517,37.9038
S6K_pT389,109.115,36.9777,36.0517,37.9038
S6K_pT389,109.375,36.9777,36.0517,37.9038
S6K_pT389,109.634,36.9777,36.0517,37.9038
S6K_pT389,109.894,36.9777,36.0517,37.9038
S6K_pT389,110.153,36.9777,36.0517,37.9038
S6K_pT389,110.413,36.9777,36.0517,37.9038
S6K_pT389,110.672,36.9777,36.0517,37.9038
S6K_pT389,110.932,36.9777,36.0517,37.9038
S6K_pT389,111.191,36.9777,36.0517,37.9038
S6K_pT389,111.451,36.9777,36.0517,37.9038
S6K_pT389,111.71,36.9777,36.0517,37.9038
S6K_pT389,111.969,36.9777,36.0517,37.9038
S6K_pT389,112.229,36.9777,36.0517,37.9038
S6K_pT389,112.488,36.9777,36.0517,37.9038
S6K_pT389,112.748,36.9777,36.0517,37.9038
S6K_pT389,113.007,36.9777,36.0517,37.9038
S6K_pT389,113.267,36.9777,36.0517,37.9038
S6K_pT389,113.526,36.9777,36.0517,37.9038
S6K_pT389,113.786,36.9777,36.0517,37.9038
S6K_pT389,114.045,36.9777,36.0517,37.9038
S6K_pT389,114.305,36.9777,36.0517,37.9038
S6K_pT389,114.564,36.9777,36.0517,37.9038
S6K_pT389,114.823,36.9777,36.0517,37.9038
S6K_pT389,115.083,36.9777,36.0517,37.9038
S6K_pT389,115.342,36.9777,36.0517,37.9038
S6K_pT389,115.602,36.9777,36.0517,37.9038
S6K_pT389,115.861,36.9777,36.0517,37.9038
S6K_pT389,116.121,36.9777,36.0517,37.9038
S6K_pT389,116.38,36.9777,36.0517,37.9038
S6K_pT389,116.64,36.9777,36.0517,37.9038
S6K_pT389,116.899,36.9777,36.0517,37.9038
S6K_pT389,117.159,36.9777,36.0517,37.9038
S6K_pT389,117.418,36.9777,36.0517,37.9038
S6K_pT389,117.677,37.11,36.0517,38.1684
S6K_pT389,117.937,37.11,36.0517,38.1684
S6K_pT389,118.196,37.11,36.0517,38.1684
S6K_pT389,118.456,36.9777,36.0517,37.9038
S6K_pT389,118.715,36.9777,36.0517,37.9038
S6K_pT389,118.975,36.9777,36.0517,37.9038
S6K_pT389,119.234,36.9777,36.0517,37.9038
S6K_pT389,119.494,36.9777,36.0517,37.9038
S6K_pT389,119.753,36.9777,36.0517,37.9038
S6K_pT389,120,36.9777,36.0517,37.9038
S6K_pT389,120,37.11,36.3163,37.9038
S6K_pT229,0.922803,1.00365,-0.301755,2.30906
S6K_pT229,1.18226,1.26474,-0.301755,2.83123
S6K_pT229,1.44171,1.26474,-0.301755,2.83123
S6K_pT229,1.70117,1.52582,-0.823919,3.87555
S6K_pT229,1.96062,1.7869,-0.823919,4.39772
S6K_pT229,2.22008,3.09231,-0.301755,6.48637
S6K_pT229,2.47953,4.13664,-0.301755,8.57503
S6K_pT229,2.73899,4.91988,-0.301755,10.1415
S6K_pT229,2.99844,6.48637,0.220408,12.7523
S6K_pT229,3.2579,7.26962,0.742572,13.7967
S6K_pT229,3.51735,8.31394,1.26474,15.3632
S6K_pT229,3.77681,11.4469,1.7869,21.107
S6K_pT229,4.03626,13.2745,3.87555,22.6734
S6K_pT229,4.29572,14.5799,4.39772,24.7621
S6K_pT229,4.55517,17.7129,6.48637,28.9394
S6K_pT229,4.81463,19.2794,8.05286,30.5059
S6K_pT229,5.07408,21.8902,9.09719,34.6832
S6K_pT229,5.33354,24.7621,11.708,37.8162
S6K_pT229,5.59299,26.3286,14.3188,38.3383
S6K_pT229,5.85245,29.2005,15.8853,42.5157
S6K_pT229,6.1119,32.5945,19.5405,45.6486
S6K_pT229,6.37135,34.6832,21.6291,47.7373
S6K_pT229,6.63081,37.0329,23.1956,50.8703
S6K_pT229,6.89026,40.1659,27.8951,52.4368
S6K_pT229,7.14972,42.5157,30.5059,54.5254
S6K_pT229,7.40917,45.3876,33.6389,57.1362
S6K_pT229,7.66863,46.4319,34.6832,58.1806
S6K_pT229,7.92808,49.5649,37.294,61.8357
S6K_pT229,8.18754,52.4368,41.4713,63.4022
S6K_pT229,8.44699,54.7865,45.1265,64.4465
S6K_pT229,8.70645,56.6141,46.693,66.5352
S6K_pT229,8.9659,58.7027,48.7816,68.6238
S6K_pT229,9.22536,60.5303,50.3481,70.7125
S6K_pT229,9.48481,62.3579,52.4368,72.279
S6K_pT229,9.74427,64.4465,56.0919,72.8011
S6K_pT229,10.0037,66.2741,58.1806,74.3676
S6K_pT229,10.2632,68.3628,60.2692,76.4563
S6K_pT229,10.5226,69.6682,62.3579,76.9784
S6K_pT229,10.7821,71.4957,63.9244,79.0671
S6K_pT229,11.0415,73.3233,66.5352,80.1114
S6K_pT229,11.301,74.1066,67.5795,80.6336
S6K_pT229,11.5605,75.412,69.146,81.6779
S6K_pT229,11.8199,76.9784,71.2347,82.7222
S6K_pT229,12.0794,78.2839,72.279,84.2887
S6K_pT229,12.3388,79.8503,73.8455,85.8552
S6K_pT229,12.5983,81.4168,76.4563,86.3774
S6K_pT229,12.8577,82.2001,77.5006,86.8996
S6K_pT229,13.1172,83.2444,78.5449,87.9439
S6K_pT229,13.3766,83.7666,79.0671,88.466
S6K_pT229,13.6361,84.8109,80.1114,89.5104
S6K_pT229,13.8955,85.8552,81.6779,90.0325
S6K_pT229,14.155,86.8996,82.7222,91.0769
S6K_pT229,14.4145,87.4217,83.2444,91.599
S6K_pT229,14.6739,88.205,84.2887,92.1212
S6K_pT229,14.9334,88.7271,84.8109,92.6434
S6K_pT229,15.1928,89.5104,85.8552,93.1655
S6K_pT229,15.4523,90.0325,86.8996,93.1655
S6K_pT229,15.7117,90.5547,87.4217,93.6877
S6K_pT229,15.9712,91.0769,87.9439,94.2098
S6K_pT229,16.2306,91.599,88.466,94.732
S6K_pT229,16.4901,92.1212,88.9882,95.2542
S6K_pT229,16.7495,92.9044,90.0325,95.7763
S6K_pT229,17.009,93.4266,90.5547,96.2985
S6K_pT229,17.2685,93.6877,91.0769,96.2985
S6K_pT229,17.5279,94.2098,91.599,96.8207
S6K_pT229,17.7874,94.2098,91.599,96.8207
S6K_pT229,18.0468,94.4709,92.1212,96.8207
S6K_pT229,18.3063,94.9931,92.6434,97.3428
S6K_pT229,18.5657,95.5153,93.1655,97.865
S6K_pT229,18.8252,95.7763,93.6877,97.865
S6K_pT229,19.0846,96.0374,93.6877,98.3872
S6K_pT229,19.3441,96.2985,94.2098,98.3872
S6K_pT229,19.6036,96.8207,94.732,98.9093
S6K_pT229,19.863,97.0817,94.732,99.4315
S6K_pT229,20.1225,97.3428,95.2542,99.4315
S6K_pT229,20.3819,97.3428,95.2542,99.4315
S6K_pT229,20.6414,97.3428,95.2542,99.4315
S6K_pT229,20.9008,97.3428,95.2542,99.4315
S6K_pT229,21.1603,97.865,95.7763,99.9536
S6K_pT229,21.4197,98.1261,96.2985,99.9536
S6K_pT229,21.6792,98.1261,96.2985,99.9536
S6K_pT229,21.9386,98.1261,96.2985,99.9536
S6K_pT229,22.1981,98.3872,96.2985,100.476
S6K_pT229,22.4576,98.3872,96.2985,100.476
S6K_pT229,22.717,98.6482,96.2985,100.998
S6K_pT229,22.9765,98.6482,96.2985,100.998
S6K_pT229,23.2359,98.9093,96.8207,100.998
S6K_pT229,23.4954,98.9093,96.8207,100.998
S6K_pT229,23.7548,98.9093,96.8207,100.998
S6K_pT229,24.0143,99.1704,97.3428,100.998
S6K_pT229,24.2737,99.1704,97.3428,100.998
S6K_pT229,24.5332,99.4315,97.865,100.998
S6K_pT229,24.7926,99.6926,97.865,101.52
S6K_pT229,25.0521,99.6926,97.865,101.52
S6K_pT229,25.3116,99.6926,97.865,101.52
S6K_pT229,25.571,99.6926,97.865,101.52
S6K_pT229,25.8305,99.6926,97.865,101.52
S6K_pT229,26.0899,99.9536,97.865,102.042
S6K_pT229,26.3494,99.9536,97.865,102.042
S6K_pT229,26.6088,99.9536,97.865,102.042
S6K_pT229,26.8683,99.9536,97.865,102.042
S6K_pT229,27.1277,99.9536,97.865,102.042
S6K_pT229,27.3872,99.9536,97.865,102.042
S6K_pT229,27.6467,99.9536,97.865,102.042
S6K_pT229,27.9061,99.9536,97.865,102.042
S6K_pT229,28.1656,99.9536,97.865,102.042
S6K_pT229,28.425,100.215,97.865,102.564
S6K_pT229,28.6845,100.215,97.865,102.564
S6K_pT229,28.9439,100.215,97.865,102.564
S6K_pT229,29.2034,100.476,98.3872,102.564
S6K_pT229,29.4628,100.476,98.3872,102.564
S6K_pT229,29.7223,100.476,98.3872,102.564
S6K_pT229,29.9817,100.476,98.3872,102.564
S6K_pT229,30.2412,100.476,98.3872,102.564
S6K_pT229,30.5007,100.476,98.3872,102.564
S6K_pT229,30.7601,100.476,98.3872,102.564
S6K_pT229,31.0196,100.737,98.9093,102.564
S6K_pT229,31.279,100.737,98.9093,102.564
S6K_pT229,31.5385,100.737,98.9093,102.564
S6K_pT229,31.7979,100.737,98.9093,102.564
S6K_pT229,32.0574,100.998,99.4315,102.564
S6K_pT229,32.3168,100.998,99.4315,102.564
S6K_pT229,32.5763,100.998,99.4315,102.564
S6K_pT229,32.8357,100.998,99.4315,102.564
S6K_pT229,33.0952,100.998,99.4315,102.564
S6K_pT229,33.3547,100.998,99.4315,102.564
S6K_pT229,33.6141,100.998,99.4315,102.564
S6K_pT229,33.8736,100.998,99.4315,102.564
S6K_pT229,34.133,100.998,99.4315,102.564
S6K_pT229,34.3925,100.998,99.4315,102.564
S6K_pT229,34.6519,100.998,99.4315,102.564
S6K_pT229,34.9114,100.998,99.4315,102.564
S6K_pT229,35.1708,100.998,99.4315,102.564
S6K_pT229,35.4303,100.998,99.4315,102.564
S6K_pT229,35.6897,100.998,99.4315,102.564
S6K_pT229,35.9492,100.998,99.4315,102.564
S6K_pT229,36.2087,100.998,99.4315,102.564
S6K_pT229,36.4681,100.998,99.4315,102.564
S6K_pT229,36.7276,100.998,99.4315,102.564
S6K_pT229,36.987,100.998,99.4315,102.564
S6K_pT229,37.2465,100.998,99.4315,102.564
S6K_pT229,37.5059,100.998,99.4315,102.564
S6K_pT229,37.7654,100.998,99.4315,102.564
S6K_pT229,38.0248,100.998,99.4315,102.564
S6K_pT229,38.2843,100.998,99.4315,102.564
S6K_pT229,38.5438,100.998,99.4315,102.564
S6K_pT229,38.8032,100.998,99.4315,102.564
S6K_pT229,39.0627,100.998,99.4315,102.564
S6K_pT229,39.3221,100.998,99.4315,102.564
S6K_pT229,39.5816,100.998,99.4315,102.564
S6K_pT229,39.841,100.998,99.4315,102.564
S6K_pT229,40.1005,100.998,99.4315,102.564
S6K_pT229,40.3599,100.998,99.4315,102.564
S6K_pT229,40.6194,100.998,99.4315,102.564
S6K_pT229,40.8788,100.998,99.4315,102.564
S6K_pT229,41.1383,100.998,99.4315,102.564
S6K_pT229,41.3978,100.998,99.4315,102.564
S6K_pT229,41.6572,100.998,99.4315,102.564
S6K_pT229,41.9167,100.998,99.4315,102.564
S6K_pT229,42.1761,100.998,99.4315,102.564
S6K_pT229,42.4356,100.998,99.4315,102.564
S6K_pT229,42.695,100.998,99.4315,102.564
S6K_pT229,42.9545,100.998,99.4315,102.564
S6K_pT229,43.2139,100.998,99.4315,102.564
S6K_pT229,43.4734,100.998,99.4315,102.564
S6K_pT229,43.7328,100.998,99.4315,102.564
S6K_pT229,43.9923,100.998,99.4315,102.564
S6K_pT229,44.2518,100.998,99.4315,102.564
S6K_pT229,44.5112,100.998,99.4315,102.564
S6K_pT229,44.7707,100.998,99.4315,102.564
S6K_pT229,45.0301,100.998,99.4315,102.564
S6K_pT229,45.2896,100.998,99.4315,102.564
S6K_pT229,45.549,100.998,99.4315,102.564
S6K_pT229,45.8085,100.998,99.4315,102.564
S6K_pT229,46.0679,100.998,99.4315,102.564
S6K_pT229,46.3274,100.998,99.4315,102.564
S6K_pT229,46.5869,100.998,99.4315,102.564
S6K_pT229,46.8463,100.998,99.4315,102.564
S6K_pT229,47.1058,100.998,99.4315,102.564
S6K_pT229,47.3652,100.998,99.4315,102.564
S6K_pT229,47.6247,100.998,99.4315,102.564
S6K_pT229,47.8841,100.998,99.4315,102.564
S6K_pT229,48.1436,100.998,99.4315,102.564
S6K_pT229,48.403,100.998,99.4315,102.564
S6K_pT229,48.6625,100.998,99.4315,102.564
S6K_pT229,48.9219,100.998,99.4315,102.564
S6K_pT229,49.1814,100.998,99.4315,102.564
S6K_pT229,49.4409,100.998,99.4315,102.564
S6K_pT229,49.7003,100.998,99.4315,102.564
S6K_pT229,49.9598,100.998,99.4315,102.564
S6K_pT229,50.2192,100.998,99.4315,102.564
S6K_pT229,50.4787,100.998,99.4315,102.564
S6K_pT229,50.7381,100.998,99.4315,102.564
S6K_pT229,50.9976,100.998,99.4315,102.564
S6K_pT229,51.257,100.998,99.4315,102.564
S6K_pT229,51.5165,100.998,99.4315,102.564
S6K_pT229,51.7759,100.998,99.4315,102.564
S6K_pT229,52.0354,100.998,99.4315,102.564
S6K_pT229,52.2949,100.998,99.4315,102.564
S6K_pT229,52.5543,100.998,99.4315,102.564
S6K_pT229,52.8138,100.998,99.4315,102.564
S6K_pT229,53.0732,100.998,99.4315,102.564
S6K_pT229,53.3327,100.998,99.4315,102.564
S6K_pT229,53.5921,100.998,99.4315,102.564
S6K_pT229,53.8516,100.998,99.4315,102.564
S6K_pT229,54.111,100.998,99.4315,102.564
S6K_pT229,54.3705,100.998,99.4315,102.564
S6K_pT229,54.63,100.998,99.4315,102.564
S6K_pT229,54.8894,100.998,99.4315,102.564
S6K_pT229,55.1489,100.998,99.4315,102.564
S6K_pT229,55.4083,100.998,99.4315,102.564
S6K_pT229,55.6678,100.998,99.4315,102.564
S6K_pT229,55.9272,100.998,99.4315,102.564
S6K_pT229,56.1867,100.998,99.4315,102.564
S6K_pT229,56.4461,100.998,99.4315,102.564
S6K_pT229,56.7056,100.998,99.4315,102.564
S6K_pT229,56.965,100.998,99.4315,102.564
S6K_pT229,57.2245,100.998,99.4315,102.564
S6K_pT229,57.484,100.998,99.4315,102.564
S6K_pT229,57.7434,100.998,99.4315,102.564
S6K_pT229,58.0029,100.998,99.4315,102.564
S6K_pT229,58.2623,100.998,99.4315,102.564
S6K_pT229,58.5218,100.998,99.4315,102.564
S6K_pT229,58.7812,100.998,99.4315,102.564
S6K_pT229,59.0407,100.998,99.4315,102.564
S6K_pT229,59.3001,100.998,99.4315,102.564
S6K_pT229,59.5596,100.998,99.4315,102.564
S6K_pT229,59.819,100.998,99.4315,102.564
S6K_pT229,60.0785,100.998,99.4315,102.564
S6K_pT229,60.338,100.998,99.4315,102.564
S6K_pT229,60.5974,100.998,99.4315,102.564
S6K_pT229,60.8569,100.998,99.4315,102.564
S6K_pT229,61.1163,100.998,99.4315,102.564
S6K_pT229,61.3758,100.998,99.4315,102.564
S6K_pT229,61.6352,100.998,99.4315,102.564
S6K_pT229,61.8947,100.998,99.4315,102.564
S6K_pT229,62.1541,100.998,99.4315,102.564
S6K_pT229,62.4136,100.998,99.4315,102.564
S6K_pT229,62.6731,100.998,99.4315,102.564
S6K_pT229,62.9325,100.998,99.4315,102.564
S6K_pT229,63.192,100.998,99.4315,102.564
S6K_pT229,63.4514,100.998,99.4315,102.564
S6K_pT229,63.7109,100.998,99.4315,102.564
S6K_pT229,63.9703,100.998,99.4315,102.564
S6K_pT229,64.2298,100.998,99.4315,102.564
S6K_pT229,64.4892,100.998,99.4315,102.564
S6K_pT229,64.7487,100.998,99.4315,102.564
S6K_pT229,65.0081,100.998,99.4315,102.564
S6K_pT229,65.2676,100.998,99.4315,102.564
S6K_pT229,65.5271,100.998,99.4315,102.564
S6K_pT229,65.7865,100.998,99.4315,102.564
S6K_pT229,66.046,100.998,99.4315,102.564
S6K_pT229,66.3054,100.998,99.4315,102.564
S6K_pT229,66.5649,100.998,99.4315,102.564
S6K_pT229,66.8243,100.998,99.4315,102.564
S6K_pT229,67.0838,100.998,99.4315,102.564
S6K_pT229,67.3432,100.998,99.4315,102.564
S6K_pT229,67.6027,100.998,99.4315,102.564
S6K_pT229,67.8621,100.998,99.4315,102.564
S6K_pT229,68.1216,100.998,99.4315,102.564
S6K_pT229,68.3811,100.998,99.4315,102.564
S6K_pT229,68.6405,100.998,99.4315,102.564
S6K_pT229,68.9,100.998,99.4315,102.564
S6K_pT229,69.1594,100.998,99.4315,102.564
S6K_pT229,69.4189,100.998,99.4315,102.564
S6K_pT229,69.6783,100.998,99.4315,102.564
S6K_pT229,69.9378,100.998,99.4315,102.564
S6K_pT229,70.1972,100.998,99.4315,102.564
S6K_pT229,70.4567,100.998,99.4315,102.564
S6K_pT229,70.7162,100.998,99.4315,102.564
S6K_pT229,70.9756,100.998,99.4315,102.564
S6K_pT229,71.2351,100.998,99.4315,102.564
S6K_pT229,71.4945,100.998,99.4315,102.564
S6K_pT229,71.754,100.998,99.4315,102.564
S6K_pT229,72.0134,100.998,99.4315,102.564
S6K_pT229,72.2729,100.998,99.4315,102.564
S6K_pT229,72.5323,100.998,99.4315,102.564
S6K_pT229,72.7918,100.998,99.4315,102.564
S6K_pT229,73.0512,100.998,99.4315,102.564
S6K_pT229,73.3107,100.998,99.4315,102.564
S6K_pT229,73.5702,100.998,99.4315,102.564
S6K_pT229,73.8296,100.998,99.4315,102.564
S6K_pT229,74.0891,100.998,99.4315,102.564
S6K_pT229,74.3485,100.998,99.4315,102.564
S6K_pT229,74.608,100.998,99.4315,102.564
S6K_pT229,74.8674,100.998,99.4315,102.564
S6K_pT229,75.1269,100.998,99.4315,102.564
S6K_pT229,75.3863,100.998,99.4315,102.564
S6K_pT229,75.6458,100.998,99.4315,102.564
S6K_pT229,75.9052,100.998,99.4315,102.564
S6K_pT229,76.1647,100.998,99.4315,102.564
S6K_pT229,76.4242,100.998,99.4315,102.564
S6K_pT229,76.6836,100.998,99.4315,102.564
S6K_pT229,76.9431,100.998,99.4315,102.564
S6K_pT229,77.2025,100.998,99.4315,102.564
S6K_pT229,77.462,100.998,99.4315,102.564
S6K_pT229,77.7214,100.998,99.4315,102.564
S6K_pT229,77.9809,100.998,99.4315,102.564
S6K_pT229,78.2403,100.998,99.4315,102.564
S6K_pT229,78.4998,100.998,99.4315,102.564
S6K_pT229,78.7593,100.998,99.4315,102.564
S6K_pT229,79.0187,100.998,99.4315,102.564
S6K_pT229,79.2782,100.998,99.4315,102.564
S6K_pT229,79.5376,100.998,99.4315,102.564
S6K_pT229,79.7971,100.998,99.4315,102.564
S6K_pT229,80.0565,100.998,99.4315,102.564
S6K_pT229,80.316,100.998,99.4315,102.564
S6K_pT229,80.5754,100.998,99.4315,102.564
S6K_pT229,80.8349,100.998,99.4315,102.564
S6K_pT229,81.0943,100.998,99.4315,102.564
S6K_pT229,81.3538,100.998,99.4315,102.564
S6K_pT229,81.6133,100.998,99.4315,102.564
S6K_pT229,81.8727,100.998,99.4315,102.564
S6K_pT229,82.1322,100.998,99.4315,102.564
S6K_pT229,82.3916,100.998,99.4315,102.564
S6K_pT229,82.6511,100.998,99.4315,102.564
S6K_pT229,82.9105,100.998,99.4315,102.564
S6K_pT229,83.17,100.998,99.4315,102.564
S6K_pT229,83.4294,100.998,99.4315,102.564
S6K_pT229,83.6889,100.998,99.4315,102.564
S6K_pT229,83.9483,100.998,99.4315,102.564
S6K_pT229,84.2078,100.998,99.4315,102.564
S6K_pT229,84.4673,100.998,99.4315,102.564
S6K_pT229,84.7267,100.998,99.4315,102.564
S6K_pT229,84.9862,100.998,99.4315,102.564
S6K_pT229,85.2456,100.998,99.4315,102.564
S6K_pT229,85.5051,100.998,99.4315,102.564
S6K_pT229,85.7645,100.998,99.4315,102.564
S6K_pT229,86.024,100.998,99.4315,102.564
S6K_pT229,86.2834,100.998,99.4315,102.564
S6K_pT229,86.5429,100.998,99.4315,102.564
S6K_pT229,86.8023,100.998,99.4315,102.564
S6K_pT229,87.0618,100.998,99.4315,102.564
S6K_pT229,87.3213,100.998,99.4315,102.564
S6K_pT229,87.5807,100.998,99.4315,102.564
S6K_pT229,87.8402,100.998,99.4315,102.564
S6K_pT229,88.0996,100.998,99.4315,102.564
S6K_pT229,88.3591,100.998,99.4315,102.564
S6K_pT229,88.6185,100.998,99.4315,102.564
S6K_pT229,88.878,100.998,99.4315,102.564
S6K_pT229,89.1374,100.998,99.4315,102.564
S6K_pT229,89.3969,100.998,99.4315,102.564
S6K_pT229,89.6564,100.998,99.4315,102.564
S6K_pT229,89.9158,100.998,99.4315,102.564
S6K_pT229,90.1753,100.998,99.4315,102.564
S6K_pT229,90.4347,100.998,99.4315,102.564
S6K_pT229,90.6942,100.998,99.4315,102.564
S6K_pT229,90.9536,100.998,99.4315,102.564
S6K_pT229,91.2131,100.998,99.4315,102.564
S6K_pT229,91.4725,100.998,99.4315,102.564
S6K_pT229,91.732,100.998,99.4315,102.564
S6K_pT229,91.9914,100.998,99.4315,102.564
S6K_pT229,92.2509,100.998,99.4315,102.564
S6K_pT229,92.5104,100.998,99.4315,102.564
S6K_pT229,92.7698,100.998,99.4315,102.564
S6K_pT229,93.0293,100.998,99.4315,102.564
S6K_pT229,93.2887,100.998,99.4315,102.564
S6K_pT229,93.5482,100.998,99.4315,102.564
S6K_pT229,93.8076,100.998,99.4315,102.564
S6K_pT229,94.0671,100.998,99.4315,102.564
S6K_pT229,94.3265,100.998,99.4315,102.564
S6K_pT229,94.586,100.998,99.4315,102.564
S6K_pT229,94.8454,100.998,99.4315,102.564
S6K_pT229,95.1049,100.998,99.4315,102.564
S6K_pT229,95.3644,100.998,99.4315,102.564
S6K_pT229,95.6238,100.998,99.4315,102.564
S6K_pT229,95.8833,100.998,99.4315,102.564
S6K_pT229,96.1427,100.998,99.4315,102.564
S6K_pT229,96.4022,100.998,99.4315,102.564
S6K_pT229,96.6616,100.998,99.4315,102.564
S6K_pT229,96.9211,100.998,99.4315,102.564
S6K_pT229,97.1805,100.998,99.4315,102.564
S6K_pT229,97.44,100.998,99.4315,102.564
S6K_pT229,97.6995,100.998,99.4315,102.564
S6K_pT229,97.9589,100.998,99.4315,102.564
S6K_pT229,98.2184,100.998,99.4315,102.564
S6K_pT229,98.4778,100.998,99.4315,102.564
S6K_pT229,98.7373,100.998,99.4315,102.564
S6K_pT229,98.9967,100.998,99.4315,102.564
S6K_pT229,99.2562,100.998,99.4315,102.564
S6K_pT229,99.5156,100.998,99.4315,102.564
S6K_pT229,99.7751,100.998,99.4315,102.564
S6K_pT229,100.035,100.998,99.4315,102.564
S6K_pT229,100.294,100.998,99.4315,102.564
S6K_pT229,100.553,100.998,99.4315,102.564
S6K_pT229,100.813,100.998,99.4315,102.564
S6K_pT229,101.072,100.998,99.4315,102.564
S6K_pT229,101.332,100.998,99.4315,102.564
S6K_pT229,101.591,100.998,99.4315,102.564
S6K_pT229,101.851,100.998,99.4315,102.564
S6K_pT229,102.11,100.998,99.4315,102.564
S6K_pT229,102.37,100.998,99.4315,102.564
S6K_pT229,102.629,100.998,99.4315,102.564
S6K_pT229,102.889,100.998,99.4315,102.564
S6K_pT229,103.148,100.998,99.4315,102.564
S6K_pT229,103.407,100.998,99.4315,102.564
S6K_pT229,103.667,100.998,99.4315,102.564
S6K_pT229,103.926,100.998,99.4315,102.564
S6K_pT229,104.186,100.998,99.4315,102.564
S6K_pT229,104.445,100.998,99.4315,102.564
S6K_pT229,104.705,100.998,99.4315,102.564
S6K_pT229,104.964,100.998,99.4315,102.564
S6K_pT229,105.224,100.998,99.4315,102.564
S6K_pT229,105.483,100.998,99.4315,102.564
S6K_pT229,105.743,100.998,99.4315,102.564
S6K_pT229,106.002,100.998,99.4315,102.564
S6K_pT229,106.261,100.998,99.4315,102.564
S6K_pT229,106.521,100.998,99.4315,102.564
S6K_pT229,106.78,100.998,99.4315,102.564
S6K_pT229,107.04,100.998,99.4315,102.564
S6K_pT229,107.299,100.998,99.4315,102.564
S6K_pT229,107.559,100.998,99.4315,102.564
S6K_pT229,107.818,100.998,99.4315,102.564
S6K_pT229,108.078,100.998,99.4315,102.564
S6K_pT229,108.337,100.998,99.4315,102.564
S6K_pT229,108.597,100.998,99.4315,102.564
S6K_pT229,108.856,100.998,99.4315,102.564
S6K_pT229,109.115,100.998,99.4315,102.564
S6K_pT229,109.375,100.998,99.4315,102.564
S6K_pT229,109.634,100.998,99.4315,102.564
S6K_pT229,109.894,100.998,99.4315,102.564
S6K_pT229,110.153,100.998,99.4315,102.564
S6K_pT229,110.413,100.998,99.4315,102.564
S6K_pT229,110.672,100.998,99.4315,102.564
S6K_pT229,110.932,100.998,99.4315,102.564
S6K_pT229,111.191,100.998,99.4315,102.564
S6K_pT229,111.451,100.998,99.4315,102.564
S6K_pT229,111.71,100.998,99.4315,102.564
S6K_pT229,111.969,100.998,99.4315,102.564
S6K_pT229,112.229,100.998,99.4315,102.564
S6K_pT229,112.488,100.998,99.4315,102.564
S6K_pT229,112.748,100.998,99.4315,102.564
S6K_pT229,113.007,100.998,99.4315,102.564
S6K_pT229,113.267,100.998,99.4315,102.564
S6K_pT229,113.526,101.259,99.4315,103.087
S6K_pT229,113.786,101.259,99.4315,103.087
S6K_pT229,114.045,101.259,99.4315,103.087
S6K_pT229,114.305,101.259,99.4315,103.087
S6K_pT229,114.564,101.259,99.4315,103.087
S6K_pT229,114.823,101.259,99.4315,103.087
S6K_pT229,115.083,101.259,99.4315,103.087
S6K_pT229,115.342,101.259,99.4315,103.087
S6K_pT229,115.602,101.259,99.4315,103.087
S6K_pT229,115.861,100.998,99.4315,102.564
S6K_pT229,116.121,100.998,99.4315,102.564
S6K_pT229,116.38,100.998,99.4315,102.564
S6K_pT229,116.64,100.998,99.4315,102.564
S6K_pT229,116.899,101.259,99.4315,103.087
S6K_pT229,117.159,101.259,99.4315,103.087
S6K_pT229,117.418,101.259,99.4315,103.087
S6K_pT229,117.677,101.259,99.4315,103.087
S6K_pT229,117.937,101.259,99.4315,103.087
S6K_pT229,118.196,101.259,99.4315,103.087
S6K_pT229,118.456,101.259,99.4315,103.087
S6K_pT229,118.715,100.998,99.4315,102.564
S6K_pT229,118.975,100.998,99.4315,102.564
S6K_pT229,119.234,100.998,99.4315,102.564
S6K_pT229,119.494,100.998,99.4315,102.564
S6K_pT229,119.753,100.998,99.9536,102.042
S6K_pT229,120,100.998,99.9536,102.042
