panel,quantity,units,a_per_day,time_day,value,pixel_spread
PrP_C,PrPC concentration,nM,0.0235,2.242,1.0857,0.0019
PrP_C,PrPC concentration,nM,0.0235,3.22,1.0424,0.0116
PrP_C,PrPC concentration,nM,0.0235,4.198,1.0327,0.0308
PrP_C,PrPC concentration,nM,0.0235,5.176,0.9653,0.0424
PrP_C,PrPC concentration,nM,0.0235,6.154,0.9538,0.0655
PrP_C,PrPC concentration,nM,0.0235,7.132,0.9576,0.0578
PrP_C,PrPC concentration,nM,0.0235,8.11,1.001,0.0597
PrP_C,PrPC concentration,nM,0.0235,9.088,1.0029,0.0443
PrP_C,PrPC concentration,nM,0.0235,10.066,0.9856,0.0327
PrP_C,PrPC concentration,nM,0.0235,11.044,0.9769,0.0154
PrP_C,PrPC concentration,nM,0.0235,12.022,0.9913,0.0135
PrP_C,PrPC concentration,nM,0.0235,13.0,0.9875,0.0289
PrP_C,PrPC concentration,nM,0.0235,13.978,0.9692,0.0405
PrP_C,PrPC concentration,nM,0.0235,14.956,0.9769,0.0539
PrP_C,PrPC concentration,nM,0.0235,15.934,1.0019,0.0482
PrP_C,PrPC concentration,nM,0.0235,16.912,1.0144,0.0289
PrP_C,PrPC concentration,nM,0.0235,17.89,1.0096,0.0193
PrP_C,PrPC concentration,nM,0.0235,18.868,0.9884,0.0077
PrP_C,PrPC concentration,nM,0.0235,19.846,0.9865,0.0116
PrP_C,PrPC concentration,nM,0.0235,20.824,0.9846,0.0077
PrP_C,PrPC concentration,nM,0.0235,22.779,0.975,0.0116
PrP_C,PrPC concentration,nM,0.0235,23.757,0.973,0.0154
PrP_C,PrPC concentration,nM,0.0235,24.735,0.9644,0.0212
PrP_C,PrPC concentration,nM,0.0235,25.713,0.9557,0.0193
PrP_C,PrPC concentration,nM,0.0235,26.691,1.0241,0.0193
PrP_C,PrPC concentration,nM,0.0235,27.669,0.9461,0.0077
PrP_C,PrPC concentration,nM,0.0235,28.647,0.9451,0.0096
PrP_C,PrPC concentration,nM,0.0235,29.625,0.9335,0.0289
PrP_C,PrPC concentration,nM,0.0235,30.603,0.9345,0.0462
PrP_C,PrPC concentration,nM,0.0235,31.581,0.9499,0.0867
PrP_C,PrPC concentration,nM,0.0235,32.559,0.9769,0.0694
PrP_C,PrPC concentration,nM,0.0235,33.537,1.0077,0.027
PrP_C,PrPC concentration,nM,0.0235,34.515,0.999,0.0405
PrP_C,PrPC concentration,nM,0.0235,35.493,0.9663,0.1021
PrP_C,PrPC concentration,nM,0.0235,36.471,0.9229,0.1233
PrP_C,PrPC concentration,nM,0.0235,37.449,0.8757,0.0982
PrP_C,PrPC concentration,nM,0.0235,38.427,0.842,0.0771
PrP_C,PrPC concentration,nM,0.0235,39.405,0.818,0.0289
PrP_C,PrPC concentration,nM,0.0235,40.383,0.8093,0.0116
PrP_C,PrPC concentration,nM,0.0235,41.361,0.8093,0.0116
PrP_C,PrPC concentration,nM,0.0235,42.339,0.8064,0.0096
PrP_C,PrPC concentration,nM,0.0235,43.317,0.8054,0.0116
PrP_C,PrPC concentration,nM,0.0235,44.295,0.8045,0.0096
PrP_C,PrPC concentration,nM,0.0235,45.273,0.8025,0.0096
PrP_C,PrPC concentration,nM,0.0235,46.251,0.7977,0.0154
PrP_C,PrPC concentration,nM,0.0235,47.229,0.7939,0.0154
PrP_C,PrPC concentration,nM,0.0235,48.207,0.7891,0.0135
PrP_C,PrPC concentration,nM,0.0235,49.185,0.7563,0.0751
PrP_C,PrPC concentration,nM,0.0235,50.163,0.7101,0.1637
PrP_C,PrPC concentration,nM,0.0235,51.141,0.6764,0.1002
PrP_C,PrPC concentration,nM,0.0235,52.119,0.6398,0.0231
PrP_C,PrPC concentration,nM,0.0235,53.097,0.6311,0.052
PrP_C,PrPC concentration,nM,0.0235,54.075,0.6118,0.0828
PrP_C,PrPC concentration,nM,0.0235,55.053,0.5839,0.0616
PrP_C,PrPC concentration,nM,0.0235,56.031,0.5579,0.0443
PrP_C,PrPC concentration,nM,0.0235,57.009,0.5463,0.0212
PrP_C,PrPC concentration,nM,0.0235,57.987,0.5454,0.0193
PrP_C,PrPC concentration,nM,0.0235,58.965,0.528,0.0539
PrP_C,PrPC concentration,nM,0.0235,59.943,0.5117,0.0559
PrP_C,PrPC concentration,nM,0.0235,60.921,0.4924,0.0405
PrP_C,PrPC concentration,nM,0.0235,61.899,0.4654,0.0443
PrP_C,PrPC concentration,nM,0.0235,62.877,0.4471,0.0578
PrP_C,PrPC concentration,nM,0.0235,63.855,0.4346,0.0366
PrP_C,PrPC concentration,nM,0.0235,64.833,0.4269,0.0173
PrP_C,PrPC concentration,nM,0.0235,65.811,0.4269,0.0173
PrP_C,PrPC concentration,nM,0.0235,66.789,0.4202,0.0231
PrP_C,PrPC concentration,nM,0.0235,67.767,0.4105,0.027
PrP_C,PrPC concentration,nM,0.0235,68.745,0.399,0.027
PrP_C,PrPC concentration,nM,0.0235,69.723,0.3836,0.0347
PrP_C,PrPC concentration,nM,0.0235,70.701,0.3662,0.0501
PrP_C,PrPC concentration,nM,0.0235,71.679,0.3537,0.0327
PrP_C,PrPC concentration,nM,0.0235,72.657,0.3441,0.0173
PrP_C,PrPC concentration,nM,0.0235,73.635,0.3296,0.0462
PrP_C,PrPC concentration,nM,0.0235,74.613,0.3161,0.0501
PrP_C,PrPC concentration,nM,0.0235,75.591,0.2978,0.0405
PrP_C,PrPC concentration,nM,0.0235,76.569,0.2863,0.0212
PrP_C,PrPC concentration,nM,0.0235,77.547,0.294,0.025
PrP_C,PrPC concentration,nM,0.0235,78.525,0.3036,0.0289
PrP_C,PrPC concentration,nM,0.0235,79.503,0.3017,0.0327
PrP_C,PrPC concentration,nM,0.0235,80.481,0.3036,0.0559
PrP_C,PrPC concentration,nM,0.0235,81.459,0.3181,0.0848
PrP_C,PrPC concentration,nM,0.0235,82.437,0.3296,0.0616
PrP_C,PrPC concentration,nM,0.0235,83.415,0.3075,0.0482
PrP_C,PrPC concentration,nM,0.0235,84.393,0.2882,0.0327
PrP_C,PrPC concentration,nM,0.0235,85.371,0.2901,0.0366
PrP_C,PrPC concentration,nM,0.0235,86.349,0.2795,0.0616
PrP_C,PrPC concentration,nM,0.0235,87.327,0.2709,0.0482
PrP_C,PrPC concentration,nM,0.0235,88.305,0.2641,0.0308
PrP_C,PrPC concentration,nM,0.0235,89.283,0.2776,0.0424
PrP_C,PrPC concentration,nM,0.0235,90.261,0.2516,0.0944
PrP_C,PrPC concentration,nM,0.0235,91.239,0.2371,0.0694
PrP_C,PrPC concentration,nM,0.0235,92.217,0.2343,0.0405
PrP_C,PrPC concentration,nM,0.0235,93.195,0.242,0.025
PrP_C,PrPC concentration,nM,0.0235,94.173,0.2381,0.0212
PrP_C,PrPC concentration,nM,0.0235,95.151,0.2439,0.025
PrP_C,PrPC concentration,nM,0.0235,96.129,0.2497,0.0135
PrP_C,PrPC concentration,nM,0.0235,97.107,0.2477,0.0096
PrP_C,PrPC concentration,nM,0.0235,98.085,0.2477,0.0096
PrP_C,PrPC concentration,nM,0.0235,99.063,0.2468,0.0116
PrP_C,PrPC concentration,nM,0.0235,100.041,0.242,0.0173
PrP_C,PrPC concentration,nM,0.0235,101.019,0.2352,0.0193
PrP_C,PrPC concentration,nM,0.0235,101.997,0.2304,0.0135
PrP_C,PrPC concentration,nM,0.0235,102.975,0.2285,0.0096
PrP_C,PrPC concentration,nM,0.0235,103.953,0.2343,0.0212
PrP_C,PrPC concentration,nM,0.0235,104.931,0.2314,0.0385
PrP_C,PrPC concentration,nM,0.0235,105.909,0.2227,0.052
PrP_C,PrPC concentration,nM,0.0235,106.887,0.2169,0.0366
PrP_C,PrPC concentration,nM,0.0235,107.865,0.214,0.0424
PrP_C,PrPC concentration,nM,0.0235,108.843,0.2121,0.0385
PrP_C,PrPC concentration,nM,0.0235,109.821,0.2497,0.0944
PrP_C,PrPC concentration,nM,0.0235,110.799,0.2593,0.0751
PrP_C,PrPC concentration,nM,0.0235,111.777,0.2603,0.0655
PrP_C,PrPC concentration,nM,0.0235,112.755,0.242,0.052
PrP_C,PrPC concentration,nM,0.0235,113.733,0.2265,0.0212
PrP_C,PrPC concentration,nM,0.0235,114.711,0.2121,0.027
PrP_C,PrPC concentration,nM,0.0235,115.689,0.1967,0.0501
PrP_C,PrPC concentration,nM,0.0235,116.667,0.1899,0.0366
PrP_C,PrPC concentration,nM,0.0235,117.645,0.2121,0.0655
PrP_C,PrPC concentration,nM,0.0235,118.623,0.2102,0.0963
PrP_C,PrPC concentration,nM,0.0235,119.601,0.1967,0.0925
PrP_C,PrPC concentration,nM,0.0235,120.579,0.1899,0.0597
PrP_C,PrPC concentration,nM,0.0235,121.557,0.2073,0.0327
PrP_C,PrPC concentration,nM,0.0235,122.535,0.1986,0.0501
PrP_C,PrPC concentration,nM,0.0235,123.513,0.1948,0.0424
PrP_C,PrPC concentration,nM,0.0235,124.491,0.2044,0.0231
PrP_C,PrPC concentration,nM,0.0235,125.469,0.1938,0.0289
PrP_C,PrPC concentration,nM,0.0235,126.447,0.1842,0.0289
PrP_C,PrPC concentration,nM,0.0235,127.425,0.1957,0.0597
PrP_C,PrPC concentration,nM,0.0235,128.403,0.2025,0.0462
PrP_C,PrPC concentration,nM,0.0235,129.381,0.2015,0.0405
PrP_C,PrPC concentration,nM,0.0235,130.359,0.1938,0.0327
PrP_C,PrPC concentration,nM,0.0235,131.337,0.1919,0.0289
PrP_C,PrPC concentration,nM,0.0235,132.315,0.2034,0.0366
PrP_C,PrPC concentration,nM,0.0235,133.293,0.2005,0.0578
PrP_C,PrPC concentration,nM,0.0235,134.271,0.1967,0.0655
PrP_C,PrPC concentration,nM,0.0235,135.249,0.1755,0.0231
PrP_C,PrPC concentration,nM,0.0235,136.227,0.1861,0.0443
PrP_C,PrPC concentration,nM,0.0235,137.205,0.2025,0.0616
PrP_C,PrPC concentration,nM,0.0235,138.183,0.2237,0.0501
PrP_C,PrPC concentration,nM,0.0235,139.161,0.2304,0.0405
PrP_C,PrPC concentration,nM,0.0235,140.139,0.214,0.0347
PrP_C,PrPC concentration,nM,0.0235,141.117,0.1996,0.0289
PrP_C,PrPC concentration,nM,0.0235,142.095,0.1986,0.0308
PrP_C,PrPC concentration,nM,0.0235,143.073,0.2044,0.0193
PrP_C,PrPC concentration,nM,0.0235,144.051,0.2025,0.0154
PrP_C,PrPC concentration,nM,0.0235,145.029,0.2111,0.0327
PrP_C,PrPC concentration,nM,0.0235,146.007,0.2179,0.0347
PrP_C,PrPC concentration,nM,0.0235,146.985,0.2227,0.025
PrP_C,PrPC concentration,nM,0.0235,147.963,0.216,0.0347
PrP_C,PrPC concentration,nM,0.0235,148.941,0.2237,0.0501
PrP_C,PrPC concentration,nM,0.0235,149.919,0.2121,0.0694
PrP_C,PrPC concentration,nM,0.0235,150.897,0.1919,0.0289
PrP_C,PrPC concentration,nM,0.0235,151.875,0.1861,0.0212
PrP_C,PrPC concentration,nM,0.0235,152.853,0.1794,0.0347
PrP_C,PrPC concentration,nM,0.0235,153.831,0.188,0.052
PrP_C,PrPC concentration,nM,0.0235,154.809,0.1928,0.0424
PrP_C,PrPC concentration,nM,0.0235,155.787,0.1899,0.0405
PrP_C,PrPC concentration,nM,0.0235,156.765,0.2005,0.0616
PrP_C,PrPC concentration,nM,0.0235,157.743,0.2131,0.0366
PrP_C,PrPC concentration,nM,0.0235,158.721,0.1938,0.0366
PrP_C,PrPC concentration,nM,0.0235,159.699,0.1842,0.0405
PrP_C,PrPC concentration,nM,0.0235,160.677,0.1813,0.0347
PrP_C,PrPC concentration,nM,0.0235,161.655,0.1919,0.025
PrP_C,PrPC concentration,nM,0.0235,162.633,0.1967,0.0154
PrP_C,PrPC concentration,nM,0.0235,163.611,0.1832,0.0385
PrP_C,PrPC concentration,nM,0.0235,164.588,0.1716,0.0462
PrP_C,PrPC concentration,nM,0.0235,165.566,0.1851,0.0694
PrP_C,PrPC concentration,nM,0.0235,166.544,0.2073,0.0366
PrP_C,PrPC concentration,nM,0.0235,167.522,0.2063,0.0347
PrP_C,PrPC concentration,nM,0.0235,168.5,0.1967,0.027
PrP_C,PrPC concentration,nM,0.0235,169.478,0.189,0.0154
PrP_C,PrPC concentration,nM,0.0235,170.456,0.1861,0.0289
PrP_C,PrPC concentration,nM,0.0235,171.434,0.188,0.0443
PrP_C,PrPC concentration,nM,0.0235,172.412,0.1919,0.0405
PrP_C,PrPC concentration,nM,0.0235,173.39,0.189,0.0424
PrP_C,PrPC concentration,nM,0.0235,174.368,0.188,0.0482
PrP_C,PrPC concentration,nM,0.0235,175.346,0.1986,0.0501
PrP_C,PrPC concentration,nM,0.0235,176.324,0.189,0.0771
PrP_C,PrPC concentration,nM,0.0235,177.302,0.1842,0.0713
PrP_C,PrPC concentration,nM,0.0235,178.28,0.1871,0.0347
PrP_C,PrPC concentration,nM,0.0235,179.258,0.1697,0.0616
PrP_C,PrPC concentration,nM,0.0235,180.236,0.188,0.1021
PrP_C,PrPC concentration,nM,0.0235,181.214,0.1899,0.0982
PrP_C,PrPC concentration,nM,0.0235,182.192,0.1938,0.1021
PrP_C,PrPC concentration,nM,0.0235,183.17,0.215,0.0751
PrP_C,PrPC concentration,nM,0.0235,184.148,0.1967,0.0308
PrP_C,PrPC concentration,nM,0.0235,185.126,0.1851,0.0347
PrP_C,PrPC concentration,nM,0.0235,186.104,0.1745,0.0212
PrP_C,PrPC concentration,nM,0.0235,187.082,0.1697,0.027
PrP_C,PrPC concentration,nM,0.0235,188.06,0.1774,0.0848
PrP_C,PrPC concentration,nM,0.0235,189.038,0.1842,0.1021
PrP_C,PrPC concentration,nM,0.0235,190.016,0.214,0.0385
PrP_C,PrPC concentration,nM,0.0235,190.994,0.1977,0.0289
PrP_C,PrPC concentration,nM,0.0235,191.972,0.1832,0.0347
PrP_C,PrPC concentration,nM,0.0235,192.95,0.1755,0.027
PrP_C,PrPC concentration,nM,0.0235,193.928,0.1707,0.0212
PrP_C,PrPC concentration,nM,0.0235,194.906,0.1668,0.0212
PrP_C,PrPC concentration,nM,0.0235,195.884,0.1601,0.0424
PrP_C,PrPC concentration,nM,0.0235,196.862,0.1736,0.0694
PrP_C,PrPC concentration,nM,0.0235,197.84,0.1842,0.0443
PrP_C,PrPC concentration,nM,0.0235,198.818,0.1909,0.0578
PrP_C,PrPC concentration,nM,0.0235,199.796,0.189,0.0616
PrP_C,PrPC concentration,nM,0.0235,200.774,0.1813,0.0616
PrP_C,PrPC concentration,nM,0.0235,201.752,0.1755,0.0424
PrP_C,PrPC concentration,nM,0.0235,202.73,0.1842,0.0212
PrP_C,PrPC concentration,nM,0.0235,203.708,0.1938,0.0327
PrP_C,PrPC concentration,nM,0.0235,204.686,0.1899,0.0405
PrP_C,PrPC concentration,nM,0.0235,205.664,0.188,0.0405
PrP_C,PrPC concentration,nM,0.0235,206.642,0.1745,0.0327
PrP_C,PrPC concentration,nM,0.0235,207.62,0.1842,0.052
PrP_C,PrPC concentration,nM,0.0235,208.598,0.1899,0.0405
PrP_C,PrPC concentration,nM,0.0235,209.576,0.1909,0.0193
PrP_C,PrPC concentration,nM,0.0235,210.554,0.1803,0.0212
PrP_C,PrPC concentration,nM,0.0235,211.532,0.1707,0.0327
PrP_C,PrPC concentration,nM,0.0235,212.51,0.162,0.0231
PrP_C,PrPC concentration,nM,0.0235,213.488,0.1678,0.0347
PrP_C,PrPC concentration,nM,0.0235,214.466,0.1803,0.0405
PrP_C,PrPC concentration,nM,0.0235,215.444,0.1745,0.0482
PrP_C,PrPC concentration,nM,0.0235,216.422,0.1755,0.0501
PrP_C,PrPC concentration,nM,0.0235,217.4,0.1832,0.0385
PrP_C,PrPC concentration,nM,0.0235,218.378,0.1871,0.0385
PrP_C,PrPC concentration,nM,0.0235,219.356,0.1967,0.0655
PrP_C,PrPC concentration,nM,0.0235,220.334,0.1977,0.0674
PrP_C,PrPC concentration,nM,0.0235,221.312,0.1909,0.0539
PrP_C,PrPC concentration,nM,0.0235,222.29,0.1832,0.0308
PrP_C,PrPC concentration,nM,0.0235,223.268,0.1861,0.0405
PrP_C,PrPC concentration,nM,0.0235,224.246,0.2005,0.0424
PrP_C,PrPC concentration,nM,0.0235,225.224,0.2073,0.0289
PrP_C,PrPC concentration,nM,0.0235,226.202,0.1986,0.027
PrP_C,PrPC concentration,nM,0.0235,227.18,0.1967,0.027
PrP_C,PrPC concentration,nM,0.0235,228.158,0.1919,0.0366
PrP_C,PrPC concentration,nM,0.0235,229.136,0.1813,0.0231
PrP_C,PrPC concentration,nM,0.0235,230.114,0.1803,0.0212
PrP_C,PrPC concentration,nM,0.0235,231.092,0.1832,0.0308
PrP_C,PrPC concentration,nM,0.0235,232.07,0.1832,0.0424
PrP_C,PrPC concentration,nM,0.0235,233.048,0.163,0.0674
PrP_C,PrPC concentration,nM,0.0235,234.026,0.1562,0.0578
PrP_C,PrPC concentration,nM,0.0235,235.004,0.1697,0.0655
PrP_C,PrPC concentration,nM,0.0235,235.982,0.1813,0.0462
PrP_C,PrPC concentration,nM,0.0235,236.96,0.1726,0.0405
PrP_C,PrPC concentration,nM,0.0235,237.938,0.163,0.0212
PrP_C,PrPC concentration,nM,0.0235,238.916,0.1755,0.0347
PrP_C,PrPC concentration,nM,0.0235,239.894,0.188,0.0366
PrP_C,PrPC concentration,nM,0.0235,240.872,0.1899,0.0327
PrP_C,PrPC concentration,nM,0.0235,241.85,0.1813,0.0462
PrP_C,PrPC concentration,nM,0.0235,242.828,0.1957,0.0751
PrP_C,PrPC concentration,nM,0.0235,243.806,0.1909,0.0848
PrP_C,PrPC concentration,nM,0.0235,244.784,0.1726,0.0482
PrP_C,PrPC concentration,nM,0.0235,245.762,0.1678,0.0154
PrP_C,PrPC concentration,nM,0.0235,246.74,0.1851,0.0424
PrP_C,PrPC concentration,nM,0.0235,247.718,0.1957,0.052
PrP_C,PrPC concentration,nM,0.0235,248.696,0.2044,0.0347
PrP_C,PrPC concentration,nM,0.0235,249.674,0.1899,0.0289
PrP_C,PrPC concentration,nM,0.0235,250.652,0.1813,0.0193
PrP_C,PrPC concentration,nM,0.0235,251.63,0.1736,0.0154
PrP_C,PrPC concentration,nM,0.0235,252.608,0.163,0.025
PrP_C,PrPC concentration,nM,0.0235,253.586,0.1572,0.025
PrP_C,PrPC concentration,nM,0.0235,254.564,0.1591,0.0289
PrP_C,PrPC concentration,nM,0.0235,255.542,0.163,0.0212
PrP_C,PrPC concentration,nM,0.0235,256.52,0.1822,0.0482
PrP_C,PrPC concentration,nM,0.0235,257.498,0.2005,0.0694
PrP_C,PrPC concentration,nM,0.0235,258.476,0.1967,0.0771
PrP_C,PrPC concentration,nM,0.0235,259.454,0.1649,0.079
PrP_C,PrPC concentration,nM,0.0235,260.432,0.1678,0.0848
PrP_C,PrPC concentration,nM,0.0235,261.41,0.1996,0.025
PrP_C,PrPC concentration,nM,0.0235,262.388,0.1755,0.0732
PrP_C,PrPC concentration,nM,0.0235,263.366,0.1726,0.0674
PrP_C,PrPC concentration,nM,0.0235,264.344,0.1688,0.0559
PrP_C,PrPC concentration,nM,0.0235,265.322,0.1765,0.0443
PrP_C,PrPC concentration,nM,0.0235,266.3,0.1755,0.0231
PrP_C,PrPC concentration,nM,0.0235,267.278,0.1813,0.0154
PrP_C,PrPC concentration,nM,0.0235,268.256,0.189,0.0154
PrP_C,PrPC concentration,nM,0.0235,269.234,0.1928,0.0193
PrP_C,PrPC concentration,nM,0.0235,270.212,0.1938,0.0212
PrP_C,PrPC concentration,nM,0.0235,271.19,0.1861,0.0327
PrP_C,PrPC concentration,nM,0.0235,272.168,0.1755,0.0231
PrP_C,PrPC concentration,nM,0.0235,273.146,0.1745,0.0212
PrP_C,PrPC concentration,nM,0.0235,274.124,0.1803,0.0289
PrP_C,PrPC concentration,nM,0.0235,275.102,0.1726,0.0597
PrP_C,PrPC concentration,nM,0.0235,276.08,0.1986,0.1194
PrP_C,PrPC concentration,nM,0.0235,277.058,0.2063,0.1002
PrP_C,PrPC concentration,nM,0.0235,278.036,0.2044,0.0462
PrP_C,PrPC concentration,nM,0.0235,279.014,0.1928,0.0655
PrP_C,PrPC concentration,nM,0.0235,279.992,0.1986,0.0655
PrP_C,PrPC concentration,nM,0.0235,280.97,0.2005,0.0578
PrP_C,PrPC concentration,nM,0.0235,281.948,0.1765,0.0173
PrP_C,PrPC concentration,nM,0.0235,282.926,0.1745,0.0173
PrP_C,PrPC concentration,nM,0.0235,283.904,0.1678,0.0308
PrP_C,PrPC concentration,nM,0.0235,284.882,0.1688,0.0327
PrP_C,PrPC concentration,nM,0.0235,285.86,0.189,0.0578
PrP_C,PrPC concentration,nM,0.0235,286.838,0.2102,0.0809
PrP_C,PrPC concentration,nM,0.0235,287.816,0.214,0.0732
PrP_C,PrPC concentration,nM,0.0235,288.794,0.2025,0.0578
PrP_C,PrPC concentration,nM,0.0235,289.772,0.1774,0.0154
PrP_C,PrPC concentration,nM,0.0235,290.75,0.1774,0.027
PrP_C,PrPC concentration,nM,0.0235,291.728,0.1803,0.0327
PrP_C,PrPC concentration,nM,0.0235,292.706,0.1851,0.0231
PrP_C,PrPC concentration,nM,0.0235,293.684,0.1784,0.0327
PrP_C,PrPC concentration,nM,0.0235,294.662,0.1688,0.0327
PrP_C,PrPC concentration,nM,0.0235,295.64,0.1678,0.0308
PrP_C,PrPC concentration,nM,0.0235,296.618,0.1639,0.0539
PrP_C,PrPC concentration,nM,0.0235,297.596,0.1697,0.1117
PrP_C,PrPC concentration,nM,0.0235,298.574,0.1716,0.1079
PrP_C,PrPC concentration,nM,0.0235,299.552,0.1909,0.0694
PrP_C,PrPC concentration,nM,0.0235,300.53,0.1765,0.0443
PrP_C,PrPC concentration,nM,0.0235,301.508,0.1842,0.0289
PrP_C,PrPC concentration,nM,0.0235,302.486,0.1938,0.0327
PrP_C,PrPC concentration,nM,0.0235,303.464,0.1813,0.0616
PrP_C,PrPC concentration,nM,0.0235,304.442,0.1938,0.0867
PrP_C,PrPC concentration,nM,0.0235,305.42,0.1986,0.0771
PrP_C,PrPC concentration,nM,0.0235,306.398,0.1928,0.0655
PrP_C,PrPC concentration,nM,0.0235,307.375,0.1967,0.0578
PrP_C,PrPC concentration,nM,0.0235,308.353,0.1919,0.0597
PrP_C,PrPC concentration,nM,0.0235,309.331,0.1851,0.0501
PrP_C,PrPC concentration,nM,0.0235,310.309,0.1765,0.0674
PrP_C,PrPC concentration,nM,0.0235,311.287,0.1707,0.0559
PrP_C,PrPC concentration,nM,0.0235,312.265,0.1755,0.0347
PrP_C,PrPC concentration,nM,0.0235,313.243,0.188,0.0135
PrP_C,PrPC concentration,nM,0.0235,314.221,0.1871,0.0154
PrP_C,PrPC concentration,nM,0.0235,315.199,0.1899,0.0212
PrP_C,PrPC concentration,nM,0.0235,316.177,0.1871,0.0347
PrP_C,PrPC concentration,nM,0.0235,317.155,0.1832,0.0385
PrP_C,PrPC concentration,nM,0.0235,318.133,0.1832,0.0308
PrP_C,PrPC concentration,nM,0.0235,319.111,0.1813,0.027
PrP_C,PrPC concentration,nM,0.0235,320.089,0.1851,0.0347
PrP_C,PrPC concentration,nM,0.0235,321.067,0.1842,0.0405
PrP_C,PrPC concentration,nM,0.0235,322.045,0.1745,0.0212
PrP_C,PrPC concentration,nM,0.0235,323.023,0.1668,0.025
PrP_C,PrPC concentration,nM,0.0235,324.001,0.1736,0.0578
PrP_C,PrPC concentration,nM,0.0235,324.979,0.1736,0.0578
PrP_C,PrPC concentration,nM,0.0235,325.957,0.1851,0.0308
PrP_C,PrPC concentration,nM,0.0235,326.935,0.1948,0.0462
PrP_C,PrPC concentration,nM,0.0235,327.913,0.1967,0.0424
PrP_C,PrPC concentration,nM,0.0235,328.891,0.1919,0.0327
PrP_C,PrPC concentration,nM,0.0235,329.869,0.188,0.0327
PrP_C,PrPC concentration,nM,0.0235,330.847,0.1871,0.0308
PrP_C,PrPC concentration,nM,0.0235,331.825,0.1957,0.025
PrP_C,PrPC concentration,nM,0.0235,332.803,0.1726,0.0713
PrP_C,PrPC concentration,nM,0.0235,333.781,0.1697,0.0694
PrP_C,PrPC concentration,nM,0.0235,334.759,0.1639,0.0501
PrP_C,PrPC concentration,nM,0.0235,335.737,0.188,0.0597
PrP_C,PrPC concentration,nM,0.0235,336.715,0.189,0.0578
PrP_C,PrPC concentration,nM,0.0235,337.693,0.1861,0.052
PrP_C,PrPC concentration,nM,0.0235,338.671,0.188,0.052
PrP_C,PrPC concentration,nM,0.0235,339.649,0.1716,0.0308
PrP_C,PrPC concentration,nM,0.0235,340.627,0.1794,0.0462
PrP_C,PrPC concentration,nM,0.0235,341.605,0.1813,0.0424
PrP_C,PrPC concentration,nM,0.0235,342.583,0.1813,0.0308
PrP_C,PrPC concentration,nM,0.0235,343.561,0.1803,0.0289
PrP_C,PrPC concentration,nM,0.0235,344.539,0.1784,0.0327
PrP_C,PrPC concentration,nM,0.0235,345.517,0.1832,0.0424
PrP_C,PrPC concentration,nM,0.0235,346.495,0.1861,0.0366
PrP_C,PrPC concentration,nM,0.0235,347.473,0.1736,0.027
PrP_C,PrPC concentration,nM,0.0235,348.451,0.1784,0.0366
PrP_C,PrPC concentration,nM,0.0235,349.429,0.1745,0.0559
PrP_C,PrPC concentration,nM,0.0235,350.407,0.1909,0.1079
PrP_C,PrPC concentration,nM,0.0235,351.385,0.2005,0.0886
PrP_C,PrPC concentration,nM,0.0235,352.363,0.1938,0.0674
PrP_C,PrPC concentration,nM,0.0235,353.341,0.1851,0.0308
PrP_C,PrPC concentration,nM,0.0235,354.319,0.1909,0.0231
PrP_C,PrPC concentration,nM,0.0235,355.297,0.1813,0.0347
PrP_C,PrPC concentration,nM,0.0235,356.275,0.1745,0.0212
PrP_C,PrPC concentration,nM,0.0235,357.253,0.1948,0.0077
PrP_C,PrPC concentration,nM,0.0235,358.231,0.1938,0.0058
PrP_C,PrPC concentration,nM,0.0235,361.165,0.1996,0.0173
PrP_C,PrPC concentration,nM,0.0235,362.143,0.2015,0.0212
PrP_C,PrPC concentration,nM,0.0235,363.121,0.1379,0.0019
PrP_C,PrPC concentration,nM,0.047,2.242,1.0462,0.0039
PrP_C,PrPC concentration,nM,0.047,3.22,1.0848,0.0
PrP_C,PrPC concentration,nM,0.047,4.198,1.0453,0.0058
PrP_C,PrPC concentration,nM,0.047,5.176,1.0424,0.0116
PrP_C,PrPC concentration,nM,0.047,6.154,1.0433,0.0096
PrP_C,PrPC concentration,nM,0.047,7.132,0.9624,0.0096
PrP_C,PrPC concentration,nM,0.047,8.11,0.9624,0.0135
PrP_C,PrPC concentration,nM,0.047,9.088,0.9615,0.0116
PrP_C,PrPC concentration,nM,0.047,10.066,0.9384,0.0116
PrP_C,PrPC concentration,nM,0.047,11.044,0.9384,0.0116
PrP_C,PrPC concentration,nM,0.047,12.022,1.0212,0.027
PrP_C,PrPC concentration,nM,0.047,13.0,1.0212,0.027
PrP_C,PrPC concentration,nM,0.047,13.978,0.9258,0.0289
PrP_C,PrPC concentration,nM,0.047,14.956,0.9258,0.0289
PrP_C,PrPC concentration,nM,0.047,15.934,1.025,0.0308
PrP_C,PrPC concentration,nM,0.047,16.912,1.0308,0.027
PrP_C,PrPC concentration,nM,0.047,17.89,1.0366,0.0116
PrP_C,PrPC concentration,nM,0.047,18.868,0.9981,0.0116
PrP_C,PrPC concentration,nM,0.047,19.846,0.9971,0.0096
PrP_C,PrPC concentration,nM,0.047,20.824,0.9817,0.0096
PrP_C,PrPC concentration,nM,0.047,21.801,0.9807,0.0116
PrP_C,PrPC concentration,nM,0.047,22.779,0.9403,0.0116
PrP_C,PrPC concentration,nM,0.047,23.757,0.8912,0.025
PrP_C,PrPC concentration,nM,0.047,24.735,0.8912,0.0289
PrP_C,PrPC concentration,nM,0.047,25.713,0.8912,0.025
PrP_C,PrPC concentration,nM,0.047,26.691,1.0222,0.0212
PrP_C,PrPC concentration,nM,0.047,27.669,1.0231,0.0193
PrP_C,PrPC concentration,nM,0.047,28.647,0.9364,0.0212
PrP_C,PrPC concentration,nM,0.047,29.625,0.9412,0.025
PrP_C,PrPC concentration,nM,0.047,30.603,0.947,0.0135
PrP_C,PrPC concentration,nM,0.047,31.581,0.9865,0.0116
PrP_C,PrPC concentration,nM,0.047,32.559,0.9913,0.0212
PrP_C,PrPC concentration,nM,0.047,33.537,1.001,0.0096
PrP_C,PrPC concentration,nM,0.047,34.515,0.9615,0.0116
PrP_C,PrPC concentration,nM,0.047,35.493,0.9615,0.0116
PrP_C,PrPC concentration,nM,0.047,36.471,0.9807,0.0077
PrP_C,PrPC concentration,nM,0.047,37.449,0.9807,0.0077
PrP_C,PrPC concentration,nM,0.047,38.427,0.9335,0.0135
PrP_C,PrPC concentration,nM,0.047,39.405,0.9384,0.0193
PrP_C,PrPC concentration,nM,0.047,40.383,0.9412,0.0135
PrP_C,PrPC concentration,nM,0.047,41.361,0.9422,0.0077
PrP_C,PrPC concentration,nM,0.047,42.339,0.9432,0.0135
PrP_C,PrPC concentration,nM,0.047,43.317,0.9432,0.0135
PrP_C,PrPC concentration,nM,0.047,44.295,0.9432,0.0019
PrP_C,PrPC concentration,nM,0.047,46.251,0.9249,0.0154
PrP_C,PrPC concentration,nM,0.047,47.229,0.9249,0.0154
PrP_C,PrPC concentration,nM,0.047,49.185,0.894,0.0154
PrP_C,PrPC concentration,nM,0.047,50.163,0.894,0.0154
PrP_C,PrPC concentration,nM,0.047,51.141,0.8536,0.0116
PrP_C,PrPC concentration,nM,0.047,52.119,0.8536,0.0116
PrP_C,PrPC concentration,nM,0.047,53.097,0.7698,0.0135
PrP_C,PrPC concentration,nM,0.047,54.075,0.7274,0.0135
PrP_C,PrPC concentration,nM,0.047,55.053,0.7284,0.0
PrP_C,PrPC concentration,nM,0.047,56.031,0.737,0.0096
PrP_C,PrPC concentration,nM,0.047,57.009,0.737,0.0135
PrP_C,PrPC concentration,nM,0.047,57.987,0.737,0.0096
PrP_C,PrPC concentration,nM,0.047,58.965,0.7255,0.0096
PrP_C,PrPC concentration,nM,0.047,59.943,0.7255,0.0135
PrP_C,PrPC concentration,nM,0.047,60.921,0.7274,0.0173
PrP_C,PrPC concentration,nM,0.047,61.899,0.7313,0.0135
PrP_C,PrPC concentration,nM,0.047,62.877,0.6908,0.0135
PrP_C,PrPC concentration,nM,0.047,63.855,0.6687,0.052
PrP_C,PrPC concentration,nM,0.047,64.833,0.6648,0.0308
PrP_C,PrPC concentration,nM,0.047,65.811,0.661,0.0308
PrP_C,PrPC concentration,nM,0.047,66.789,0.6109,0.0154
PrP_C,PrPC concentration,nM,0.047,67.767,0.6099,0.0135
PrP_C,PrPC concentration,nM,0.047,68.745,0.608,0.0135
PrP_C,PrPC concentration,nM,0.047,69.723,0.5849,0.0135
PrP_C,PrPC concentration,nM,0.047,70.701,0.5849,0.0135
PrP_C,PrPC concentration,nM,0.047,71.679,0.5444,0.0135
PrP_C,PrPC concentration,nM,0.047,72.657,0.5444,0.0096
PrP_C,PrPC concentration,nM,0.047,73.635,0.5155,0.0096
PrP_C,PrPC concentration,nM,0.047,74.613,0.5155,0.0135
PrP_C,PrPC concentration,nM,0.047,75.591,0.5155,0.0135
PrP_C,PrPC concentration,nM,0.047,76.569,0.4799,0.0116
PrP_C,PrPC concentration,nM,0.047,77.547,0.4799,0.0154
PrP_C,PrPC concentration,nM,0.047,78.525,0.4394,0.0154
PrP_C,PrPC concentration,nM,0.047,79.503,0.4365,0.0173
PrP_C,PrPC concentration,nM,0.047,80.481,0.4356,0.0154
PrP_C,PrPC concentration,nM,0.047,81.459,0.425,0.0212
PrP_C,PrPC concentration,nM,0.047,82.437,0.4221,0.0154
PrP_C,PrPC concentration,nM,0.047,83.415,0.4221,0.0154
PrP_C,PrPC concentration,nM,0.047,84.393,0.4259,0.0193
PrP_C,PrPC concentration,nM,0.047,85.371,0.4279,0.0154
PrP_C,PrPC concentration,nM,0.047,86.349,0.3884,0.0135
PrP_C,PrPC concentration,nM,0.047,87.327,0.3893,0.0154
PrP_C,PrPC concentration,nM,0.047,88.305,0.3932,0.0116
PrP_C,PrPC concentration,nM,0.047,89.283,0.4211,0.0135
PrP_C,PrPC concentration,nM,0.047,90.261,0.4211,0.0135
PrP_C,PrPC concentration,nM,0.047,91.239,0.3787,0.0135
PrP_C,PrPC concentration,nM,0.047,92.217,0.3797,0.0077
PrP_C,PrPC concentration,nM,0.047,93.195,0.3489,0.0077
PrP_C,PrPC concentration,nM,0.047,94.173,0.3479,0.0135
PrP_C,PrPC concentration,nM,0.047,95.151,0.3479,0.0135
PrP_C,PrPC concentration,nM,0.047,96.129,0.3479,0.0096
PrP_C,PrPC concentration,nM,0.047,97.107,0.3556,0.0135
PrP_C,PrPC concentration,nM,0.047,98.085,0.3556,0.0173
PrP_C,PrPC concentration,nM,0.047,99.063,0.319,0.025
PrP_C,PrPC concentration,nM,0.047,100.041,0.32,0.0231
PrP_C,PrPC concentration,nM,0.047,101.019,0.3672,0.0173
PrP_C,PrPC concentration,nM,0.047,101.997,0.3662,0.0116
PrP_C,PrPC concentration,nM,0.047,102.975,0.3344,0.0135
PrP_C,PrPC concentration,nM,0.047,103.953,0.3344,0.0135
PrP_C,PrPC concentration,nM,0.047,104.931,0.3335,0.0116
PrP_C,PrPC concentration,nM,0.047,106.887,0.3595,0.0135
PrP_C,PrPC concentration,nM,0.047,107.865,0.3595,0.0135
PrP_C,PrPC concentration,nM,0.047,108.843,0.3566,0.0173
PrP_C,PrPC concentration,nM,0.047,109.821,0.3498,0.0135
PrP_C,PrPC concentration,nM,0.047,110.799,0.3498,0.0135
PrP_C,PrPC concentration,nM,0.047,111.777,0.3412,0.0116
PrP_C,PrPC concentration,nM,0.047,112.755,0.3412,0.0154
PrP_C,PrPC concentration,nM,0.047,113.733,0.2998,0.0135
PrP_C,PrPC concentration,nM,0.047,114.711,0.2824,0.0366
PrP_C,PrPC concentration,nM,0.047,115.689,0.2766,0.0173
PrP_C,PrPC concentration,nM,0.047,116.667,0.3691,0.025
PrP_C,PrPC concentration,nM,0.047,117.645,0.3681,0.0231
PrP_C,PrPC concentration,nM,0.047,118.623,0.3229,0.0135
PrP_C,PrPC concentration,nM,0.047,119.601,0.319,0.0096
PrP_C,PrPC concentration,nM,0.047,120.579,0.319,0.0135
PrP_C,PrPC concentration,nM,0.047,121.557,0.319,0.0096
PrP_C,PrPC concentration,nM,0.047,122.535,0.32,0.0116
PrP_C,PrPC concentration,nM,0.047,123.513,0.2766,0.0289
PrP_C,PrPC concentration,nM,0.047,124.491,0.2776,0.0308
PrP_C,PrPC concentration,nM,0.047,125.469,0.3306,0.0212
PrP_C,PrPC concentration,nM,0.047,126.447,0.3229,0.0424
PrP_C,PrPC concentration,nM,0.047,127.425,0.3036,0.0135
PrP_C,PrPC concentration,nM,0.047,128.403,0.3103,0.0193
PrP_C,PrPC concentration,nM,0.047,129.381,0.3132,0.0135
PrP_C,PrPC concentration,nM,0.047,130.359,0.3132,0.0096
PrP_C,PrPC concentration,nM,0.047,131.337,0.2901,0.0135
PrP_C,PrPC concentration,nM,0.047,132.315,0.2487,0.0347
PrP_C,PrPC concentration,nM,0.047,133.293,0.2593,0.0347
PrP_C,PrPC concentration,nM,0.047,134.271,0.3084,0.0116
PrP_C,PrPC concentration,nM,0.047,135.249,0.3084,0.0116
PrP_C,PrPC concentration,nM,0.047,137.205,0.2834,0.0154
PrP_C,PrPC concentration,nM,0.047,138.183,0.2834,0.0193
PrP_C,PrPC concentration,nM,0.047,139.161,0.2853,0.0116
PrP_C,PrPC concentration,nM,0.047,140.139,0.2892,0.0116
PrP_C,PrPC concentration,nM,0.047,141.117,0.2391,0.0193
PrP_C,PrPC concentration,nM,0.047,142.095,0.2391,0.0231
PrP_C,PrPC concentration,nM,0.047,143.073,0.2391,0.0193
PrP_C,PrPC concentration,nM,0.047,144.051,0.2872,0.0154
PrP_C,PrPC concentration,nM,0.047,145.029,0.3315,0.0193
PrP_C,PrPC concentration,nM,0.047,146.007,0.3315,0.0193
PrP_C,PrPC concentration,nM,0.047,146.985,0.3113,0.0019
PrP_C,PrPC concentration,nM,0.047,147.963,0.3113,0.0135
PrP_C,PrPC concentration,nM,0.047,148.941,0.3113,0.0135
PrP_C,PrPC concentration,nM,0.047,149.919,0.2853,0.0154
PrP_C,PrPC concentration,nM,0.047,150.897,0.2853,0.0116
PrP_C,PrPC concentration,nM,0.047,151.875,0.3209,0.0135
PrP_C,PrPC concentration,nM,0.047,152.853,0.32,0.0116
PrP_C,PrPC concentration,nM,0.047,153.831,0.2949,0.0154
PrP_C,PrPC concentration,nM,0.047,154.809,0.2949,0.0154
PrP_C,PrPC concentration,nM,0.047,155.787,0.3007,0.0193
PrP_C,PrPC concentration,nM,0.047,156.765,0.3065,0.027
PrP_C,PrPC concentration,nM,0.047,157.743,0.319,0.0231
PrP_C,PrPC concentration,nM,0.047,158.721,0.2786,0.0173
PrP_C,PrPC concentration,nM,0.047,159.699,0.2786,0.0173
PrP_C,PrPC concentration,nM,0.047,160.677,0.2786,0.0135
PrP_C,PrPC concentration,nM,0.047,161.655,0.241,0.0193
PrP_C,PrPC concentration,nM,0.047,162.633,0.241,0.0154
PrP_C,PrPC concentration,nM,0.047,163.611,0.3354,0.0231
PrP_C,PrPC concentration,nM,0.047,164.588,0.3364,0.025
PrP_C,PrPC concentration,nM,0.047,165.566,0.2978,0.0135
PrP_C,PrPC concentration,nM,0.047,166.544,0.2988,0.0077
PrP_C,PrPC concentration,nM,0.047,167.522,0.2949,0.0039
PrP_C,PrPC concentration,nM,0.047,168.5,0.2959,0.0135
PrP_C,PrPC concentration,nM,0.047,169.478,0.2959,0.0135
PrP_C,PrPC concentration,nM,0.047,170.456,0.268,0.0116
PrP_C,PrPC concentration,nM,0.047,171.434,0.2998,0.0135
PrP_C,PrPC concentration,nM,0.047,172.412,0.2998,0.0135
PrP_C,PrPC concentration,nM,0.047,173.39,0.3017,0.0096
PrP_C,PrPC concentration,nM,0.047,174.368,0.3017,0.0135
PrP_C,PrPC concentration,nM,0.047,175.346,0.3017,0.0096
PrP_C,PrPC concentration,nM,0.047,176.324,0.2622,0.0116
PrP_C,PrPC concentration,nM,0.047,177.302,0.2622,0.0116
PrP_C,PrPC concentration,nM,0.047,178.28,0.2381,0.0135
PrP_C,PrPC concentration,nM,0.047,179.258,0.2381,0.0173
PrP_C,PrPC concentration,nM,0.047,180.236,0.2834,0.0154
PrP_C,PrPC concentration,nM,0.047,181.214,0.2815,0.0193
PrP_C,PrPC concentration,nM,0.047,182.192,0.2795,0.0231
PrP_C,PrPC concentration,nM,0.047,183.17,0.2786,0.0173
PrP_C,PrPC concentration,nM,0.047,184.148,0.267,0.0019
PrP_C,PrPC concentration,nM,0.047,185.126,0.268,0.0116
PrP_C,PrPC concentration,nM,0.047,186.104,0.268,0.0116
PrP_C,PrPC concentration,nM,0.047,187.082,0.3007,0.0077
PrP_C,PrPC concentration,nM,0.047,188.06,0.2988,0.0116
PrP_C,PrPC concentration,nM,0.047,189.038,0.2853,0.0308
PrP_C,PrPC concentration,nM,0.047,190.016,0.2805,0.0173
PrP_C,PrPC concentration,nM,0.047,190.994,0.2805,0.0173
PrP_C,PrPC concentration,nM,0.047,191.972,0.2766,0.0173
PrP_C,PrPC concentration,nM,0.047,192.95,0.2766,0.0173
PrP_C,PrPC concentration,nM,0.047,193.928,0.2776,0.0154
PrP_C,PrPC concentration,nM,0.047,194.906,0.2506,0.0116
PrP_C,PrPC concentration,nM,0.047,195.884,0.2516,0.0135
PrP_C,PrPC concentration,nM,0.047,196.862,0.2545,0.0193
PrP_C,PrPC concentration,nM,0.047,197.84,0.2988,0.027
PrP_C,PrPC concentration,nM,0.047,198.818,0.2969,0.0289
PrP_C,PrPC concentration,nM,0.047,199.796,0.2892,0.0154
PrP_C,PrPC concentration,nM,0.047,200.774,0.2901,0.0173
PrP_C,PrPC concentration,nM,0.047,201.752,0.2901,0.0173
PrP_C,PrPC concentration,nM,0.047,202.73,0.2583,0.0116
PrP_C,PrPC concentration,nM,0.047,203.708,0.3036,0.0135
PrP_C,PrPC concentration,nM,0.047,204.686,0.2949,0.0308
PrP_C,PrPC concentration,nM,0.047,205.664,0.241,0.0154
PrP_C,PrPC concentration,nM,0.047,206.642,0.242,0.0173
PrP_C,PrPC concentration,nM,0.047,207.62,0.2439,0.0135
PrP_C,PrPC concentration,nM,0.047,208.598,0.2689,0.0135
PrP_C,PrPC concentration,nM,0.047,209.576,0.268,0.0116
PrP_C,PrPC concentration,nM,0.047,210.554,0.2574,0.0135
PrP_C,PrPC concentration,nM,0.047,211.532,0.2564,0.0154
PrP_C,PrPC concentration,nM,0.047,212.51,0.2497,0.0212
PrP_C,PrPC concentration,nM,0.047,213.488,0.2497,0.0212
PrP_C,PrPC concentration,nM,0.047,214.466,0.3017,0.025
PrP_C,PrPC concentration,nM,0.047,215.444,0.3152,0.025
PrP_C,PrPC concentration,nM,0.047,216.422,0.2747,0.0212
PrP_C,PrPC concentration,nM,0.047,217.4,0.2766,0.025
PrP_C,PrPC concentration,nM,0.047,218.378,0.2815,0.0193
PrP_C,PrPC concentration,nM,0.047,219.356,0.2815,0.0154
PrP_C,PrPC concentration,nM,0.047,220.334,0.2352,0.0193
PrP_C,PrPC concentration,nM,0.047,221.312,0.2343,0.0212
PrP_C,PrPC concentration,nM,0.047,222.29,0.2583,0.0116
PrP_C,PrPC concentration,nM,0.047,223.268,0.2583,0.0116
PrP_C,PrPC concentration,nM,0.047,224.246,0.2593,0.0019
PrP_C,PrPC concentration,nM,0.047,225.224,0.2603,0.0116
PrP_C,PrPC concentration,nM,0.047,226.202,0.2603,0.0116
PrP_C,PrPC concentration,nM,0.047,227.18,0.2593,0.0019
PrP_C,PrPC concentration,nM,0.047,228.158,0.267,0.0096
PrP_C,PrPC concentration,nM,0.047,229.136,0.266,0.0154
PrP_C,PrPC concentration,nM,0.047,230.114,0.266,0.0116
PrP_C,PrPC concentration,nM,0.047,231.092,0.2304,0.0135
PrP_C,PrPC concentration,nM,0.047,232.07,0.2294,0.0116
PrP_C,PrPC concentration,nM,0.047,233.048,0.2651,0.0135
PrP_C,PrPC concentration,nM,0.047,234.026,0.2651,0.0135
PrP_C,PrPC concentration,nM,0.047,235.004,0.3075,0.0135
PrP_C,PrPC concentration,nM,0.047,235.982,0.3075,0.0096
PrP_C,PrPC concentration,nM,0.047,236.96,0.2776,0.0077
PrP_C,PrPC concentration,nM,0.047,237.938,0.2776,0.0154
PrP_C,PrPC concentration,nM,0.047,238.916,0.2766,0.0173
PrP_C,PrPC concentration,nM,0.047,239.894,0.2381,0.0173
PrP_C,PrPC concentration,nM,0.047,240.872,0.2352,0.0231
PrP_C,PrPC concentration,nM,0.047,241.85,0.2815,0.0193
PrP_C,PrPC concentration,nM,0.047,242.828,0.2815,0.0193
PrP_C,PrPC concentration,nM,0.047,243.806,0.2728,0.0231
PrP_C,PrPC concentration,nM,0.047,244.784,0.2699,0.0154
PrP_C,PrPC concentration,nM,0.047,245.762,0.2728,0.0212
PrP_C,PrPC concentration,nM,0.047,246.74,0.2737,0.0193
PrP_C,PrPC concentration,nM,0.047,247.718,0.2737,0.0193
PrP_C,PrPC concentration,nM,0.047,248.696,0.2574,0.0135
PrP_C,PrPC concentration,nM,0.047,249.674,0.2574,0.0135
PrP_C,PrPC concentration,nM,0.047,250.652,0.2988,0.0116
PrP_C,PrPC concentration,nM,0.047,251.63,0.2978,0.0135
PrP_C,PrPC concentration,nM,0.047,252.608,0.3392,0.0116
PrP_C,PrPC concentration,nM,0.047,253.586,0.3094,0.0135
PrP_C,PrPC concentration,nM,0.047,254.564,0.3026,0.027
PrP_C,PrPC concentration,nM,0.047,255.542,0.2969,0.025
PrP_C,PrPC concentration,nM,0.047,256.52,0.2949,0.0116
PrP_C,PrPC concentration,nM,0.047,257.498,0.3103,0.0116
PrP_C,PrPC concentration,nM,0.047,258.476,0.3036,0.025
PrP_C,PrPC concentration,nM,0.047,259.454,0.2998,0.025
PrP_C,PrPC concentration,nM,0.047,260.432,0.2949,0.0116
PrP_C,PrPC concentration,nM,0.047,261.41,0.2911,0.0116
PrP_C,PrPC concentration,nM,0.047,262.388,0.2911,0.0116
PrP_C,PrPC concentration,nM,0.047,263.366,0.292,0.0058
PrP_C,PrPC concentration,nM,0.047,264.344,0.2497,0.0173
PrP_C,PrPC concentration,nM,0.047,265.322,0.2487,0.0193
PrP_C,PrPC concentration,nM,0.047,266.3,0.293,0.0193
PrP_C,PrPC concentration,nM,0.047,267.278,0.293,0.0193
PrP_C,PrPC concentration,nM,0.047,268.256,0.2429,0.0154
PrP_C,PrPC concentration,nM,0.047,269.234,0.2882,0.0135
PrP_C,PrPC concentration,nM,0.047,270.212,0.2882,0.0135
PrP_C,PrPC concentration,nM,0.047,271.19,0.2795,0.0231
PrP_C,PrPC concentration,nM,0.047,272.168,0.2766,0.0173
PrP_C,PrPC concentration,nM,0.047,273.146,0.2766,0.0135
PrP_C,PrPC concentration,nM,0.047,274.124,0.3075,0.0135
PrP_C,PrPC concentration,nM,0.047,275.102,0.2949,0.0327
PrP_C,PrPC concentration,nM,0.047,276.08,0.294,0.0327
PrP_C,PrPC concentration,nM,0.047,277.058,0.3084,0.0116
PrP_C,PrPC concentration,nM,0.047,278.036,0.2805,0.0212
PrP_C,PrPC concentration,nM,0.047,279.014,0.2805,0.0212
PrP_C,PrPC concentration,nM,0.047,279.992,0.2824,0.0173
PrP_C,PrPC concentration,nM,0.047,280.97,0.2824,0.0173
PrP_C,PrPC concentration,nM,0.047,281.948,0.2805,0.0173
PrP_C,PrPC concentration,nM,0.047,282.926,0.2786,0.0173
PrP_C,PrPC concentration,nM,0.047,283.904,0.2776,0.0154
PrP_C,PrPC concentration,nM,0.047,284.882,0.3123,0.0077
PrP_C,PrPC concentration,nM,0.047,285.86,0.3132,0.0135
PrP_C,PrPC concentration,nM,0.047,286.838,0.2718,0.0193
PrP_C,PrPC concentration,nM,0.047,287.816,0.2689,0.025
PrP_C,PrPC concentration,nM,0.047,288.794,0.2641,0.0154
PrP_C,PrPC concentration,nM,0.047,289.772,0.2959,0.0096
PrP_C,PrPC concentration,nM,0.047,290.75,0.2959,0.0135
PrP_C,PrPC concentration,nM,0.047,291.728,0.2988,0.027
PrP_C,PrPC concentration,nM,0.047,292.706,0.3123,0.0289
PrP_C,PrPC concentration,nM,0.047,293.684,0.3161,0.0154
PrP_C,PrPC concentration,nM,0.047,294.662,0.3161,0.0154
PrP_C,PrPC concentration,nM,0.047,295.64,0.32,0.0116
PrP_C,PrPC concentration,nM,0.047,296.618,0.319,0.0135
PrP_C,PrPC concentration,nM,0.047,297.596,0.2766,0.0173
PrP_C,PrPC concentration,nM,0.047,298.574,0.2766,0.0173
PrP_C,PrPC concentration,nM,0.047,299.552,0.241,0.027
PrP_C,PrPC concentration,nM,0.047,300.53,0.2487,0.0154
PrP_C,PrPC concentration,nM,0.047,301.508,0.2352,0.027
PrP_C,PrPC concentration,nM,0.047,302.486,0.2294,0.0193
PrP_C,PrPC concentration,nM,0.047,303.464,0.2728,0.0173
PrP_C,PrPC concentration,nM,0.047,304.442,0.3152,0.0212
PrP_C,PrPC concentration,nM,0.047,305.42,0.3161,0.0231
PrP_C,PrPC concentration,nM,0.047,306.398,0.2583,0.0231
PrP_C,PrPC concentration,nM,0.047,307.375,0.2593,0.0212
PrP_C,PrPC concentration,nM,0.047,308.353,0.2978,0.0173
PrP_C,PrPC concentration,nM,0.047,309.331,0.2959,0.0096
PrP_C,PrPC concentration,nM,0.047,310.309,0.2978,0.0135
PrP_C,PrPC concentration,nM,0.047,311.287,0.2892,0.0308
PrP_C,PrPC concentration,nM,0.047,312.265,0.2815,0.0193
PrP_C,PrPC concentration,nM,0.047,313.243,0.3258,0.0116
PrP_C,PrPC concentration,nM,0.047,314.221,0.2988,0.0116
PrP_C,PrPC concentration,nM,0.047,315.199,0.2978,0.0135
PrP_C,PrPC concentration,nM,0.047,316.177,0.2564,0.0116
PrP_C,PrPC concentration,nM,0.047,317.155,0.2564,0.0116
PrP_C,PrPC concentration,nM,0.047,318.133,0.2448,0.0173
PrP_C,PrPC concentration,nM,0.047,319.111,0.2892,0.0154
PrP_C,PrPC concentration,nM,0.047,320.089,0.2892,0.0154
PrP_C,PrPC concentration,nM,0.047,321.067,0.2901,0.0058
PrP_C,PrPC concentration,nM,0.047,322.045,0.2564,0.0077
PrP_C,PrPC concentration,nM,0.047,323.023,0.2564,0.0116
PrP_C,PrPC concentration,nM,0.047,324.001,0.2564,0.0116
PrP_C,PrPC concentration,nM,0.047,325.957,0.2747,0.0173
PrP_C,PrPC concentration,nM,0.047,326.935,0.2747,0.0173
PrP_C,PrPC concentration,nM,0.047,327.913,0.2747,0.0096
PrP_C,PrPC concentration,nM,0.047,328.891,0.2824,0.0173
PrP_C,PrPC concentration,nM,0.047,329.869,0.2824,0.0173
PrP_C,PrPC concentration,nM,0.047,330.847,0.268,0.0116
PrP_C,PrPC concentration,nM,0.047,331.825,0.3604,0.0231
PrP_C,PrPC concentration,nM,0.047,332.803,0.3624,0.0308
PrP_C,PrPC concentration,nM,0.047,333.781,0.3614,0.025
PrP_C,PrPC concentration,nM,0.047,334.759,0.3113,0.0135
PrP_C,PrPC concentration,nM,0.047,335.737,0.2651,0.0135
PrP_C,PrPC concentration,nM,0.047,336.715,0.2776,0.0116
PrP_C,PrPC concentration,nM,0.047,337.693,0.2786,0.0173
PrP_C,PrPC concentration,nM,0.047,338.671,0.2776,0.0154
PrP_C,PrPC concentration,nM,0.047,339.649,0.3075,0.0135
PrP_C,PrPC concentration,nM,0.047,340.627,0.3065,0.0154
PrP_C,PrPC concentration,nM,0.047,341.605,0.3017,0.025
PrP_C,PrPC concentration,nM,0.047,342.583,0.2959,0.0135
PrP_C,PrPC concentration,nM,0.047,343.561,0.3181,0.0443
PrP_C,PrPC concentration,nM,0.047,344.539,0.3238,0.0231
PrP_C,PrPC concentration,nM,0.047,345.517,0.2805,0.0173
PrP_C,PrPC concentration,nM,0.047,346.495,0.2786,0.0019
PrP_C,PrPC concentration,nM,0.047,347.473,0.2526,0.0154
PrP_C,PrPC concentration,nM,0.047,348.451,0.2526,0.0154
PrP_C,PrPC concentration,nM,0.047,349.429,0.293,0.0116
PrP_C,PrPC concentration,nM,0.047,350.407,0.294,0.0135
PrP_C,PrPC concentration,nM,0.047,351.385,0.294,0.0135
PrP_C,PrPC concentration,nM,0.047,353.341,0.267,0.0135
PrP_C,PrPC concentration,nM,0.047,354.319,0.2689,0.0173
PrP_C,PrPC concentration,nM,0.047,355.297,0.2824,0.0212
PrP_C,PrPC concentration,nM,0.047,356.275,0.2824,0.025
PrP_C,PrPC concentration,nM,0.047,357.253,0.2824,0.0058
PrP_C,PrPC concentration,nM,0.047,358.231,0.2766,0.0173
PrP_C,PrPC concentration,nM,0.047,359.209,0.2766,0.0173
PrP_C,PrPC concentration,nM,0.047,360.187,0.3161,0.0116
PrP_C,PrPC concentration,nM,0.047,361.165,0.3161,0.0193
PrP_C,PrPC concentration,nM,0.047,362.143,0.3152,0.0173
PrP_C,PrPC concentration,nM,0.047,363.121,0.2728,0.0135
PrP_C,PrPC concentration,nM,0.094,6.154,1.0183,0.0019
PrP_C,PrPC concentration,nM,0.094,7.132,1.0433,0.0096
PrP_C,PrPC concentration,nM,0.094,8.11,1.0482,0.0231
PrP_C,PrPC concentration,nM,0.094,9.088,1.0482,0.0231
PrP_C,PrPC concentration,nM,0.094,10.066,1.001,0.0327
PrP_C,PrPC concentration,nM,0.094,11.044,0.9923,0.0154
PrP_C,PrPC concentration,nM,0.094,12.022,0.9942,0.0154
PrP_C,PrPC concentration,nM,0.094,13.0,0.999,0.0058
PrP_C,PrPC concentration,nM,0.094,13.978,1.0,0.0
PrP_C,PrPC concentration,nM,0.094,15.934,0.9846,0.0116
PrP_C,PrPC concentration,nM,0.094,16.912,0.9778,0.025
PrP_C,PrPC concentration,nM,0.094,17.89,0.974,0.0212
PrP_C,PrPC concentration,nM,0.094,18.868,0.9624,0.0173
PrP_C,PrPC concentration,nM,0.094,19.846,0.9673,0.027
PrP_C,PrPC concentration,nM,0.094,20.824,0.9711,0.0193
PrP_C,PrPC concentration,nM,0.094,21.801,1.0173,0.0308
PrP_C,PrPC concentration,nM,0.094,22.779,1.0144,0.0443
PrP_C,PrPC concentration,nM,0.094,23.757,1.0,0.0616
PrP_C,PrPC concentration,nM,0.094,24.735,0.9913,0.0597
PrP_C,PrPC concentration,nM,0.094,25.713,1.0279,0.0289
PrP_C,PrPC concentration,nM,0.094,26.691,1.078,0.0289
PrP_C,PrPC concentration,nM,0.094,27.669,1.0597,0.0636
PrP_C,PrPC concentration,nM,0.094,28.647,1.0433,0.0327
PrP_C,PrPC concentration,nM,0.094,29.625,1.0356,0.0173
PrP_C,PrPC concentration,nM,0.094,30.603,1.0048,0.0173
PrP_C,PrPC concentration,nM,0.094,31.581,1.0019,0.0116
PrP_C,PrPC concentration,nM,0.094,32.559,1.0029,0.0096
PrP_C,PrPC concentration,nM,0.094,34.515,1.0212,0.0077
PrP_C,PrPC concentration,nM,0.094,35.493,1.0116,0.027
PrP_C,PrPC concentration,nM,0.094,36.471,0.9595,0.0231
PrP_C,PrPC concentration,nM,0.094,37.449,1.0067,0.0289
PrP_C,PrPC concentration,nM,0.094,38.427,1.0578,0.0308
PrP_C,PrPC concentration,nM,0.094,39.405,1.0482,0.0616
PrP_C,PrPC concentration,nM,0.094,40.383,1.0482,0.0385
PrP_C,PrPC concentration,nM,0.094,41.361,0.9933,0.0327
PrP_C,PrPC concentration,nM,0.094,42.339,0.9856,0.0135
PrP_C,PrPC concentration,nM,0.094,43.317,1.001,0.0173
PrP_C,PrPC concentration,nM,0.094,44.295,1.0058,0.0231
PrP_C,PrPC concentration,nM,0.094,45.273,1.0116,0.027
PrP_C,PrPC concentration,nM,0.094,46.251,1.0077,0.0347
PrP_C,PrPC concentration,nM,0.094,47.229,0.9913,0.0327
PrP_C,PrPC concentration,nM,0.094,48.207,0.9884,0.027
PrP_C,PrPC concentration,nM,0.094,49.185,0.9923,0.0231
PrP_C,PrPC concentration,nM,0.094,50.163,0.9942,0.0231
PrP_C,PrPC concentration,nM,0.094,51.141,0.9961,0.0154
PrP_C,PrPC concentration,nM,0.094,52.119,0.9634,0.0231
PrP_C,PrPC concentration,nM,0.094,53.097,0.9644,0.0212
PrP_C,PrPC concentration,nM,0.094,54.075,1.0,0.0193
PrP_C,PrPC concentration,nM,0.094,55.053,1.0048,0.0289
PrP_C,PrPC concentration,nM,0.094,56.031,1.0116,0.0231
PrP_C,PrPC concentration,nM,0.094,57.987,1.0125,0.0289
PrP_C,PrPC concentration,nM,0.094,58.965,1.0106,0.0289
PrP_C,PrPC concentration,nM,0.094,59.943,0.9461,0.0713
PrP_C,PrPC concentration,nM,0.094,60.921,0.9306,0.0578
PrP_C,PrPC concentration,nM,0.094,61.899,0.9673,0.0308
PrP_C,PrPC concentration,nM,0.094,62.877,0.9701,0.0289
PrP_C,PrPC concentration,nM,0.094,63.855,0.9441,0.0193
PrP_C,PrPC concentration,nM,0.094,64.833,0.9432,0.025
PrP_C,PrPC concentration,nM,0.094,65.811,0.9894,0.0327
PrP_C,PrPC concentration,nM,0.094,66.789,0.9961,0.0462
PrP_C,PrPC concentration,nM,0.094,67.767,1.0144,0.0135
PrP_C,PrPC concentration,nM,0.094,68.745,1.0096,0.0193
PrP_C,PrPC concentration,nM,0.094,69.723,1.0058,0.0154
PrP_C,PrPC concentration,nM,0.094,70.701,1.0029,0.0096
PrP_C,PrPC concentration,nM,0.094,71.679,0.9769,0.0154
PrP_C,PrPC concentration,nM,0.094,72.657,0.974,0.0212
PrP_C,PrPC concentration,nM,0.094,73.635,0.9701,0.0135
PrP_C,PrPC concentration,nM,0.094,74.613,0.9682,0.0096
PrP_C,PrPC concentration,nM,0.094,75.591,0.9981,0.027
PrP_C,PrPC concentration,nM,0.094,76.569,1.001,0.0327
PrP_C,PrPC concentration,nM,0.094,77.547,1.0087,0.0173
PrP_C,PrPC concentration,nM,0.094,78.525,1.0395,0.0173
PrP_C,PrPC concentration,nM,0.094,79.503,1.0366,0.0231
PrP_C,PrPC concentration,nM,0.094,80.481,1.0337,0.0173
PrP_C,PrPC concentration,nM,0.094,81.459,0.9961,0.0231
PrP_C,PrPC concentration,nM,0.094,82.437,0.9923,0.027
PrP_C,PrPC concentration,nM,0.094,83.415,0.9856,0.0135
PrP_C,PrPC concentration,nM,0.094,84.393,0.9586,0.0135
PrP_C,PrPC concentration,nM,0.094,85.371,0.9576,0.0154
PrP_C,PrPC concentration,nM,0.094,86.349,0.9528,0.0135
PrP_C,PrPC concentration,nM,0.094,87.327,0.9509,0.0096
PrP_C,PrPC concentration,nM,0.094,88.305,0.9461,0.0193
PrP_C,PrPC concentration,nM,0.094,89.283,0.947,0.0327
PrP_C,PrPC concentration,nM,0.094,90.261,1.001,0.0327
PrP_C,PrPC concentration,nM,0.094,91.239,1.001,0.0327
PrP_C,PrPC concentration,nM,0.094,92.217,1.0405,0.027
PrP_C,PrPC concentration,nM,0.094,93.195,1.0058,0.0154
PrP_C,PrPC concentration,nM,0.094,94.173,1.0087,0.0212
PrP_C,PrPC concentration,nM,0.094,95.151,1.0135,0.027
PrP_C,PrPC concentration,nM,0.094,96.129,1.0048,0.0443
PrP_C,PrPC concentration,nM,0.094,97.107,0.9952,0.0462
PrP_C,PrPC concentration,nM,0.094,98.085,0.9904,0.0308
PrP_C,PrPC concentration,nM,0.094,99.063,0.9913,0.0327
PrP_C,PrPC concentration,nM,0.094,100.041,1.0568,0.0636
PrP_C,PrPC concentration,nM,0.094,101.019,1.0645,0.0443
PrP_C,PrPC concentration,nM,0.094,101.997,1.0443,0.0462
PrP_C,PrPC concentration,nM,0.094,102.975,1.0395,0.0289
PrP_C,PrPC concentration,nM,0.094,103.953,1.0462,0.0231
PrP_C,PrPC concentration,nM,0.094,104.931,1.0539,0.0193
PrP_C,PrPC concentration,nM,0.094,105.909,1.0472,0.0289
PrP_C,PrPC concentration,nM,0.094,106.887,1.0424,0.0193
PrP_C,PrPC concentration,nM,0.094,107.865,1.0039,0.027
PrP_C,PrPC concentration,nM,0.094,108.843,1.0019,0.0231
PrP_C,PrPC concentration,nM,0.094,109.821,0.9961,0.0116
PrP_C,PrPC concentration,nM,0.094,111.777,1.0125,0.0173
PrP_C,PrPC concentration,nM,0.094,112.755,1.0087,0.025
PrP_C,PrPC concentration,nM,0.094,113.733,1.0077,0.0231
PrP_C,PrPC concentration,nM,0.094,114.711,0.9663,0.025
PrP_C,PrPC concentration,nM,0.094,115.689,1.0087,0.0327
PrP_C,PrPC concentration,nM,0.094,116.667,1.0347,0.0694
PrP_C,PrPC concentration,nM,0.094,117.645,0.9971,0.0327
PrP_C,PrPC concentration,nM,0.094,118.623,0.9923,0.0424
PrP_C,PrPC concentration,nM,0.094,119.601,0.9865,0.0308
PrP_C,PrPC concentration,nM,0.094,120.579,0.9894,0.025
PrP_C,PrPC concentration,nM,0.094,121.557,1.0135,0.0077
PrP_C,PrPC concentration,nM,0.094,122.535,1.0164,0.0135
PrP_C,PrPC concentration,nM,0.094,123.513,1.0193,0.0193
PrP_C,PrPC concentration,nM,0.094,124.491,1.0231,0.0154
PrP_C,PrPC concentration,nM,0.094,125.469,1.026,0.0096
PrP_C,PrPC concentration,nM,0.094,126.447,1.0241,0.0135
PrP_C,PrPC concentration,nM,0.094,127.425,1.0164,0.0289
PrP_C,PrPC concentration,nM,0.094,128.403,1.0087,0.0366
PrP_C,PrPC concentration,nM,0.094,129.381,1.001,0.0327
PrP_C,PrPC concentration,nM,0.094,130.359,1.0029,0.0289
PrP_C,PrPC concentration,nM,0.094,131.337,1.0491,0.025
PrP_C,PrPC concentration,nM,0.094,132.315,1.0549,0.0135
PrP_C,PrPC concentration,nM,0.094,133.293,1.0356,0.0135
PrP_C,PrPC concentration,nM,0.094,134.271,1.0279,0.0289
PrP_C,PrPC concentration,nM,0.094,135.249,1.027,0.027
PrP_C,PrPC concentration,nM,0.094,137.205,1.0048,0.0135
PrP_C,PrPC concentration,nM,0.094,138.183,1.0,0.0231
PrP_C,PrPC concentration,nM,0.094,139.161,0.9961,0.0193
PrP_C,PrPC concentration,nM,0.094,140.139,1.0279,0.025
PrP_C,PrPC concentration,nM,0.094,141.117,1.0289,0.027
PrP_C,PrPC concentration,nM,0.094,142.095,1.0347,0.0193
PrP_C,PrPC concentration,nM,0.094,143.073,1.0289,0.0
PrP_C,PrPC concentration,nM,0.094,144.051,1.0202,0.0289
PrP_C,PrPC concentration,nM,0.094,145.029,1.0193,0.0308
PrP_C,PrPC concentration,nM,0.094,146.007,0.9692,0.0308
PrP_C,PrPC concentration,nM,0.094,146.985,0.973,0.0443
PrP_C,PrPC concentration,nM,0.094,147.963,0.9933,0.0173
PrP_C,PrPC concentration,nM,0.094,148.941,0.9933,0.0173
PrP_C,PrPC concentration,nM,0.094,149.919,0.9913,0.0135
PrP_C,PrPC concentration,nM,0.094,150.897,0.9673,0.0077
PrP_C,PrPC concentration,nM,0.094,151.875,0.9701,0.0212
PrP_C,PrPC concentration,nM,0.094,152.853,0.974,0.025
PrP_C,PrPC concentration,nM,0.094,153.831,1.0173,0.027
PrP_C,PrPC concentration,nM,0.094,154.809,1.0202,0.0327
PrP_C,PrPC concentration,nM,0.094,155.787,1.0684,0.0327
PrP_C,PrPC concentration,nM,0.094,156.765,1.0482,0.0674
PrP_C,PrPC concentration,nM,0.094,157.743,1.0327,0.0308
PrP_C,PrPC concentration,nM,0.094,158.721,0.9894,0.0289
PrP_C,PrPC concentration,nM,0.094,159.699,1.0414,0.0405
PrP_C,PrPC concentration,nM,0.094,160.677,1.0453,0.0327
PrP_C,PrPC concentration,nM,0.094,161.655,0.9961,0.0347
PrP_C,PrPC concentration,nM,0.094,162.633,0.9942,0.0347
PrP_C,PrPC concentration,nM,0.094,163.611,0.999,0.0058
PrP_C,PrPC concentration,nM,0.094,164.588,1.0019,0.0116
PrP_C,PrPC concentration,nM,0.094,165.566,1.0039,0.0154
PrP_C,PrPC concentration,nM,0.094,166.544,1.0077,0.0154
PrP_C,PrPC concentration,nM,0.094,167.522,1.0096,0.0116
PrP_C,PrPC concentration,nM,0.094,168.5,1.026,0.0327
PrP_C,PrPC concentration,nM,0.094,169.478,1.026,0.0327
PrP_C,PrPC concentration,nM,0.094,170.456,0.9644,0.0963
PrP_C,PrPC concentration,nM,0.094,171.434,0.9653,0.0905
PrP_C,PrPC concentration,nM,0.094,172.412,1.0462,0.0308
PrP_C,PrPC concentration,nM,0.094,173.39,1.0597,0.0636
PrP_C,PrPC concentration,nM,0.094,174.368,1.0799,0.0173
PrP_C,PrPC concentration,nM,0.094,175.346,1.0414,0.025
PrP_C,PrPC concentration,nM,0.094,176.324,1.0376,0.0327
PrP_C,PrPC concentration,nM,0.094,177.302,0.9894,0.0289
PrP_C,PrPC concentration,nM,0.094,178.28,0.9778,0.0616
PrP_C,PrPC concentration,nM,0.094,179.258,0.9634,0.0424
PrP_C,PrPC concentration,nM,0.094,180.236,0.9634,0.0308
PrP_C,PrPC concentration,nM,0.094,181.214,1.0106,0.025
PrP_C,PrPC concentration,nM,0.094,182.192,1.0125,0.0212
PrP_C,PrPC concentration,nM,0.094,183.17,0.9759,0.025
PrP_C,PrPC concentration,nM,0.094,184.148,0.9701,0.0212
PrP_C,PrPC concentration,nM,0.094,185.126,0.9663,0.0096
PrP_C,PrPC concentration,nM,0.094,186.104,0.9663,0.0058
PrP_C,PrPC concentration,nM,0.094,187.082,0.975,0.027
PrP_C,PrPC concentration,nM,0.094,188.06,0.9788,0.0308
PrP_C,PrPC concentration,nM,0.094,189.038,0.9846,0.0193
PrP_C,PrPC concentration,nM,0.094,190.016,1.0154,0.0116
PrP_C,PrPC concentration,nM,0.094,190.994,1.0144,0.0135
PrP_C,PrPC concentration,nM,0.094,191.972,1.0144,0.0135
PrP_C,PrPC concentration,nM,0.094,192.95,0.9865,0.0116
PrP_C,PrPC concentration,nM,0.094,193.928,0.9846,0.0154
PrP_C,PrPC concentration,nM,0.094,194.906,0.9856,0.0173
PrP_C,PrPC concentration,nM,0.094,195.884,0.9884,0.0154
PrP_C,PrPC concentration,nM,0.094,196.862,0.974,0.0327
PrP_C,PrPC concentration,nM,0.094,197.84,0.9653,0.027
PrP_C,PrPC concentration,nM,0.094,198.818,0.9624,0.0212
PrP_C,PrPC concentration,nM,0.094,199.796,1.0,0.0308
PrP_C,PrPC concentration,nM,0.094,200.774,0.9875,0.0597
PrP_C,PrPC concentration,nM,0.094,201.752,0.9701,0.0327
PrP_C,PrPC concentration,nM,0.094,202.73,0.9567,0.0327
PrP_C,PrPC concentration,nM,0.094,203.708,0.9528,0.0289
PrP_C,PrPC concentration,nM,0.094,204.686,0.9576,0.0193
PrP_C,PrPC concentration,nM,0.094,205.664,1.0019,0.0308
PrP_C,PrPC concentration,nM,0.094,206.642,1.0029,0.0327
PrP_C,PrPC concentration,nM,0.094,207.62,1.0019,0.0347
PrP_C,PrPC concentration,nM,0.094,208.598,0.9557,0.0231
PrP_C,PrPC concentration,nM,0.094,209.576,0.9538,0.0193
PrP_C,PrPC concentration,nM,0.094,210.554,0.9538,0.0039
PrP_C,PrPC concentration,nM,0.094,211.532,0.949,0.0135
PrP_C,PrPC concentration,nM,0.094,212.51,0.9518,0.0231
PrP_C,PrPC concentration,nM,0.094,213.488,0.9952,0.025
PrP_C,PrPC concentration,nM,0.094,214.466,0.9981,0.0308
PrP_C,PrPC concentration,nM,0.094,215.444,0.999,0.025
PrP_C,PrPC concentration,nM,0.094,216.422,1.0087,0.0096
PrP_C,PrPC concentration,nM,0.094,217.4,1.0019,0.027
PrP_C,PrPC concentration,nM,0.094,218.378,1.0,0.027
PrP_C,PrPC concentration,nM,0.094,219.356,0.9624,0.0135
PrP_C,PrPC concentration,nM,0.094,220.334,0.9567,0.025
PrP_C,PrPC concentration,nM,0.094,221.312,0.9538,0.0193
PrP_C,PrPC concentration,nM,0.094,222.29,0.9759,0.0096
PrP_C,PrPC concentration,nM,0.094,223.268,0.9846,0.027
PrP_C,PrPC concentration,nM,0.094,224.246,0.9875,0.0289
PrP_C,PrPC concentration,nM,0.094,225.224,1.0,0.0193
PrP_C,PrPC concentration,nM,0.094,226.202,0.9961,0.027
PrP_C,PrPC concentration,nM,0.094,227.18,1.0067,0.0559
PrP_C,PrPC concentration,nM,0.094,228.158,1.0241,0.0327
PrP_C,PrPC concentration,nM,0.094,229.136,1.0722,0.0289
PrP_C,PrPC concentration,nM,0.094,230.114,1.0751,0.0231
PrP_C,PrPC concentration,nM,0.094,231.092,1.0549,0.025
PrP_C,PrPC concentration,nM,0.094,232.07,1.052,0.0308
PrP_C,PrPC concentration,nM,0.094,233.048,1.0029,0.0289
PrP_C,PrPC concentration,nM,0.094,234.026,1.0019,0.027
PrP_C,PrPC concentration,nM,0.094,235.004,0.9971,0.0058
PrP_C,PrPC concentration,nM,0.094,235.982,1.0222,0.0173
PrP_C,PrPC concentration,nM,0.094,236.96,1.026,0.0212
PrP_C,PrPC concentration,nM,0.094,237.938,1.0308,0.0154
PrP_C,PrPC concentration,nM,0.094,238.916,1.0327,0.0077
PrP_C,PrPC concentration,nM,0.094,240.872,1.0366,0.0154
PrP_C,PrPC concentration,nM,0.094,241.85,1.0318,0.025
PrP_C,PrPC concentration,nM,0.094,242.828,1.0299,0.025
PrP_C,PrPC concentration,nM,0.094,243.806,0.9817,0.0327
PrP_C,PrPC concentration,nM,0.094,244.784,0.9788,0.027
PrP_C,PrPC concentration,nM,0.094,245.762,0.9586,0.0135
PrP_C,PrPC concentration,nM,0.094,246.74,0.9663,0.0289
PrP_C,PrPC concentration,nM,0.094,247.718,0.974,0.0405
PrP_C,PrPC concentration,nM,0.094,248.696,0.9827,0.027
PrP_C,PrPC concentration,nM,0.094,249.674,0.9769,0.0443
PrP_C,PrPC concentration,nM,0.094,250.652,0.9634,0.027
PrP_C,PrPC concentration,nM,0.094,251.63,0.9644,0.0289
PrP_C,PrPC concentration,nM,0.094,252.608,1.0096,0.027
PrP_C,PrPC concentration,nM,0.094,253.586,1.0125,0.0289
PrP_C,PrPC concentration,nM,0.094,254.564,1.0491,0.0616
PrP_C,PrPC concentration,nM,0.094,255.542,1.0202,0.0327
PrP_C,PrPC concentration,nM,0.094,256.52,1.0048,0.0636
PrP_C,PrPC concentration,nM,0.094,257.498,0.9856,0.0289
PrP_C,PrPC concentration,nM,0.094,258.476,1.0241,0.0135
PrP_C,PrPC concentration,nM,0.094,259.454,1.0231,0.0154
PrP_C,PrPC concentration,nM,0.094,260.432,1.0212,0.0154
PrP_C,PrPC concentration,nM,0.094,261.41,1.0183,0.0096
PrP_C,PrPC concentration,nM,0.094,263.366,1.0096,0.0116
PrP_C,PrPC concentration,nM,0.094,264.344,1.0029,0.025
PrP_C,PrPC concentration,nM,0.094,265.322,1.0,0.027
PrP_C,PrPC concentration,nM,0.094,266.3,0.9615,0.0193
PrP_C,PrPC concentration,nM,0.094,267.278,0.9615,0.0231
PrP_C,PrPC concentration,nM,0.094,268.256,1.0048,0.0327
PrP_C,PrPC concentration,nM,0.094,269.234,1.0058,0.0308
PrP_C,PrPC concentration,nM,0.094,270.212,0.9499,0.0424
PrP_C,PrPC concentration,nM,0.094,271.19,0.9567,0.0751
PrP_C,PrPC concentration,nM,0.094,272.168,0.9403,0.0347
PrP_C,PrPC concentration,nM,0.094,273.146,0.9904,0.0308
PrP_C,PrPC concentration,nM,0.094,274.124,1.0395,0.0212
PrP_C,PrPC concentration,nM,0.094,275.102,1.0453,0.0019
PrP_C,PrPC concentration,nM,0.094,276.08,1.0308,0.0077
PrP_C,PrPC concentration,nM,0.094,277.058,1.0308,0.0154
PrP_C,PrPC concentration,nM,0.094,278.036,1.0337,0.0212
PrP_C,PrPC concentration,nM,0.094,279.014,1.0337,0.0212
PrP_C,PrPC concentration,nM,0.094,279.992,1.0222,0.0405
PrP_C,PrPC concentration,nM,0.094,280.97,1.0164,0.0289
PrP_C,PrPC concentration,nM,0.094,281.948,0.9721,0.025
PrP_C,PrPC concentration,nM,0.094,282.926,0.9692,0.0462
PrP_C,PrPC concentration,nM,0.094,283.904,0.9778,0.0559
PrP_C,PrPC concentration,nM,0.094,284.882,1.0414,0.0327
PrP_C,PrPC concentration,nM,0.094,285.86,1.0424,0.0308
PrP_C,PrPC concentration,nM,0.094,286.838,1.0366,0.0347
PrP_C,PrPC concentration,nM,0.094,287.816,1.025,0.0308
PrP_C,PrPC concentration,nM,0.094,288.794,1.0173,0.0193
PrP_C,PrPC concentration,nM,0.094,289.772,1.0241,0.025
PrP_C,PrPC concentration,nM,0.094,290.75,1.027,0.0193
PrP_C,PrPC concentration,nM,0.094,291.728,1.0645,0.025
PrP_C,PrPC concentration,nM,0.094,292.706,1.0645,0.025
PrP_C,PrPC concentration,nM,0.094,293.684,1.0202,0.0327
PrP_C,PrPC concentration,nM,0.094,294.662,1.0193,0.0308
PrP_C,PrPC concentration,nM,0.094,295.64,0.9711,0.0308
PrP_C,PrPC concentration,nM,0.094,296.618,0.9682,0.025
PrP_C,PrPC concentration,nM,0.094,297.596,0.9653,0.0193
PrP_C,PrPC concentration,nM,0.094,298.574,0.9701,0.0289
PrP_C,PrPC concentration,nM,0.094,299.552,1.0193,0.0308
PrP_C,PrPC concentration,nM,0.094,300.53,1.025,0.0462
PrP_C,PrPC concentration,nM,0.094,301.508,1.0414,0.0173
PrP_C,PrPC concentration,nM,0.094,302.486,1.0356,0.025
PrP_C,PrPC concentration,nM,0.094,303.464,0.9875,0.0327
PrP_C,PrPC concentration,nM,0.094,304.442,0.9798,0.0501
PrP_C,PrPC concentration,nM,0.094,305.42,0.9673,0.027
PrP_C,PrPC concentration,nM,0.094,306.398,0.9701,0.025
PrP_C,PrPC concentration,nM,0.094,307.375,1.0164,0.0289
PrP_C,PrPC concentration,nM,0.094,308.353,1.0173,0.0308
PrP_C,PrPC concentration,nM,0.094,309.331,1.052,0.0193
PrP_C,PrPC concentration,nM,0.094,310.309,1.0462,0.0231
PrP_C,PrPC concentration,nM,0.094,311.287,1.0019,0.0308
PrP_C,PrPC concentration,nM,0.094,312.265,1.001,0.0327
PrP_C,PrPC concentration,nM,0.094,313.243,0.9509,0.0327
PrP_C,PrPC concentration,nM,0.094,314.221,0.9095,0.0231
PrP_C,PrPC concentration,nM,0.094,315.199,0.9085,0.025
PrP_C,PrPC concentration,nM,0.094,316.177,0.9547,0.0289
PrP_C,PrPC concentration,nM,0.094,317.155,0.9557,0.0308
PrP_C,PrPC concentration,nM,0.094,318.133,1.0048,0.0327
PrP_C,PrPC concentration,nM,0.094,319.111,1.0077,0.027
PrP_C,PrPC concentration,nM,0.094,320.089,1.0202,0.0058
PrP_C,PrPC concentration,nM,0.094,321.067,1.0193,0.0116
PrP_C,PrPC concentration,nM,0.094,322.045,1.0164,0.0173
PrP_C,PrPC concentration,nM,0.094,323.023,1.0135,0.0154
PrP_C,PrPC concentration,nM,0.094,324.001,1.0135,0.0116
PrP_C,PrPC concentration,nM,0.094,324.979,1.0164,0.0135
PrP_C,PrPC concentration,nM,0.094,325.957,1.0087,0.0289
PrP_C,PrPC concentration,nM,0.094,326.935,1.0067,0.025
PrP_C,PrPC concentration,nM,0.094,327.913,1.0135,0.0347
PrP_C,PrPC concentration,nM,0.094,328.891,1.0164,0.0289
PrP_C,PrPC concentration,nM,0.094,329.869,1.0318,0.0212
PrP_C,PrPC concentration,nM,0.094,330.847,1.0308,0.0231
PrP_C,PrPC concentration,nM,0.094,331.825,0.9827,0.0308
PrP_C,PrPC concentration,nM,0.094,332.803,0.9817,0.0327
PrP_C,PrPC concentration,nM,0.094,333.781,0.9865,0.0347
PrP_C,PrPC concentration,nM,0.094,334.759,1.0405,0.0347
PrP_C,PrPC concentration,nM,0.094,335.737,1.0376,0.0405
PrP_C,PrPC concentration,nM,0.094,336.715,1.0144,0.025
PrP_C,PrPC concentration,nM,0.094,337.693,1.0116,0.027
PrP_C,PrPC concentration,nM,0.094,338.671,1.0039,0.0116
PrP_C,PrPC concentration,nM,0.094,340.627,0.9894,0.0096
PrP_C,PrPC concentration,nM,0.094,341.605,0.9904,0.0193
PrP_C,PrPC concentration,nM,0.094,342.583,0.9933,0.025
PrP_C,PrPC concentration,nM,0.094,343.561,1.0385,0.0308
PrP_C,PrPC concentration,nM,0.094,344.539,1.0376,0.0366
PrP_C,PrPC concentration,nM,0.094,345.517,1.0154,0.027
PrP_C,PrPC concentration,nM,0.094,346.495,1.0125,0.0289
PrP_C,PrPC concentration,nM,0.094,347.473,1.0048,0.0135
PrP_C,PrPC concentration,nM,0.094,348.451,0.9769,0.0193
PrP_C,PrPC concentration,nM,0.094,349.429,0.9701,0.0327
PrP_C,PrPC concentration,nM,0.094,350.407,0.9673,0.0308
PrP_C,PrPC concentration,nM,0.094,351.385,1.0183,0.0327
PrP_C,PrPC concentration,nM,0.094,352.363,1.0337,0.0636
PrP_C,PrPC concentration,nM,0.094,353.341,1.0414,0.0443
PrP_C,PrPC concentration,nM,0.094,354.319,1.0337,0.0347
PrP_C,PrPC concentration,nM,0.094,355.297,1.0279,0.025
PrP_C,PrPC concentration,nM,0.094,356.275,1.0327,0.0347
PrP_C,PrPC concentration,nM,0.094,357.253,1.0356,0.0347
PrP_C,PrPC concentration,nM,0.094,358.231,0.9682,0.025
PrP_C,PrPC concentration,nM,0.094,359.209,0.9692,0.0308
PrP_C,PrPC concentration,nM,0.094,360.187,0.9769,0.0154
PrP_C,PrPC concentration,nM,0.094,361.165,1.0212,0.0116
PrP_C,PrPC concentration,nM,0.094,362.143,0.9817,0.0096
PrP_C,PrPC concentration,nM,0.094,363.121,0.9817,0.0096
PrP_Sc,total PrPSc concentration,nM,0.0235,12.83,0.0799,0.7992
PrP_Sc,total PrPSc concentration,nM,0.0235,13.821,0.1798,0.5994
PrP_Sc,total PrPSc concentration,nM,0.0235,14.811,0.3796,0.1998
PrP_Sc,total PrPSc concentration,nM,0.0235,15.801,0.3796,0.1998
PrP_Sc,total PrPSc concentration,nM,0.0235,16.791,-0.1199,0.0
PrP_Sc,total PrPSc concentration,nM,0.0235,17.781,0.0799,0.7992
PrP_Sc,total PrPSc concentration,nM,0.0235,18.771,0.0799,0.7992
PrP_Sc,total PrPSc concentration,nM,0.0235,19.761,0.1798,0.5994
PrP_Sc,total PrPSc concentration,nM,0.0235,20.751,0.2797,0.3996
PrP_Sc,total PrPSc concentration,nM,0.0235,21.741,0.3796,0.1998
PrP_Sc,total PrPSc concentration,nM,0.0235,22.731,0.2797,0.3996
PrP_Sc,total PrPSc concentration,nM,0.0235,23.721,0.3796,0.5994
PrP_Sc,total PrPSc concentration,nM,0.0235,24.712,0.4795,0.7992
PrP_Sc,total PrPSc concentration,nM,0.0235,25.702,0.5794,0.999
PrP_Sc,total PrPSc concentration,nM,0.0235,26.692,0.5794,0.999
PrP_Sc,total PrPSc concentration,nM,0.0235,27.682,0.5794,0.999
PrP_Sc,total PrPSc concentration,nM,0.0235,28.672,0.6793,1.1988
PrP_Sc,total PrPSc concentration,nM,0.0235,29.662,0.7792,1.3986
PrP_Sc,total PrPSc concentration,nM,0.0235,30.652,1.1788,0.999
PrP_Sc,total PrPSc concentration,nM,0.0235,31.642,1.3786,0.999
PrP_Sc,total PrPSc concentration,nM,0.0235,32.632,1.3786,0.999
PrP_Sc,total PrPSc concentration,nM,0.0235,33.622,1.7782,0.999
PrP_Sc,total PrPSc concentration,nM,0.0235,34.613,1.978,0.999
PrP_Sc,total PrPSc concentration,nM,0.0235,35.603,2.2777,1.1988
PrP_Sc,total PrPSc concentration,nM,0.0235,36.593,2.4775,1.1988
PrP_Sc,total PrPSc concentration,nM,0.0235,37.583,2.8771,1.1988
PrP_Sc,total PrPSc concentration,nM,0.0235,38.573,3.2767,1.1988
PrP_Sc,total PrPSc concentration,nM,0.0235,39.563,3.6763,1.1988
PrP_Sc,total PrPSc concentration,nM,0.0235,40.553,4.0759,1.5984
PrP_Sc,total PrPSc concentration,nM,0.0235,41.543,4.6753,1.5984
PrP_Sc,total PrPSc concentration,nM,0.0235,42.533,5.1748,1.3986
PrP_Sc,total PrPSc concentration,nM,0.0235,43.523,5.7742,1.7982
PrP_Sc,total PrPSc concentration,nM,0.0235,44.514,6.3736,1.7982
PrP_Sc,total PrPSc concentration,nM,0.0235,45.504,6.973,1.7982
PrP_Sc,total PrPSc concentration,nM,0.0235,46.494,7.6723,1.998
PrP_Sc,total PrPSc concentration,nM,0.0235,47.484,8.4715,1.998
PrP_Sc,total PrPSc concentration,nM,0.0235,48.474,9.2707,2.3976
PrP_Sc,total PrPSc concentration,nM,0.0235,49.464,10.2697,2.3976
PrP_Sc,total PrPSc concentration,nM,0.0235,50.454,11.3686,2.5974
PrP_Sc,total PrPSc concentration,nM,0.0235,51.444,12.3676,2.5974
PrP_Sc,total PrPSc concentration,nM,0.0235,52.434,13.5664,2.5974
PrP_Sc,total PrPSc concentration,nM,0.0235,53.424,14.6653,2.7972
PrP_Sc,total PrPSc concentration,nM,0.0235,54.414,15.8641,2.7972
PrP_Sc,total PrPSc concentration,nM,0.0235,55.405,17.1628,2.997
PrP_Sc,total PrPSc concentration,nM,0.0235,56.395,18.3616,2.997
PrP_Sc,total PrPSc concentration,nM,0.0235,57.385,19.6603,3.5964
PrP_Sc,total PrPSc concentration,nM,0.0235,58.375,21.1589,3.3966
PrP_Sc,total PrPSc concentration,nM,0.0235,59.365,22.5575,2.997
PrP_Sc,total PrPSc concentration,nM,0.0235,60.355,23.8562,3.1968
PrP_Sc,total PrPSc concentration,nM,0.0235,61.345,25.3547,3.3966
PrP_Sc,total PrPSc concentration,nM,0.0235,62.335,26.8532,3.1968
PrP_Sc,total PrPSc concentration,nM,0.0235,63.325,28.2518,3.5964
PrP_Sc,total PrPSc concentration,nM,0.0235,64.315,29.9501,3.7962
PrP_Sc,total PrPSc concentration,nM,0.0235,65.306,31.4486,3.5964
PrP_Sc,total PrPSc concentration,nM,0.0235,66.296,33.047,3.5964
PrP_Sc,total PrPSc concentration,nM,0.0235,67.286,34.7453,3.7962
PrP_Sc,total PrPSc concentration,nM,0.0235,68.276,36.3437,3.7962
PrP_Sc,total PrPSc concentration,nM,0.0235,69.266,38.042,3.996
PrP_Sc,total PrPSc concentration,nM,0.0235,70.256,39.8402,3.996
PrP_Sc,total PrPSc concentration,nM,0.0235,71.246,41.4386,3.5964
PrP_Sc,total PrPSc concentration,nM,0.0235,72.236,43.037,3.5964
PrP_Sc,total PrPSc concentration,nM,0.0235,73.226,44.7353,3.7962
PrP_Sc,total PrPSc concentration,nM,0.0235,74.216,46.3337,3.7962
PrP_Sc,total PrPSc concentration,nM,0.0235,75.207,47.9321,3.7962
PrP_Sc,total PrPSc concentration,nM,0.0235,76.197,49.6304,3.5964
PrP_Sc,total PrPSc concentration,nM,0.0235,77.187,51.029,3.1968
PrP_Sc,total PrPSc concentration,nM,0.0235,78.177,52.5275,3.3966
PrP_Sc,total PrPSc concentration,nM,0.0235,79.167,53.9261,3.3966
PrP_Sc,total PrPSc concentration,nM,0.0235,80.157,55.4246,3.1968
PrP_Sc,total PrPSc concentration,nM,0.0235,81.147,56.8232,3.1968
PrP_Sc,total PrPSc concentration,nM,0.0235,82.137,58.3217,3.3966
PrP_Sc,total PrPSc concentration,nM,0.0235,83.127,59.6204,3.1968
PrP_Sc,total PrPSc concentration,nM,0.0235,84.117,61.019,3.1968
PrP_Sc,total PrPSc concentration,nM,0.0235,85.107,62.4176,3.1968
PrP_Sc,total PrPSc concentration,nM,0.0235,86.098,63.7163,2.997
PrP_Sc,total PrPSc concentration,nM,0.0235,87.088,64.9151,2.997
PrP_Sc,total PrPSc concentration,nM,0.0235,88.078,66.3137,2.997
PrP_Sc,total PrPSc concentration,nM,0.0235,89.068,67.6124,3.1968
PrP_Sc,total PrPSc concentration,nM,0.0235,90.058,68.8112,3.1968
PrP_Sc,total PrPSc concentration,nM,0.0235,91.048,70.3097,2.997
PrP_Sc,total PrPSc concentration,nM,0.0235,92.038,71.5085,2.997
PrP_Sc,total PrPSc concentration,nM,0.0235,93.028,72.8072,3.1968
PrP_Sc,total PrPSc concentration,nM,0.0235,94.018,74.1059,2.997
PrP_Sc,total PrPSc concentration,nM,0.0235,95.008,75.4046,2.7972
PrP_Sc,total PrPSc concentration,nM,0.0235,95.999,76.6034,2.7972
PrP_Sc,total PrPSc concentration,nM,0.0235,96.989,77.9021,2.997
PrP_Sc,total PrPSc concentration,nM,0.0235,97.979,79.001,2.7972
PrP_Sc,total PrPSc concentration,nM,0.0235,98.969,80.1998,2.7972
PrP_Sc,total PrPSc concentration,nM,0.0235,99.959,81.4985,2.5974
PrP_Sc,total PrPSc concentration,nM,0.0235,100.949,82.4975,2.5974
PrP_Sc,total PrPSc concentration,nM,0.0235,101.939,83.5964,2.3976
PrP_Sc,total PrPSc concentration,nM,0.0235,102.929,84.7952,2.7972
PrP_Sc,total PrPSc concentration,nM,0.0235,103.919,85.7942,2.7972
PrP_Sc,total PrPSc concentration,nM,0.0235,104.909,87.0929,2.997
PrP_Sc,total PrPSc concentration,nM,0.0235,105.9,88.1918,2.7972
PrP_Sc,total PrPSc concentration,nM,0.0235,106.89,89.2907,2.5974
PrP_Sc,total PrPSc concentration,nM,0.0235,107.88,90.1898,2.3976
PrP_Sc,total PrPSc concentration,nM,0.0235,108.87,91.3886,2.3976
PrP_Sc,total PrPSc concentration,nM,0.0235,109.86,92.0879,2.1978
PrP_Sc,total PrPSc concentration,nM,0.0235,110.85,93.0869,2.1978
PrP_Sc,total PrPSc concentration,nM,0.0235,111.84,93.986,2.3976
PrP_Sc,total PrPSc concentration,nM,0.0235,112.83,94.8851,2.1978
PrP_Sc,total PrPSc concentration,nM,0.0235,113.82,95.8841,2.1978
PrP_Sc,total PrPSc concentration,nM,0.0235,114.81,96.8831,2.5974
PrP_Sc,total PrPSc concentration,nM,0.0235,115.801,97.982,2.7972
PrP_Sc,total PrPSc concentration,nM,0.0235,116.791,98.8811,2.1978
PrP_Sc,total PrPSc concentration,nM,0.0235,117.781,99.8801,2.1978
PrP_Sc,total PrPSc concentration,nM,0.0235,118.771,100.7792,2.3976
PrP_Sc,total PrPSc concentration,nM,0.0235,119.761,101.6783,2.1978
PrP_Sc,total PrPSc concentration,nM,0.0235,120.751,102.5774,1.998
PrP_Sc,total PrPSc concentration,nM,0.0235,121.741,103.2767,1.7982
PrP_Sc,total PrPSc concentration,nM,0.0235,122.731,103.8761,1.7982
PrP_Sc,total PrPSc concentration,nM,0.0235,123.721,104.5754,1.998
PrP_Sc,total PrPSc concentration,nM,0.0235,124.711,105.1748,1.998
PrP_Sc,total PrPSc concentration,nM,0.0235,125.701,106.0739,2.1978
PrP_Sc,total PrPSc concentration,nM,0.0235,126.692,106.8731,2.1978
PrP_Sc,total PrPSc concentration,nM,0.0235,127.682,107.6723,1.7982
PrP_Sc,total PrPSc concentration,nM,0.0235,128.672,108.2717,1.3986
PrP_Sc,total PrPSc concentration,nM,0.0235,129.662,108.7712,1.5984
PrP_Sc,total PrPSc concentration,nM,0.0235,130.652,109.4705,1.7982
PrP_Sc,total PrPSc concentration,nM,0.0235,131.642,109.97,1.998
PrP_Sc,total PrPSc concentration,nM,0.0235,132.632,110.969,1.998
PrP_Sc,total PrPSc concentration,nM,0.0235,133.622,111.5684,1.998
PrP_Sc,total PrPSc concentration,nM,0.0235,134.612,112.2677,1.7982
PrP_Sc,total PrPSc concentration,nM,0.0235,135.602,112.7672,1.5984
PrP_Sc,total PrPSc concentration,nM,0.0235,136.593,113.3666,1.1988
PrP_Sc,total PrPSc concentration,nM,0.0235,137.583,113.6663,1.3986
PrP_Sc,total PrPSc concentration,nM,0.0235,138.573,114.0659,1.3986
PrP_Sc,total PrPSc concentration,nM,0.0235,139.563,114.6653,1.7982
PrP_Sc,total PrPSc concentration,nM,0.0235,140.553,115.2647,1.7982
PrP_Sc,total PrPSc concentration,nM,0.0235,141.543,115.8641,1.3986
PrP_Sc,total PrPSc concentration,nM,0.0235,142.533,116.3636,1.5984
PrP_Sc,total PrPSc concentration,nM,0.0235,143.523,116.8631,1.3986
PrP_Sc,total PrPSc concentration,nM,0.0235,144.513,117.3626,1.5984
PrP_Sc,total PrPSc concentration,nM,0.0235,145.503,117.8621,1.3986
PrP_Sc,total PrPSc concentration,nM,0.0235,146.494,118.2617,1.3986
PrP_Sc,total PrPSc concentration,nM,0.0235,147.484,118.6613,1.3986
PrP_Sc,total PrPSc concentration,nM,0.0235,148.474,119.2607,1.3986
PrP_Sc,total PrPSc concentration,nM,0.0235,149.464,119.7602,1.5984
PrP_Sc,total PrPSc concentration,nM,0.0235,150.454,120.3596,1.5984
PrP_Sc,total PrPSc concentration,nM,0.0235,151.444,120.959,1.5984
PrP_Sc,total PrPSc concentration,nM,0.0235,152.434,121.3586,1.5984
PrP_Sc,total PrPSc concentration,nM,0.0235,153.424,121.8581,0.999
PrP_Sc,total PrPSc concentration,nM,0.0235,154.414,122.0579,0.999
PrP_Sc,total PrPSc concentration,nM,0.0235,155.404,122.2577,0.999
PrP_Sc,total PrPSc concentration,nM,0.0235,156.394,122.4575,0.999
PrP_Sc,total PrPSc concentration,nM,0.0235,157.385,122.8571,1.3986
PrP_Sc,total PrPSc concentration,nM,0.0235,158.375,123.3566,1.5984
PrP_Sc,total PrPSc concentration,nM,0.0235,159.365,123.8561,1.3986
PrP_Sc,total PrPSc concentration,nM,0.0235,160.355,124.2557,1.3986
PrP_Sc,total PrPSc concentration,nM,0.0235,161.345,124.6553,1.3986
PrP_Sc,total PrPSc concentration,nM,0.0235,162.335,125.0549,1.3986
PrP_Sc,total PrPSc concentration,nM,0.0235,163.325,125.4545,1.3986
PrP_Sc,total PrPSc concentration,nM,0.0235,164.315,125.8541,1.3986
PrP_Sc,total PrPSc concentration,nM,0.0235,165.305,126.1538,1.1988
PrP_Sc,total PrPSc concentration,nM,0.0235,166.295,126.5534,1.1988
PrP_Sc,total PrPSc concentration,nM,0.0235,167.286,127.0529,1.3986
PrP_Sc,total PrPSc concentration,nM,0.0235,168.276,127.4525,1.3986
PrP_Sc,total PrPSc concentration,nM,0.0235,169.266,127.6523,0.999
PrP_Sc,total PrPSc concentration,nM,0.0235,170.256,127.8521,0.999
PrP_Sc,total PrPSc concentration,nM,0.0235,171.246,127.952,1.1988
PrP_Sc,total PrPSc concentration,nM,0.0235,172.236,128.2517,0.999
PrP_Sc,total PrPSc concentration,nM,0.0235,173.226,128.5514,1.1988
PrP_Sc,total PrPSc concentration,nM,0.0235,174.216,129.0509,1.3986
PrP_Sc,total PrPSc concentration,nM,0.0235,175.206,129.4505,1.3986
PrP_Sc,total PrPSc concentration,nM,0.0235,176.196,129.8501,1.3986
PrP_Sc,total PrPSc concentration,nM,0.0235,177.187,130.2497,1.3986
PrP_Sc,total PrPSc concentration,nM,0.0235,178.177,130.6493,1.3986
PrP_Sc,total PrPSc concentration,nM,0.0235,179.167,130.949,1.1988
PrP_Sc,total PrPSc concentration,nM,0.0235,180.157,131.3486,1.1988
PrP_Sc,total PrPSc concentration,nM,0.0235,181.147,131.5484,1.1988
PrP_Sc,total PrPSc concentration,nM,0.0235,182.137,131.7482,0.7992
PrP_Sc,total PrPSc concentration,nM,0.0235,183.127,131.7482,0.7992
PrP_Sc,total PrPSc concentration,nM,0.0235,184.117,131.7482,0.7992
PrP_Sc,total PrPSc concentration,nM,0.0235,185.107,131.8481,0.999
PrP_Sc,total PrPSc concentration,nM,0.0235,186.097,131.948,1.1988
PrP_Sc,total PrPSc concentration,nM,0.0235,187.087,132.3476,1.1988
PrP_Sc,total PrPSc concentration,nM,0.0235,188.078,132.4475,0.999
PrP_Sc,total PrPSc concentration,nM,0.0235,189.068,132.5474,0.7992
PrP_Sc,total PrPSc concentration,nM,0.0235,190.058,132.7472,1.1988
PrP_Sc,total PrPSc concentration,nM,0.0235,191.048,133.0469,1.3986
PrP_Sc,total PrPSc concentration,nM,0.0235,192.038,133.3466,1.1988
PrP_Sc,total PrPSc concentration,nM,0.0235,193.028,133.7462,1.1988
PrP_Sc,total PrPSc concentration,nM,0.0235,194.018,133.8461,0.999
PrP_Sc,total PrPSc concentration,nM,0.0235,195.008,134.0459,0.999
PrP_Sc,total PrPSc concentration,nM,0.0235,195.998,134.3457,1.1988
PrP_Sc,total PrPSc concentration,nM,0.0235,196.988,134.7453,1.1988
PrP_Sc,total PrPSc concentration,nM,0.0235,197.979,134.8452,0.999
PrP_Sc,total PrPSc concentration,nM,0.0235,198.969,134.8452,0.999
PrP_Sc,total PrPSc concentration,nM,0.0235,199.959,134.9451,0.7992
PrP_Sc,total PrPSc concentration,nM,0.0235,200.949,134.9451,0.7992
PrP_Sc,total PrPSc concentration,nM,0.0235,201.939,134.9451,0.7992
PrP_Sc,total PrPSc concentration,nM,0.0235,202.929,135.045,0.999
PrP_Sc,total PrPSc concentration,nM,0.0235,203.919,135.1449,1.1988
PrP_Sc,total PrPSc concentration,nM,0.0235,204.909,135.4446,0.999
PrP_Sc,total PrPSc concentration,nM,0.0235,205.899,135.7443,1.1988
PrP_Sc,total PrPSc concentration,nM,0.0235,206.889,135.8442,0.999
PrP_Sc,total PrPSc concentration,nM,0.0235,207.88,135.7443,1.1988
PrP_Sc,total PrPSc concentration,nM,0.0235,208.87,135.9441,0.7992
PrP_Sc,total PrPSc concentration,nM,0.0235,209.86,135.9441,0.7992
PrP_Sc,total PrPSc concentration,nM,0.0235,210.85,135.9441,0.7992
PrP_Sc,total PrPSc concentration,nM,0.0235,211.84,135.9441,0.7992
PrP_Sc,total PrPSc concentration,nM,0.0235,212.83,135.9441,0.7992
PrP_Sc,total PrPSc concentration,nM,0.0235,213.82,135.9441,0.7992
PrP_Sc,total PrPSc concentration,nM,0.0235,214.81,135.8442,0.999
PrP_Sc,total PrPSc concentration,nM,0.0235,215.8,135.7443,1.1988
PrP_Sc,total PrPSc concentration,nM,0.0235,216.79,135.8442,0.999
PrP_Sc,total PrPSc concentration,nM,0.0235,217.78,136.044,0.999
PrP_Sc,total PrPSc concentration,nM,0.0235,218.771,136.2438,0.999
PrP_Sc,total PrPSc concentration,nM,0.0235,219.761,136.2438,0.999
PrP_Sc,total PrPSc concentration,nM,0.0235,220.751,136.2438,0.999
PrP_Sc,total PrPSc concentration,nM,0.0235,221.741,136.2438,0.999
PrP_Sc,total PrPSc concentration,nM,0.0235,222.731,136.6434,0.999
PrP_Sc,total PrPSc concentration,nM,0.0235,223.721,136.7433,1.1988
PrP_Sc,total PrPSc concentration,nM,0.0235,224.711,137.1429,1.1988
PrP_Sc,total PrPSc concentration,nM,0.0235,225.701,137.5425,1.1988
PrP_Sc,total PrPSc concentration,nM,0.0235,226.691,137.9421,1.5984
PrP_Sc,total PrPSc concentration,nM,0.0235,227.681,138.4416,1.3986
PrP_Sc,total PrPSc concentration,nM,0.0235,228.672,138.6414,0.999
PrP_Sc,total PrPSc concentration,nM,0.0235,229.662,138.7413,0.7992
PrP_Sc,total PrPSc concentration,nM,0.0235,230.652,138.7413,0.7992
PrP_Sc,total PrPSc concentration,nM,0.0235,231.642,138.6414,0.999
PrP_Sc,total PrPSc concentration,nM,0.0235,232.632,138.6414,0.999
PrP_Sc,total PrPSc concentration,nM,0.0235,233.622,138.8412,0.999
PrP_Sc,total PrPSc concentration,nM,0.0235,234.612,138.9411,0.7992
PrP_Sc,total PrPSc concentration,nM,0.0235,235.602,138.9411,0.7992
PrP_Sc,total PrPSc concentration,nM,0.0235,236.592,138.7413,1.1988
PrP_Sc,total PrPSc concentration,nM,0.0235,237.582,138.5415,1.1988
PrP_Sc,total PrPSc concentration,nM,0.0235,238.573,138.5415,1.1988
PrP_Sc,total PrPSc concentration,nM,0.0235,239.563,138.7413,0.7992
PrP_Sc,total PrPSc concentration,nM,0.0235,240.553,138.9411,0.7992
PrP_Sc,total PrPSc concentration,nM,0.0235,241.543,139.1409,1.1988
PrP_Sc,total PrPSc concentration,nM,0.0235,242.533,139.2408,0.999
PrP_Sc,total PrPSc concentration,nM,0.0235,243.523,139.3407,0.7992
PrP_Sc,total PrPSc concentration,nM,0.0235,244.513,139.5405,1.1988
PrP_Sc,total PrPSc concentration,nM,0.0235,245.503,139.7403,0.7992
PrP_Sc,total PrPSc concentration,nM,0.0235,246.493,139.8402,0.999
PrP_Sc,total PrPSc concentration,nM,0.0235,247.483,140.04,1.3986
PrP_Sc,total PrPSc concentration,nM,0.0235,248.473,140.2398,0.999
PrP_Sc,total PrPSc concentration,nM,0.0235,249.464,140.3397,0.7992
PrP_Sc,total PrPSc concentration,nM,0.0235,250.454,140.3397,0.7992
PrP_Sc,total PrPSc concentration,nM,0.0235,251.444,140.4396,0.999
PrP_Sc,total PrPSc concentration,nM,0.0235,252.434,140.5395,1.1988
PrP_Sc,total PrPSc concentration,nM,0.0235,253.424,140.7393,0.7992
PrP_Sc,total PrPSc concentration,nM,0.0235,254.414,140.7393,0.7992
PrP_Sc,total PrPSc concentration,nM,0.0235,255.404,140.7393,0.7992
PrP_Sc,total PrPSc concentration,nM,0.0235,256.394,140.7393,0.7992
PrP_Sc,total PrPSc concentration,nM,0.0235,257.384,140.7393,0.7992
PrP_Sc,total PrPSc concentration,nM,0.0235,258.374,140.8392,0.999
PrP_Sc,total PrPSc concentration,nM,0.0235,259.365,141.039,0.999
PrP_Sc,total PrPSc concentration,nM,0.0235,260.355,141.1389,0.7992
PrP_Sc,total PrPSc concentration,nM,0.0235,261.345,141.1389,0.7992
PrP_Sc,total PrPSc concentration,nM,0.0235,262.335,141.2388,0.5994
PrP_Sc,total PrPSc concentration,nM,0.0235,263.325,141.3387,0.7992
PrP_Sc,total PrPSc concentration,nM,0.0235,264.315,141.5385,1.1988
PrP_Sc,total PrPSc concentration,nM,0.0235,265.305,141.6384,0.999
PrP_Sc,total PrPSc concentration,nM,0.0235,266.295,141.6384,0.999
PrP_Sc,total PrPSc concentration,nM,0.0235,267.285,141.8382,0.999
PrP_Sc,total PrPSc concentration,nM,0.0235,268.275,142.038,0.999
PrP_Sc,total PrPSc concentration,nM,0.0235,269.266,142.1379,0.7992
PrP_Sc,total PrPSc concentration,nM,0.0235,270.256,142.1379,0.7992
PrP_Sc,total PrPSc concentration,nM,0.0235,271.246,142.2378,0.999
PrP_Sc,total PrPSc concentration,nM,0.0235,272.236,142.2378,0.999
PrP_Sc,total PrPSc concentration,nM,0.0235,273.226,142.2378,0.999
PrP_Sc,total PrPSc concentration,nM,0.0235,274.216,142.2378,0.999
PrP_Sc,total PrPSc concentration,nM,0.0235,275.206,142.2378,0.999
PrP_Sc,total PrPSc concentration,nM,0.0235,276.196,142.3377,1.1988
PrP_Sc,total PrPSc concentration,nM,0.0235,277.186,142.5375,1.1988
PrP_Sc,total PrPSc concentration,nM,0.0235,278.176,142.6374,0.999
PrP_Sc,total PrPSc concentration,nM,0.0235,279.167,142.5375,1.1988
PrP_Sc,total PrPSc concentration,nM,0.0235,280.157,142.4376,0.999
PrP_Sc,total PrPSc concentration,nM,0.0235,281.147,142.4376,0.999
PrP_Sc,total PrPSc concentration,nM,0.0235,282.137,142.3377,1.1988
PrP_Sc,total PrPSc concentration,nM,0.0235,283.127,142.4376,1.3986
PrP_Sc,total PrPSc concentration,nM,0.0235,284.117,142.7373,0.7992
PrP_Sc,total PrPSc concentration,nM,0.0235,285.107,142.6374,0.999
PrP_Sc,total PrPSc concentration,nM,0.0235,286.097,142.5375,1.1988
PrP_Sc,total PrPSc concentration,nM,0.0235,287.087,142.6374,1.3986
PrP_Sc,total PrPSc concentration,nM,0.0235,288.077,142.9371,1.1988
PrP_Sc,total PrPSc concentration,nM,0.0235,289.067,143.1369,0.7992
PrP_Sc,total PrPSc concentration,nM,0.0235,290.058,143.1369,0.7992
PrP_Sc,total PrPSc concentration,nM,0.0235,291.048,143.2368,0.999
PrP_Sc,total PrPSc concentration,nM,0.0235,292.038,143.4366,0.999
PrP_Sc,total PrPSc concentration,nM,0.0235,293.028,143.4366,0.999
PrP_Sc,total PrPSc concentration,nM,0.0235,294.018,143.3367,0.7992
PrP_Sc,total PrPSc concentration,nM,0.0235,295.008,143.4366,0.999
PrP_Sc,total PrPSc concentration,nM,0.0235,295.998,143.4366,0.999
PrP_Sc,total PrPSc concentration,nM,0.0235,296.988,143.4366,0.999
PrP_Sc,total PrPSc concentration,nM,0.0235,297.978,143.5365,0.7992
PrP_Sc,total PrPSc concentration,nM,0.0235,298.968,143.5365,0.7992
PrP_Sc,total PrPSc concentration,nM,0.0235,299.959,143.5365,0.7992
PrP_Sc,total PrPSc concentration,nM,0.0235,300.949,143.5365,0.7992
PrP_Sc,total PrPSc concentration,nM,0.0235,301.939,143.6364,0.999
PrP_Sc,total PrPSc concentration,nM,0.0235,302.929,143.6364,0.999
PrP_Sc,total PrPSc concentration,nM,0.0235,303.919,143.4366,0.999
PrP_Sc,total PrPSc concentration,nM,0.0235,304.909,143.2368,0.999
PrP_Sc,total PrPSc concentration,nM,0.0235,305.899,143.3367,1.1988
PrP_Sc,total PrPSc concentration,nM,0.0235,306.889,143.4366,0.999
PrP_Sc,total PrPSc concentration,nM,0.0235,307.879,143.4366,0.999
PrP_Sc,total PrPSc concentration,nM,0.0235,308.869,143.4366,0.999
PrP_Sc,total PrPSc concentration,nM,0.0235,309.86,143.4366,0.999
PrP_Sc,total PrPSc concentration,nM,0.0235,310.85,143.2368,0.999
PrP_Sc,total PrPSc concentration,nM,0.0235,311.84,143.037,0.999
PrP_Sc,total PrPSc concentration,nM,0.0235,312.83,142.9371,1.1988
PrP_Sc,total PrPSc concentration,nM,0.0235,313.82,142.8372,0.999
PrP_Sc,total PrPSc concentration,nM,0.0235,314.81,142.9371,1.1988
PrP_Sc,total PrPSc concentration,nM,0.0235,315.8,143.037,0.999
PrP_Sc,total PrPSc concentration,nM,0.0235,316.79,143.2368,0.999
PrP_Sc,total PrPSc concentration,nM,0.0235,317.78,143.4366,0.999
PrP_Sc,total PrPSc concentration,nM,0.0235,318.77,143.5365,0.7992
PrP_Sc,total PrPSc concentration,nM,0.0235,319.76,143.5365,0.7992
PrP_Sc,total PrPSc concentration,nM,0.0235,320.751,143.5365,0.7992
PrP_Sc,total PrPSc concentration,nM,0.0235,321.741,143.6364,0.5994
PrP_Sc,total PrPSc concentration,nM,0.0235,322.731,143.6364,0.5994
PrP_Sc,total PrPSc concentration,nM,0.0235,323.721,143.6364,0.5994
PrP_Sc,total PrPSc concentration,nM,0.0235,324.711,143.7363,0.7992
PrP_Sc,total PrPSc concentration,nM,0.0235,325.701,143.8362,0.999
PrP_Sc,total PrPSc concentration,nM,0.0235,326.691,143.7363,0.7992
PrP_Sc,total PrPSc concentration,nM,0.0235,327.681,143.7363,0.7992
PrP_Sc,total PrPSc concentration,nM,0.0235,328.671,143.7363,0.7992
PrP_Sc,total PrPSc concentration,nM,0.0235,329.661,143.7363,0.7992
PrP_Sc,total PrPSc concentration,nM,0.0235,330.652,143.7363,0.7992
PrP_Sc,total PrPSc concentration,nM,0.0235,331.642,143.7363,0.7992
PrP_Sc,total PrPSc concentration,nM,0.0235,332.632,143.6364,0.5994
PrP_Sc,total PrPSc concentration,nM,0.0235,333.622,143.6364,0.5994
PrP_Sc,total PrPSc concentration,nM,0.0235,334.612,143.6364,0.5994
PrP_Sc,total PrPSc concentration,nM,0.0235,335.602,143.7363,0.7992
PrP_Sc,total PrPSc concentration,nM,0.0235,336.592,143.9361,1.1988
PrP_Sc,total PrPSc concentration,nM,0.0235,337.582,144.036,0.999
PrP_Sc,total PrPSc concentration,nM,0.0235,338.572,144.3357,1.1988
PrP_Sc,total PrPSc concentration,nM,0.0235,339.562,144.6354,0.999
PrP_Sc,total PrPSc concentration,nM,0.0235,340.553,144.6354,0.999
PrP_Sc,total PrPSc concentration,nM,0.0235,341.543,144.5355,1.1988
PrP_Sc,total PrPSc concentration,nM,0.0235,342.533,144.4356,0.999
PrP_Sc,total PrPSc concentration,nM,0.0235,343.523,144.1359,1.1988
PrP_Sc,total PrPSc concentration,nM,0.0235,344.513,144.036,0.999
PrP_Sc,total PrPSc concentration,nM,0.0235,345.503,144.3357,1.1988
PrP_Sc,total PrPSc concentration,nM,0.0235,346.493,144.3357,1.1988
PrP_Sc,total PrPSc concentration,nM,0.0235,347.483,144.2358,0.999
PrP_Sc,total PrPSc concentration,nM,0.0235,348.473,144.2358,0.999
PrP_Sc,total PrPSc concentration,nM,0.0235,349.463,144.036,0.999
PrP_Sc,total PrPSc concentration,nM,0.0235,350.453,143.9361,0.7992
PrP_Sc,total PrPSc concentration,nM,0.0235,351.444,143.8362,0.999
PrP_Sc,total PrPSc concentration,nM,0.0235,352.434,143.7363,0.7992
PrP_Sc,total PrPSc concentration,nM,0.0235,353.424,143.6364,0.5994
PrP_Sc,total PrPSc concentration,nM,0.0235,354.414,143.8362,0.999
PrP_Sc,total PrPSc concentration,nM,0.0235,355.404,144.036,0.999
PrP_Sc,total PrPSc concentration,nM,0.0235,356.394,144.1359,0.7992
PrP_Sc,total PrPSc concentration,nM,0.047,10.85,-0.02,0.999
PrP_Sc,total PrPSc concentration,nM,0.047,11.84,-0.02,0.999
PrP_Sc,total PrPSc concentration,nM,0.047,12.83,-0.1199,0.7992
PrP_Sc,total PrPSc concentration,nM,0.047,16.791,0.3796,0.1998
PrP_Sc,total PrPSc concentration,nM,0.047,17.781,0.3796,0.1998
PrP_Sc,total PrPSc concentration,nM,0.047,21.741,0.4795,0.0
PrP_Sc,total PrPSc concentration,nM,0.047,22.731,0.5794,0.1998
PrP_Sc,total PrPSc concentration,nM,0.047,32.632,0.6793,0.7992
PrP_Sc,total PrPSc concentration,nM,0.047,33.622,0.6793,0.7992
PrP_Sc,total PrPSc concentration,nM,0.047,34.613,0.979,0.1998
PrP_Sc,total PrPSc concentration,nM,0.047,37.583,1.1788,0.999
PrP_Sc,total PrPSc concentration,nM,0.047,38.573,1.2787,1.1988
PrP_Sc,total PrPSc concentration,nM,0.047,39.563,1.1788,0.999
PrP_Sc,total PrPSc concentration,nM,0.047,42.533,2.1778,0.1998
PrP_Sc,total PrPSc concentration,nM,0.047,43.523,2.1778,1.3986
PrP_Sc,total PrPSc concentration,nM,0.047,44.514,2.1778,1.3986
PrP_Sc,total PrPSc concentration,nM,0.047,48.474,3.6763,1.1988
PrP_Sc,total PrPSc concentration,nM,0.047,49.464,3.6763,1.1988
PrP_Sc,total PrPSc concentration,nM,0.047,50.454,3.5764,0.1998
PrP_Sc,total PrPSc concentration,nM,0.047,53.424,5.4745,1.1988
PrP_Sc,total PrPSc concentration,nM,0.047,54.414,5.4745,1.1988
PrP_Sc,total PrPSc concentration,nM,0.047,55.405,5.4745,0.7992
PrP_Sc,total PrPSc concentration,nM,0.047,57.385,7.972,0.999
PrP_Sc,total PrPSc concentration,nM,0.047,58.375,7.972,1.3986
PrP_Sc,total PrPSc concentration,nM,0.047,59.365,7.8721,1.1988
PrP_Sc,total PrPSc concentration,nM,0.047,61.345,10.7692,0.999
PrP_Sc,total PrPSc concentration,nM,0.047,62.335,10.8691,1.1988
PrP_Sc,total PrPSc concentration,nM,0.047,63.325,10.8691,1.1988
PrP_Sc,total PrPSc concentration,nM,0.047,65.306,13.6663,0.3996
PrP_Sc,total PrPSc concentration,nM,0.047,66.296,13.7662,1.3986
PrP_Sc,total PrPSc concentration,nM,0.047,67.286,13.7662,1.3986
PrP_Sc,total PrPSc concentration,nM,0.047,69.266,16.963,0.999
PrP_Sc,total PrPSc concentration,nM,0.047,70.256,17.0629,1.1988
PrP_Sc,total PrPSc concentration,nM,0.047,71.246,17.0629,0.7992
PrP_Sc,total PrPSc concentration,nM,0.047,73.226,20.1598,1.3986
PrP_Sc,total PrPSc concentration,nM,0.047,74.216,20.1598,1.3986
PrP_Sc,total PrPSc concentration,nM,0.047,75.207,20.2597,0.7992
PrP_Sc,total PrPSc concentration,nM,0.047,76.197,23.4566,0.7992
PrP_Sc,total PrPSc concentration,nM,0.047,77.187,23.5565,1.3986
PrP_Sc,total PrPSc concentration,nM,0.047,78.177,23.5565,1.3986
PrP_Sc,total PrPSc concentration,nM,0.047,80.157,26.9531,1.3986
PrP_Sc,total PrPSc concentration,nM,0.047,81.147,26.9531,1.3986
PrP_Sc,total PrPSc concentration,nM,0.047,82.137,26.9531,0.999
PrP_Sc,total PrPSc concentration,nM,0.047,83.127,30.2498,0.7992
PrP_Sc,total PrPSc concentration,nM,0.047,84.117,30.3497,1.3986
PrP_Sc,total PrPSc concentration,nM,0.047,85.107,30.2498,1.1988
PrP_Sc,total PrPSc concentration,nM,0.047,87.088,33.5465,0.999
PrP_Sc,total PrPSc concentration,nM,0.047,88.078,33.6464,1.1988
PrP_Sc,total PrPSc concentration,nM,0.047,89.068,33.6464,1.1988
PrP_Sc,total PrPSc concentration,nM,0.047,91.048,36.6434,1.1988
PrP_Sc,total PrPSc concentration,nM,0.047,92.038,36.7433,1.3986
PrP_Sc,total PrPSc concentration,nM,0.047,93.028,36.7433,0.5994
PrP_Sc,total PrPSc concentration,nM,0.047,95.008,39.6404,1.1988
PrP_Sc,total PrPSc concentration,nM,0.047,95.999,39.6404,1.1988
PrP_Sc,total PrPSc concentration,nM,0.047,96.989,39.6404,0.7992
PrP_Sc,total PrPSc concentration,nM,0.047,98.969,42.3377,0.999
PrP_Sc,total PrPSc concentration,nM,0.047,99.959,42.3377,1.3986
PrP_Sc,total PrPSc concentration,nM,0.047,100.949,42.4376,1.1988
PrP_Sc,total PrPSc concentration,nM,0.047,103.919,44.7353,1.3986
PrP_Sc,total PrPSc concentration,nM,0.047,104.909,44.7353,1.3986
PrP_Sc,total PrPSc concentration,nM,0.047,105.9,44.7353,0.5994
PrP_Sc,total PrPSc concentration,nM,0.047,107.88,46.8332,0.3996
PrP_Sc,total PrPSc concentration,nM,0.047,108.87,46.8332,1.1988
PrP_Sc,total PrPSc concentration,nM,0.047,109.86,46.8332,1.1988
PrP_Sc,total PrPSc concentration,nM,0.047,112.83,49.1309,0.999
PrP_Sc,total PrPSc concentration,nM,0.047,113.82,49.1309,1.3986
PrP_Sc,total PrPSc concentration,nM,0.047,114.81,49.2308,1.1988
PrP_Sc,total PrPSc concentration,nM,0.047,117.781,50.03,0.7992
PrP_Sc,total PrPSc concentration,nM,0.047,118.771,50.1299,1.3986
PrP_Sc,total PrPSc concentration,nM,0.047,119.761,50.1299,1.3986
PrP_Sc,total PrPSc concentration,nM,0.047,122.731,51.9281,0.5994
PrP_Sc,total PrPSc concentration,nM,0.047,123.721,51.9281,1.3986
PrP_Sc,total PrPSc concentration,nM,0.047,124.711,51.9281,1.3986
PrP_Sc,total PrPSc concentration,nM,0.047,127.682,53.8262,0.7992
PrP_Sc,total PrPSc concentration,nM,0.047,128.672,53.8262,1.1988
PrP_Sc,total PrPSc concentration,nM,0.047,129.662,53.8262,1.1988
PrP_Sc,total PrPSc concentration,nM,0.047,132.632,55.4246,0.7992
PrP_Sc,total PrPSc concentration,nM,0.047,133.622,55.5245,1.3986
PrP_Sc,total PrPSc concentration,nM,0.047,134.612,55.5245,1.3986
PrP_Sc,total PrPSc concentration,nM,0.047,138.573,56.2238,1.5984
PrP_Sc,total PrPSc concentration,nM,0.047,139.563,56.2238,1.5984
PrP_Sc,total PrPSc concentration,nM,0.047,140.553,56.1239,0.1998
PrP_Sc,total PrPSc concentration,nM,0.047,143.523,57.6224,1.1988
PrP_Sc,total PrPSc concentration,nM,0.047,144.513,57.6224,1.1988
PrP_Sc,total PrPSc concentration,nM,0.047,145.503,57.6224,0.7992
PrP_Sc,total PrPSc concentration,nM,0.047,148.474,58.7213,0.999
PrP_Sc,total PrPSc concentration,nM,0.047,149.464,58.7213,1.3986
PrP_Sc,total PrPSc concentration,nM,0.047,150.454,58.7213,0.999
PrP_Sc,total PrPSc concentration,nM,0.047,153.424,59.4206,0.7992
PrP_Sc,total PrPSc concentration,nM,0.047,154.414,59.4206,1.1988
PrP_Sc,total PrPSc concentration,nM,0.047,155.404,59.4206,1.1988
PrP_Sc,total PrPSc concentration,nM,0.047,159.365,59.6204,1.1988
PrP_Sc,total PrPSc concentration,nM,0.047,160.355,59.5205,1.3986
PrP_Sc,total PrPSc concentration,nM,0.047,161.345,59.6204,0.7992
PrP_Sc,total PrPSc concentration,nM,0.047,164.315,59.4206,0.7992
PrP_Sc,total PrPSc concentration,nM,0.047,165.305,59.4206,1.1988
PrP_Sc,total PrPSc concentration,nM,0.047,166.295,59.4206,1.1988
PrP_Sc,total PrPSc concentration,nM,0.047,170.256,59.1209,1.3986
PrP_Sc,total PrPSc concentration,nM,0.047,171.246,59.1209,1.3986
PrP_Sc,total PrPSc concentration,nM,0.047,172.236,59.1209,0.1998
PrP_Sc,total PrPSc concentration,nM,0.047,175.206,59.7203,0.999
PrP_Sc,total PrPSc concentration,nM,0.047,176.196,59.7203,1.3986
PrP_Sc,total PrPSc concentration,nM,0.047,177.187,59.8202,1.1988
PrP_Sc,total PrPSc concentration,nM,0.047,180.157,60.6194,0.7992
PrP_Sc,total PrPSc concentration,nM,0.047,181.147,60.6194,1.1988
PrP_Sc,total PrPSc concentration,nM,0.047,182.137,60.6194,1.1988
PrP_Sc,total PrPSc concentration,nM,0.047,186.097,60.5195,0.999
PrP_Sc,total PrPSc concentration,nM,0.047,187.087,60.4196,1.1988
PrP_Sc,total PrPSc concentration,nM,0.047,188.078,60.4196,0.7992
PrP_Sc,total PrPSc concentration,nM,0.047,191.048,60.9191,0.5994
PrP_Sc,total PrPSc concentration,nM,0.047,192.038,60.8192,1.1988
PrP_Sc,total PrPSc concentration,nM,0.047,193.028,60.8192,1.1988
PrP_Sc,total PrPSc concentration,nM,0.047,195.998,62.018,0.3996
PrP_Sc,total PrPSc concentration,nM,0.047,196.988,61.8182,1.1988
PrP_Sc,total PrPSc concentration,nM,0.047,197.979,61.8182,1.1988
PrP_Sc,total PrPSc concentration,nM,0.047,201.939,61.8182,1.1988
PrP_Sc,total PrPSc concentration,nM,0.047,202.929,61.8182,1.1988
PrP_Sc,total PrPSc concentration,nM,0.047,203.919,61.9181,0.999
PrP_Sc,total PrPSc concentration,nM,0.047,206.889,61.4186,0.7992
PrP_Sc,total PrPSc concentration,nM,0.047,207.88,61.2188,1.1988
PrP_Sc,total PrPSc concentration,nM,0.047,208.87,61.2188,1.1988
PrP_Sc,total PrPSc concentration,nM,0.047,212.83,61.6184,1.1988
PrP_Sc,total PrPSc concentration,nM,0.047,213.82,61.5185,1.3986
PrP_Sc,total PrPSc concentration,nM,0.047,214.81,61.6184,0.7992
PrP_Sc,total PrPSc concentration,nM,0.047,217.78,61.3187,0.999
PrP_Sc,total PrPSc concentration,nM,0.047,218.771,61.2188,1.1988
PrP_Sc,total PrPSc concentration,nM,0.047,219.761,61.3187,0.999
PrP_Sc,total PrPSc concentration,nM,0.047,223.721,61.3187,0.999
PrP_Sc,total PrPSc concentration,nM,0.047,224.711,61.3187,0.999
PrP_Sc,total PrPSc concentration,nM,0.047,225.701,61.4186,0.3996
PrP_Sc,total PrPSc concentration,nM,0.047,228.672,61.3187,0.999
PrP_Sc,total PrPSc concentration,nM,0.047,229.662,61.2188,1.1988
PrP_Sc,total PrPSc concentration,nM,0.047,230.652,61.3187,0.999
PrP_Sc,total PrPSc concentration,nM,0.047,233.622,61.019,0.3996
PrP_Sc,total PrPSc concentration,nM,0.047,234.612,61.019,1.5984
PrP_Sc,total PrPSc concentration,nM,0.047,235.602,61.019,1.5984
PrP_Sc,total PrPSc concentration,nM,0.047,236.592,61.019,0.3996
PrP_Sc,total PrPSc concentration,nM,0.047,239.563,61.6184,1.1988
PrP_Sc,total PrPSc concentration,nM,0.047,240.553,61.7183,1.3986
PrP_Sc,total PrPSc concentration,nM,0.047,241.543,61.6184,0.7992
PrP_Sc,total PrPSc concentration,nM,0.047,244.513,61.5185,0.999
PrP_Sc,total PrPSc concentration,nM,0.047,245.503,61.5185,1.3986
PrP_Sc,total PrPSc concentration,nM,0.047,246.493,61.5185,0.999
PrP_Sc,total PrPSc concentration,nM,0.047,249.464,61.6184,0.0
PrP_Sc,total PrPSc concentration,nM,0.047,250.454,61.3187,1.3986
PrP_Sc,total PrPSc concentration,nM,0.047,251.444,61.4186,1.1988
PrP_Sc,total PrPSc concentration,nM,0.047,255.404,61.8182,1.1988
PrP_Sc,total PrPSc concentration,nM,0.047,256.394,61.8182,1.1988
PrP_Sc,total PrPSc concentration,nM,0.047,257.384,61.8182,0.7992
PrP_Sc,total PrPSc concentration,nM,0.047,260.355,61.8182,1.1988
PrP_Sc,total PrPSc concentration,nM,0.047,261.345,61.8182,1.1988
PrP_Sc,total PrPSc concentration,nM,0.047,262.335,61.8182,1.1988
PrP_Sc,total PrPSc concentration,nM,0.047,265.305,61.4186,0.3996
PrP_Sc,total PrPSc concentration,nM,0.047,266.295,61.3187,0.999
PrP_Sc,total PrPSc concentration,nM,0.047,267.285,61.3187,0.999
PrP_Sc,total PrPSc concentration,nM,0.047,271.246,61.2188,1.1988
PrP_Sc,total PrPSc concentration,nM,0.047,272.236,61.2188,1.1988
PrP_Sc,total PrPSc concentration,nM,0.047,273.226,61.2188,0.7992
PrP_Sc,total PrPSc concentration,nM,0.047,276.196,61.7183,0.999
PrP_Sc,total PrPSc concentration,nM,0.047,277.186,61.7183,1.3986
PrP_Sc,total PrPSc concentration,nM,0.047,278.176,61.8182,1.1988
PrP_Sc,total PrPSc concentration,nM,0.047,281.147,62.2178,0.3996
PrP_Sc,total PrPSc concentration,nM,0.047,282.137,62.4176,1.1988
PrP_Sc,total PrPSc concentration,nM,0.047,283.127,62.4176,1.1988
PrP_Sc,total PrPSc concentration,nM,0.047,284.117,62.3177,0.5994
PrP_Sc,total PrPSc concentration,nM,0.047,287.087,61.8182,1.1988
PrP_Sc,total PrPSc concentration,nM,0.047,288.077,61.8182,1.1988
PrP_Sc,total PrPSc concentration,nM,0.047,289.067,61.7183,0.5994
PrP_Sc,total PrPSc concentration,nM,0.047,292.038,62.3177,0.999
PrP_Sc,total PrPSc concentration,nM,0.047,293.028,62.4176,1.1988
PrP_Sc,total PrPSc concentration,nM,0.047,294.018,62.3177,0.999
PrP_Sc,total PrPSc concentration,nM,0.047,297.978,63.1169,1.3986
PrP_Sc,total PrPSc concentration,nM,0.047,298.968,63.017,1.1988
PrP_Sc,total PrPSc concentration,nM,0.047,302.929,63.017,1.1988
PrP_Sc,total PrPSc concentration,nM,0.047,303.919,63.1169,1.3986
PrP_Sc,total PrPSc concentration,nM,0.047,304.909,63.1169,0.999
PrP_Sc,total PrPSc concentration,nM,0.047,307.879,62.4176,0.7992
PrP_Sc,total PrPSc concentration,nM,0.047,308.869,62.4176,1.1988
PrP_Sc,total PrPSc concentration,nM,0.047,309.86,62.4176,1.1988
PrP_Sc,total PrPSc concentration,nM,0.047,312.83,62.018,0.3996
PrP_Sc,total PrPSc concentration,nM,0.047,313.82,61.9181,1.3986
PrP_Sc,total PrPSc concentration,nM,0.047,314.81,61.9181,1.3986
PrP_Sc,total PrPSc concentration,nM,0.047,315.8,61.6184,0.0
PrP_Sc,total PrPSc concentration,nM,0.047,318.77,62.018,1.1988
PrP_Sc,total PrPSc concentration,nM,0.047,319.76,61.9181,1.3986
PrP_Sc,total PrPSc concentration,nM,0.047,320.751,61.9181,0.999
PrP_Sc,total PrPSc concentration,nM,0.047,323.721,61.7183,0.999
PrP_Sc,total PrPSc concentration,nM,0.047,324.711,61.7183,1.3986
PrP_Sc,total PrPSc concentration,nM,0.047,325.701,61.7183,1.3986
PrP_Sc,total PrPSc concentration,nM,0.047,328.671,61.5185,0.1998
PrP_Sc,total PrPSc concentration,nM,0.047,329.661,61.4186,1.1988
PrP_Sc,total PrPSc concentration,nM,0.047,330.652,61.4186,1.1988
PrP_Sc,total PrPSc concentration,nM,0.047,331.642,61.4186,0.3996
PrP_Sc,total PrPSc concentration,nM,0.047,334.612,61.4186,1.1988
PrP_Sc,total PrPSc concentration,nM,0.047,335.602,61.4186,1.1988
PrP_Sc,total PrPSc concentration,nM,0.047,336.592,61.3187,0.999
PrP_Sc,total PrPSc concentration,nM,0.047,339.562,61.5185,0.5994
PrP_Sc,total PrPSc concentration,nM,0.047,340.553,61.4186,1.1988
PrP_Sc,total PrPSc concentration,nM,0.047,341.543,61.4186,1.1988
PrP_Sc,total PrPSc concentration,nM,0.047,345.503,61.4186,1.1988
PrP_Sc,total PrPSc concentration,nM,0.047,346.493,61.4186,1.1988
PrP_Sc,total PrPSc concentration,nM,0.047,347.483,61.4186,0.7992
PrP_Sc,total PrPSc concentration,nM,0.047,350.453,61.4186,0.7992
PrP_Sc,total PrPSc concentration,nM,0.047,351.444,61.4186,1.1988
PrP_Sc,total PrPSc concentration,nM,0.047,352.434,61.5185,0.999
PrP_Sc,total PrPSc concentration,nM,0.047,355.404,61.6184,0.0
PrP_Sc,total PrPSc concentration,nM,0.047,356.394,61.4186,1.1988
PrP_Sc,total PrPSc concentration,nM,0.047,357.384,61.4186,1.1988
PrP_Sc,total PrPSc concentration,nM,0.047,358.374,61.5185,0.1998
PrP_Sc,total PrPSc concentration,nM,0.047,361.345,61.8182,1.1988
PrP_Sc,total PrPSc concentration,nM,0.047,362.335,61.9181,1.3986
PrP_Sc,total PrPSc concentration,nM,0.047,363.325,61.9181,0.999
PrP_Sc,total PrPSc concentration,nM,0.094,7.88,-0.1199,0.7992
PrP_Sc,total PrPSc concentration,nM,0.094,8.87,-0.1199,1.1988
PrP_Sc,total PrPSc concentration,nM,0.094,9.86,-0.02,0.999
PrP_Sc,total PrPSc concentration,nM,0.094,12.83,-0.2198,0.5994
PrP_Sc,total PrPSc concentration,nM,0.094,13.821,-0.1199,0.7992
PrP_Sc,total PrPSc concentration,nM,0.094,14.811,-0.1199,0.7992
PrP_Sc,total PrPSc concentration,nM,0.094,15.801,-0.1199,0.7992
PrP_Sc,total PrPSc concentration,nM,0.094,16.791,-0.3197,0.3996
PrP_Sc,total PrPSc concentration,nM,0.094,19.761,-0.2198,0.5994
PrP_Sc,total PrPSc concentration,nM,0.094,20.751,-0.2198,0.5994
PrP_Sc,total PrPSc concentration,nM,0.094,21.741,-0.2198,0.5994
PrP_Sc,total PrPSc concentration,nM,0.094,22.731,-0.2198,0.5994
PrP_Sc,total PrPSc concentration,nM,0.094,23.721,-0.2198,0.5994
PrP_Sc,total PrPSc concentration,nM,0.094,24.712,-0.2198,0.1998
PrP_Sc,total PrPSc concentration,nM,0.094,25.702,-0.1199,0.3996
PrP_Sc,total PrPSc concentration,nM,0.094,26.692,-0.2198,0.5994
PrP_Sc,total PrPSc concentration,nM,0.094,27.682,-0.2198,0.5994
PrP_Sc,total PrPSc concentration,nM,0.094,28.672,-0.2198,0.5994
PrP_Sc,total PrPSc concentration,nM,0.094,29.662,-0.1199,0.7992
PrP_Sc,total PrPSc concentration,nM,0.094,30.652,-0.1199,0.7992
PrP_Sc,total PrPSc concentration,nM,0.094,32.632,-0.3197,0.0
PrP_Sc,total PrPSc concentration,nM,0.094,33.622,-0.2198,0.5994
PrP_Sc,total PrPSc concentration,nM,0.094,34.613,-0.02,0.999
PrP_Sc,total PrPSc concentration,nM,0.094,35.603,-0.02,0.999
PrP_Sc,total PrPSc concentration,nM,0.094,36.593,-0.1199,0.7992
PrP_Sc,total PrPSc concentration,nM,0.094,37.583,-0.1199,0.3996
PrP_Sc,total PrPSc concentration,nM,0.094,39.563,-0.1199,0.7992
PrP_Sc,total PrPSc concentration,nM,0.094,40.553,-0.1199,0.7992
PrP_Sc,total PrPSc concentration,nM,0.094,41.543,-0.1199,0.7992
PrP_Sc,total PrPSc concentration,nM,0.094,42.533,-0.1199,0.7992
PrP_Sc,total PrPSc concentration,nM,0.094,43.523,-0.1199,0.7992
PrP_Sc,total PrPSc concentration,nM,0.094,44.514,-0.2198,0.1998
PrP_Sc,total PrPSc concentration,nM,0.094,46.494,-0.1199,0.7992
PrP_Sc,total PrPSc concentration,nM,0.094,47.484,-0.1199,0.7992
PrP_Sc,total PrPSc concentration,nM,0.094,48.474,-0.1199,0.7992
PrP_Sc,total PrPSc concentration,nM,0.094,52.434,-0.2198,0.5994
PrP_Sc,total PrPSc concentration,nM,0.094,53.424,-0.02,0.999
PrP_Sc,total PrPSc concentration,nM,0.094,54.414,-0.02,0.999
PrP_Sc,total PrPSc concentration,nM,0.094,55.405,-0.1199,0.7992
PrP_Sc,total PrPSc concentration,nM,0.094,56.395,-0.1199,0.7992
PrP_Sc,total PrPSc concentration,nM,0.094,57.385,-0.2198,0.5994
PrP_Sc,total PrPSc concentration,nM,0.094,59.365,-0.1199,0.7992
PrP_Sc,total PrPSc concentration,nM,0.094,60.355,-0.02,0.999
PrP_Sc,total PrPSc concentration,nM,0.094,61.345,-0.02,0.999
PrP_Sc,total PrPSc concentration,nM,0.094,62.335,-0.02,0.999
PrP_Sc,total PrPSc concentration,nM,0.094,63.325,-0.02,0.999
PrP_Sc,total PrPSc concentration,nM,0.094,64.315,-0.1199,0.0
PrP_Sc,total PrPSc concentration,nM,0.094,65.306,-0.2198,0.1998
PrP_Sc,total PrPSc concentration,nM,0.094,66.296,-0.1199,0.7992
PrP_Sc,total PrPSc concentration,nM,0.094,67.286,-0.1199,0.7992
PrP_Sc,total PrPSc concentration,nM,0.094,68.276,-0.1199,0.7992
PrP_Sc,total PrPSc concentration,nM,0.094,69.266,-0.1199,0.7992
PrP_Sc,total PrPSc concentration,nM,0.094,70.256,-0.1199,0.7992
PrP_Sc,total PrPSc concentration,nM,0.094,72.236,-0.2198,0.5994
PrP_Sc,total PrPSc concentration,nM,0.094,73.226,-0.1199,0.7992
PrP_Sc,total PrPSc concentration,nM,0.094,74.216,-0.1199,0.7992
PrP_Sc,total PrPSc concentration,nM,0.094,75.207,-0.1199,0.7992
PrP_Sc,total PrPSc concentration,nM,0.094,76.197,-0.1199,0.7992
PrP_Sc,total PrPSc concentration,nM,0.094,77.187,-0.1199,0.3996
PrP_Sc,total PrPSc concentration,nM,0.094,79.167,-0.1199,0.7992
PrP_Sc,total PrPSc concentration,nM,0.094,80.157,-0.02,0.999
PrP_Sc,total PrPSc concentration,nM,0.094,81.147,-0.02,0.999
PrP_Sc,total PrPSc concentration,nM,0.094,82.137,-0.02,0.999
PrP_Sc,total PrPSc concentration,nM,0.094,83.127,-0.1199,0.7992
PrP_Sc,total PrPSc concentration,nM,0.094,84.117,-0.2198,0.1998
PrP_Sc,total PrPSc concentration,nM,0.094,85.107,-0.2198,0.1998
PrP_Sc,total PrPSc concentration,nM,0.094,86.098,-0.02,0.999
PrP_Sc,total PrPSc concentration,nM,0.094,87.088,-0.02,0.999
PrP_Sc,total PrPSc concentration,nM,0.094,88.078,-0.02,0.999
PrP_Sc,total PrPSc concentration,nM,0.094,89.068,-0.1199,0.7992
PrP_Sc,total PrPSc concentration,nM,0.094,90.058,-0.1199,0.7992
PrP_Sc,total PrPSc concentration,nM,0.094,92.038,-0.1199,0.7992
PrP_Sc,total PrPSc concentration,nM,0.094,93.028,-0.1199,0.7992
PrP_Sc,total PrPSc concentration,nM,0.094,94.018,-0.1199,0.7992
PrP_Sc,total PrPSc concentration,nM,0.094,95.008,-0.02,0.999
PrP_Sc,total PrPSc concentration,nM,0.094,95.999,-0.02,0.999
PrP_Sc,total PrPSc concentration,nM,0.094,96.989,-0.1199,0.3996
PrP_Sc,total PrPSc concentration,nM,0.094,101.939,-0.02,0.999
PrP_Sc,total PrPSc concentration,nM,0.094,102.929,-0.1199,0.7992
PrP_Sc,total PrPSc concentration,nM,0.094,104.909,-0.1199,0.0
PrP_Sc,total PrPSc concentration,nM,0.094,105.9,-0.02,0.999
PrP_Sc,total PrPSc concentration,nM,0.094,106.89,-0.02,0.999
PrP_Sc,total PrPSc concentration,nM,0.094,107.88,-0.02,0.999
PrP_Sc,total PrPSc concentration,nM,0.094,108.87,-0.1199,0.7992
PrP_Sc,total PrPSc concentration,nM,0.094,109.86,-0.1199,0.7992
PrP_Sc,total PrPSc concentration,nM,0.094,111.84,-0.1199,0.3996
PrP_Sc,total PrPSc concentration,nM,0.094,112.83,-0.02,0.999
PrP_Sc,total PrPSc concentration,nM,0.094,113.82,-0.02,0.999
PrP_Sc,total PrPSc concentration,nM,0.094,114.81,-0.02,0.999
PrP_Sc,total PrPSc concentration,nM,0.094,115.801,-0.1199,0.7992
PrP_Sc,total PrPSc concentration,nM,0.094,116.791,-0.2198,0.5994
PrP_Sc,total PrPSc concentration,nM,0.094,118.771,-0.1199,0.7992
PrP_Sc,total PrPSc concentration,nM,0.094,119.761,-0.1199,0.7992
PrP_Sc,total PrPSc concentration,nM,0.094,120.751,-0.1199,0.7992
PrP_Sc,total PrPSc concentration,nM,0.094,121.741,-0.1199,0.7992
PrP_Sc,total PrPSc concentration,nM,0.094,122.731,-0.1199,0.7992
PrP_Sc,total PrPSc concentration,nM,0.094,123.721,-0.1199,0.0
PrP_Sc,total PrPSc concentration,nM,0.094,125.701,-0.1199,0.7992
PrP_Sc,total PrPSc concentration,nM,0.094,126.692,-0.02,0.999
PrP_Sc,total PrPSc concentration,nM,0.094,127.682,-0.02,0.999
PrP_Sc,total PrPSc concentration,nM,0.094,128.672,-0.02,0.999
PrP_Sc,total PrPSc concentration,nM,0.094,129.662,-0.1199,0.7992
PrP_Sc,total PrPSc concentration,nM,0.094,131.642,-0.2198,0.5994
PrP_Sc,total PrPSc concentration,nM,0.094,132.632,-0.1199,0.7992
PrP_Sc,total PrPSc concentration,nM,0.094,133.622,-0.02,0.999
PrP_Sc,total PrPSc concentration,nM,0.094,134.612,-0.1199,0.7992
PrP_Sc,total PrPSc concentration,nM,0.094,135.602,-0.1199,0.7992
PrP_Sc,total PrPSc concentration,nM,0.094,136.593,-0.2198,0.5994
PrP_Sc,total PrPSc concentration,nM,0.094,138.573,-0.1199,0.7992
PrP_Sc,total PrPSc concentration,nM,0.094,139.563,-0.1199,0.7992
PrP_Sc,total PrPSc concentration,nM,0.094,140.553,-0.02,0.999
PrP_Sc,total PrPSc concentration,nM,0.094,141.543,-0.02,0.999
PrP_Sc,total PrPSc concentration,nM,0.094,142.533,-0.1199,0.7992
PrP_Sc,total PrPSc concentration,nM,0.094,143.523,-0.1199,0.3996
PrP_Sc,total PrPSc concentration,nM,0.094,145.503,-0.02,0.999
PrP_Sc,total PrPSc concentration,nM,0.094,146.494,-0.02,0.999
PrP_Sc,total PrPSc concentration,nM,0.094,147.484,-0.02,0.999
PrP_Sc,total PrPSc concentration,nM,0.094,148.474,-0.1199,0.7992
PrP_Sc,total PrPSc concentration,nM,0.094,151.444,-0.2198,0.5994
PrP_Sc,total PrPSc concentration,nM,0.094,152.434,-0.02,0.999
PrP_Sc,total PrPSc concentration,nM,0.094,153.424,-0.02,0.999
PrP_Sc,total PrPSc concentration,nM,0.094,154.414,-0.02,0.999
PrP_Sc,total PrPSc concentration,nM,0.094,155.404,-0.02,0.999
PrP_Sc,total PrPSc concentration,nM,0.094,156.394,-0.2198,0.5994
PrP_Sc,total PrPSc concentration,nM,0.094,158.375,-0.1199,0.7992
PrP_Sc,total PrPSc concentration,nM,0.094,159.365,-0.1199,0.7992
PrP_Sc,total PrPSc concentration,nM,0.094,160.355,-0.02,0.999
PrP_Sc,total PrPSc concentration,nM,0.094,161.345,-0.02,0.999
PrP_Sc,total PrPSc concentration,nM,0.094,162.335,-0.1199,0.7992
PrP_Sc,total PrPSc concentration,nM,0.094,165.305,-0.1199,0.7992
PrP_Sc,total PrPSc concentration,nM,0.094,166.295,-0.02,0.999
PrP_Sc,total PrPSc concentration,nM,0.094,167.286,-0.02,0.999
PrP_Sc,total PrPSc concentration,nM,0.094,168.276,-0.1199,0.7992
PrP_Sc,total PrPSc concentration,nM,0.094,169.266,-0.1199,0.7992
PrP_Sc,total PrPSc concentration,nM,0.094,171.246,-0.1199,0.3996
PrP_Sc,total PrPSc concentration,nM,0.094,172.236,-0.1199,0.7992
PrP_Sc,total PrPSc concentration,nM,0.094,173.226,-0.02,0.999
PrP_Sc,total PrPSc concentration,nM,0.094,174.216,-0.02,0.999
PrP_Sc,total PrPSc concentration,nM,0.094,175.206,-0.02,0.999
PrP_Sc,total PrPSc concentration,nM,0.094,176.196,-0.2198,0.5994
PrP_Sc,total PrPSc concentration,nM,0.094,178.177,-0.1199,0.7992
PrP_Sc,total PrPSc concentration,nM,0.094,179.167,-0.02,0.999
PrP_Sc,total PrPSc concentration,nM,0.094,180.157,-0.02,0.999
PrP_Sc,total PrPSc concentration,nM,0.094,181.147,-0.02,0.999
PrP_Sc,total PrPSc concentration,nM,0.094,182.137,-0.1199,0.7992
PrP_Sc,total PrPSc concentration,nM,0.094,183.127,-0.1199,0.0
PrP_Sc,total PrPSc concentration,nM,0.094,185.107,-0.1199,0.7992
PrP_Sc,total PrPSc concentration,nM,0.094,186.097,-0.02,0.999
PrP_Sc,total PrPSc concentration,nM,0.094,187.087,-0.1199,0.7992
PrP_Sc,total PrPSc concentration,nM,0.094,188.078,-0.1199,0.7992
PrP_Sc,total PrPSc concentration,nM,0.094,189.068,-0.1199,0.7992
PrP_Sc,total PrPSc concentration,nM,0.094,191.048,-0.1199,0.3996
PrP_Sc,total PrPSc concentration,nM,0.094,192.038,-0.02,0.999
PrP_Sc,total PrPSc concentration,nM,0.094,193.028,-0.02,0.999
PrP_Sc,total PrPSc concentration,nM,0.094,194.018,-0.1199,0.7992
PrP_Sc,total PrPSc concentration,nM,0.094,195.008,-0.1199,0.7992
PrP_Sc,total PrPSc concentration,nM,0.094,195.998,-0.1199,0.7992
PrP_Sc,total PrPSc concentration,nM,0.094,197.979,-0.1199,0.3996
PrP_Sc,total PrPSc concentration,nM,0.094,201.939,-0.02,0.999
PrP_Sc,total PrPSc concentration,nM,0.094,202.929,-0.2198,0.1998
PrP_Sc,total PrPSc concentration,nM,0.094,204.909,-0.1199,0.7992
PrP_Sc,total PrPSc concentration,nM,0.094,205.899,-0.02,0.999
PrP_Sc,total PrPSc concentration,nM,0.094,206.889,-0.02,0.999
PrP_Sc,total PrPSc concentration,nM,0.094,207.88,-0.1199,0.7992
PrP_Sc,total PrPSc concentration,nM,0.094,208.87,-0.1199,0.7992
PrP_Sc,total PrPSc concentration,nM,0.094,210.85,-0.1199,0.3996
PrP_Sc,total PrPSc concentration,nM,0.094,211.84,-0.1199,0.7992
PrP_Sc,total PrPSc concentration,nM,0.094,212.83,-0.1199,0.7992
PrP_Sc,total PrPSc concentration,nM,0.094,213.82,-0.02,0.999
PrP_Sc,total PrPSc concentration,nM,0.094,214.81,-0.02,0.999
PrP_Sc,total PrPSc concentration,nM,0.094,215.8,-0.2198,0.5994
PrP_Sc,total PrPSc concentration,nM,0.094,217.78,-0.2198,0.5994
PrP_Sc,total PrPSc concentration,nM,0.094,218.771,-0.1199,0.7992
PrP_Sc,total PrPSc concentration,nM,0.094,219.761,-0.02,0.999
PrP_Sc,total PrPSc concentration,nM,0.094,220.751,-0.02,0.999
PrP_Sc,total PrPSc concentration,nM,0.094,221.741,-0.1199,0.7992
PrP_Sc,total PrPSc concentration,nM,0.094,222.731,-0.1199,0.3996
PrP_Sc,total PrPSc concentration,nM,0.094,224.711,-0.02,0.999
PrP_Sc,total PrPSc concentration,nM,0.094,225.701,-0.02,0.999
PrP_Sc,total PrPSc concentration,nM,0.094,226.691,-0.1199,0.7992
PrP_Sc,total PrPSc concentration,nM,0.094,227.681,-0.1199,0.7992
PrP_Sc,total PrPSc concentration,nM,0.094,228.672,-0.1199,0.7992
PrP_Sc,total PrPSc concentration,nM,0.094,230.652,-0.2198,0.1998
PrP_Sc,total PrPSc concentration,nM,0.094,231.642,-0.1199,0.7992
PrP_Sc,total PrPSc concentration,nM,0.094,232.632,-0.02,0.999
PrP_Sc,total PrPSc concentration,nM,0.094,233.622,-0.02,0.999
PrP_Sc,total PrPSc concentration,nM,0.094,234.612,-0.02,0.999
PrP_Sc,total PrPSc concentration,nM,0.094,235.602,-0.2198,0.5994
PrP_Sc,total PrPSc concentration,nM,0.094,237.582,-0.1199,0.7992
PrP_Sc,total PrPSc concentration,nM,0.094,238.573,-0.02,0.999
PrP_Sc,total PrPSc concentration,nM,0.094,239.563,-0.02,0.999
PrP_Sc,total PrPSc concentration,nM,0.094,240.553,-0.02,0.999
PrP_Sc,total PrPSc concentration,nM,0.094,241.543,-0.1199,0.7992
PrP_Sc,total PrPSc concentration,nM,0.094,242.533,-0.2198,0.1998
PrP_Sc,total PrPSc concentration,nM,0.094,244.513,-0.1199,0.7992
PrP_Sc,total PrPSc concentration,nM,0.094,245.503,-0.02,0.999
PrP_Sc,total PrPSc concentration,nM,0.094,246.493,-0.02,0.999
PrP_Sc,total PrPSc concentration,nM,0.094,247.483,-0.02,0.999
PrP_Sc,total PrPSc concentration,nM,0.094,248.473,-0.1199,0.7992
PrP_Sc,total PrPSc concentration,nM,0.094,251.444,-0.1199,0.7992
PrP_Sc,total PrPSc concentration,nM,0.094,252.434,-0.02,0.999
PrP_Sc,total PrPSc concentration,nM,0.094,253.424,-0.02,0.999
PrP_Sc,total PrPSc concentration,nM,0.094,254.414,-0.02,0.999
PrP_Sc,total PrPSc concentration,nM,0.094,255.404,-0.1199,0.3996
PrP_Sc,total PrPSc concentration,nM,0.094,257.384,-0.1199,0.7992
PrP_Sc,total PrPSc concentration,nM,0.094,258.374,-0.02,0.999
PrP_Sc,total PrPSc concentration,nM,0.094,259.365,-0.02,0.999
PrP_Sc,total PrPSc concentration,nM,0.094,260.355,-0.02,0.999
PrP_Sc,total PrPSc concentration,nM,0.094,261.345,-0.1199,0.7992
PrP_Sc,total PrPSc concentration,nM,0.094,262.335,-0.1199,0.3996
PrP_Sc,total PrPSc concentration,nM,0.094,264.315,-0.1199,0.7992
PrP_Sc,total PrPSc concentration,nM,0.094,265.305,-0.02,0.999
PrP_Sc,total PrPSc concentration,nM,0.094,266.295,-0.02,0.999
PrP_Sc,total PrPSc concentration,nM,0.094,267.285,-0.1199,0.7992
PrP_Sc,total PrPSc concentration,nM,0.094,268.275,-0.1199,0.7992
PrP_Sc,total PrPSc concentration,nM,0.094,270.256,-0.1199,0.3996
PrP_Sc,total PrPSc concentration,nM,0.094,271.246,-0.02,0.999
PrP_Sc,total PrPSc concentration,nM,0.094,272.236,-0.1199,0.7992
PrP_Sc,total PrPSc concentration,nM,0.094,273.226,-0.02,0.999
PrP_Sc,total PrPSc concentration,nM,0.094,274.216,-0.02,0.999
PrP_Sc,total PrPSc concentration,nM,0.094,275.206,-0.2198,0.5994
PrP_Sc,total PrPSc concentration,nM,0.094,277.186,-0.2198,0.5994
PrP_Sc,total PrPSc concentration,nM,0.094,278.176,-0.1199,0.7992
PrP_Sc,total PrPSc concentration,nM,0.094,279.167,-0.02,0.999
PrP_Sc,total PrPSc concentration,nM,0.094,280.157,-0.02,0.999
PrP_Sc,total PrPSc concentration,nM,0.094,281.147,-0.1199,0.7992
PrP_Sc,total PrPSc concentration,nM,0.094,282.137,-0.1199,0.3996
PrP_Sc,total PrPSc concentration,nM,0.094,284.117,-0.02,0.999
PrP_Sc,total PrPSc concentration,nM,0.094,285.107,-0.02,0.999
PrP_Sc,total PrPSc concentration,nM,0.094,286.097,-0.1199,0.7992
PrP_Sc,total PrPSc concentration,nM,0.094,287.087,-0.02,0.999
PrP_Sc,total PrPSc concentration,nM,0.094,288.077,-0.1199,0.7992
PrP_Sc,total PrPSc concentration,nM,0.094,290.058,-0.2198,0.1998
PrP_Sc,total PrPSc concentration,nM,0.094,291.048,-0.1199,0.7992
PrP_Sc,total PrPSc concentration,nM,0.094,292.038,-0.02,0.999
PrP_Sc,total PrPSc concentration,nM,0.094,293.028,-0.1199,0.7992
PrP_Sc,total PrPSc concentration,nM,0.094,294.018,-0.1199,0.7992
PrP_Sc,total PrPSc concentration,nM,0.094,295.008,-0.1199,0.7992
PrP_Sc,total PrPSc concentration,nM,0.094,296.988,-0.1199,0.7992
PrP_Sc,total PrPSc concentration,nM,0.094,297.978,-0.02,0.999
PrP_Sc,total PrPSc concentration,nM,0.094,303.919,-0.1199,0.7992
PrP_Sc,total PrPSc concentration,nM,0.094,304.909,-0.02,0.999
PrP_Sc,total PrPSc concentration,nM,0.094,305.899,-0.02,0.999
PrP_Sc,total PrPSc concentration,nM,0.094,306.889,-0.02,0.999
PrP_Sc,total PrPSc concentration,nM,0.094,307.879,-0.1199,0.7992
PrP_Sc,total PrPSc concentration,nM,0.094,309.86,-0.1199,0.3996
PrP_Sc,total PrPSc concentration,nM,0.094,310.85,-0.1199,0.7992
PrP_Sc,total PrPSc concentration,nM,0.094,311.84,-0.1199,0.7992
PrP_Sc,total PrPSc concentration,nM,0.094,312.83,-0.1199,0.7992
PrP_Sc,total PrPSc concentration,nM,0.094,313.82,-0.1199,0.7992
PrP_Sc,total PrPSc concentration,nM,0.094,314.81,-0.2198,0.5994
PrP_Sc,total PrPSc concentration,nM,0.094,316.79,-0.1199,0.7992
PrP_Sc,total PrPSc concentration,nM,0.094,317.78,-0.02,0.999
PrP_Sc,total PrPSc concentration,nM,0.094,318.77,-0.02,0.999
PrP_Sc,total PrPSc concentration,nM,0.094,319.76,-0.02,0.999
PrP_Sc,total PrPSc concentration,nM,0.094,320.751,-0.1199,0.7992
PrP_Sc,total PrPSc concentration,nM,0.094,321.741,-0.1199,0.3996
PrP_Sc,total PrPSc concentration,nM,0.094,323.721,-0.1199,0.7992
PrP_Sc,total PrPSc concentration,nM,0.094,324.711,-0.02,0.999
PrP_Sc,total PrPSc concentration,nM,0.094,325.701,-0.02,0.999
PrP_Sc,total PrPSc concentration,nM,0.094,326.691,-0.1199,0.7992
PrP_Sc,total PrPSc concentration,nM,0.094,327.681,-0.1199,0.7992
PrP_Sc,total PrPSc concentration,nM,0.094,329.661,-0.1199,0.3996
PrP_Sc,total PrPSc concentration,nM,0.094,330.652,-0.02,0.999
PrP_Sc,total PrPSc concentration,nM,0.094,331.642,-0.1199,0.7992
PrP_Sc,total PrPSc concentration,nM,0.094,332.632,-0.02,0.999
PrP_Sc,total PrPSc concentration,nM,0.094,333.622,-0.02,0.999
PrP_Sc,total PrPSc concentration,nM,0.094,334.612,-0.2198,0.5994
PrP_Sc,total PrPSc concentration,nM,0.094,336.592,-0.1199,0.7992
PrP_Sc,total PrPSc concentration,nM,0.094,337.582,-0.1199,0.7992
PrP_Sc,total PrPSc concentration,nM,0.094,338.572,-0.02,0.999
PrP_Sc,total PrPSc concentration,nM,0.094,339.562,-0.02,0.999
PrP_Sc,total PrPSc concentration,nM,0.094,340.553,-0.1199,0.7992
PrP_Sc,total PrPSc concentration,nM,0.094,341.543,-0.2198,0.1998
PrP_Sc,total PrPSc concentration,nM,0.094,343.523,-0.1199,0.7992
PrP_Sc,total PrPSc concentration,nM,0.094,344.513,-0.02,0.999
PrP_Sc,total PrPSc concentration,nM,0.094,345.503,-0.1199,0.7992
PrP_Sc,total PrPSc concentration,nM,0.094,346.493,-0.1199,0.7992
PrP_Sc,total PrPSc concentration,nM,0.094,347.483,-0.1199,0.7992
PrP_Sc,total PrPSc concentration,nM,0.094,351.444,-0.02,0.999
PrP_Sc,total PrPSc concentration,nM,0.094,352.434,-0.02,0.999
PrP_Sc,total PrPSc concentration,nM,0.094,353.424,-0.02,0.999
PrP_Sc,total PrPSc concentration,nM,0.094,354.414,-0.1199,0.7992
aggregates,PrPSc aggregate concentration,nM,0.0235,11.648,0.0385,0.0311
aggregates,PrPSc aggregate concentration,nM,0.0235,12.639,0.023,0.1244
aggregates,PrPSc aggregate concentration,nM,0.0235,13.631,0.0385,0.0933
aggregates,PrPSc aggregate concentration,nM,0.0235,14.622,0.0696,0.0311
aggregates,PrPSc aggregate concentration,nM,0.0235,15.613,0.0541,0.0
aggregates,PrPSc aggregate concentration,nM,0.0235,16.605,0.0385,0.0311
aggregates,PrPSc aggregate concentration,nM,0.0235,17.596,0.023,0.1244
aggregates,PrPSc aggregate concentration,nM,0.0235,18.587,0.023,0.1244
aggregates,PrPSc aggregate concentration,nM,0.0235,19.579,0.023,0.1244
aggregates,PrPSc aggregate concentration,nM,0.0235,20.57,0.0541,0.0622
aggregates,PrPSc aggregate concentration,nM,0.0235,21.561,0.0541,0.0622
aggregates,PrPSc aggregate concentration,nM,0.0235,22.553,0.0541,0.0622
aggregates,PrPSc aggregate concentration,nM,0.0235,23.544,0.0541,0.1244
aggregates,PrPSc aggregate concentration,nM,0.0235,24.535,0.0541,0.1244
aggregates,PrPSc aggregate concentration,nM,0.0235,25.527,0.0851,0.1244
aggregates,PrPSc aggregate concentration,nM,0.0235,26.518,0.0851,0.1244
aggregates,PrPSc aggregate concentration,nM,0.0235,27.509,0.0696,0.0933
aggregates,PrPSc aggregate concentration,nM,0.0235,28.501,0.0851,0.1244
aggregates,PrPSc aggregate concentration,nM,0.0235,29.492,0.1007,0.1554
aggregates,PrPSc aggregate concentration,nM,0.0235,30.483,0.1162,0.1865
aggregates,PrPSc aggregate concentration,nM,0.0235,31.475,0.1473,0.1865
aggregates,PrPSc aggregate concentration,nM,0.0235,32.466,0.1784,0.1244
aggregates,PrPSc aggregate concentration,nM,0.0235,33.457,0.194,0.1554
aggregates,PrPSc aggregate concentration,nM,0.0235,34.449,0.2095,0.1865
aggregates,PrPSc aggregate concentration,nM,0.0235,35.44,0.2561,0.1554
aggregates,PrPSc aggregate concentration,nM,0.0235,36.431,0.2872,0.1554
aggregates,PrPSc aggregate concentration,nM,0.0235,37.423,0.3183,0.1554
aggregates,PrPSc aggregate concentration,nM,0.0235,38.414,0.3649,0.1865
aggregates,PrPSc aggregate concentration,nM,0.0235,39.405,0.3805,0.1554
aggregates,PrPSc aggregate concentration,nM,0.0235,40.397,0.4427,0.2176
aggregates,PrPSc aggregate concentration,nM,0.0235,41.388,0.4893,0.1865
aggregates,PrPSc aggregate concentration,nM,0.0235,42.379,0.5515,0.1865
aggregates,PrPSc aggregate concentration,nM,0.0235,43.371,0.5981,0.2176
aggregates,PrPSc aggregate concentration,nM,0.0235,44.362,0.6914,0.2176
aggregates,PrPSc aggregate concentration,nM,0.0235,45.353,0.7536,0.2176
aggregates,PrPSc aggregate concentration,nM,0.0235,46.344,0.8468,0.2798
aggregates,PrPSc aggregate concentration,nM,0.0235,47.336,0.9556,0.3109
aggregates,PrPSc aggregate concentration,nM,0.0235,48.327,1.0644,0.2798
aggregates,PrPSc aggregate concentration,nM,0.0235,49.318,1.1888,0.342
aggregates,PrPSc aggregate concentration,nM,0.0235,50.31,1.3132,0.342
aggregates,PrPSc aggregate concentration,nM,0.0235,51.301,1.4531,0.3109
aggregates,PrPSc aggregate concentration,nM,0.0235,52.292,1.5774,0.3109
aggregates,PrPSc aggregate concentration,nM,0.0235,53.284,1.7329,0.3731
aggregates,PrPSc aggregate concentration,nM,0.0235,54.275,1.8883,0.3731
aggregates,PrPSc aggregate concentration,nM,0.0235,55.266,2.0282,0.4042
aggregates,PrPSc aggregate concentration,nM,0.0235,56.258,2.2147,0.4663
aggregates,PrPSc aggregate concentration,nM,0.0235,57.249,2.4168,0.4974
aggregates,PrPSc aggregate concentration,nM,0.0235,58.24,2.6189,0.4663
aggregates,PrPSc aggregate concentration,nM,0.0235,59.232,2.8365,0.5285
aggregates,PrPSc aggregate concentration,nM,0.0235,60.223,3.0697,0.4974
aggregates,PrPSc aggregate concentration,nM,0.0235,61.214,3.2562,0.4974
aggregates,PrPSc aggregate concentration,nM,0.0235,62.206,3.4894,0.5285
aggregates,PrPSc aggregate concentration,nM,0.0235,63.197,3.7381,0.5285
aggregates,PrPSc aggregate concentration,nM,0.0235,64.188,3.9402,0.5596
aggregates,PrPSc aggregate concentration,nM,0.0235,65.18,4.2044,0.5907
aggregates,PrPSc aggregate concentration,nM,0.0235,66.171,4.4531,0.5285
aggregates,PrPSc aggregate concentration,nM,0.0235,67.162,4.6708,0.5285
aggregates,PrPSc aggregate concentration,nM,0.0235,68.154,4.9039,0.5596
aggregates,PrPSc aggregate concentration,nM,0.0235,69.145,5.1526,0.5596
aggregates,PrPSc aggregate concentration,nM,0.0235,70.136,5.4014,0.6218
aggregates,PrPSc aggregate concentration,nM,0.0235,71.128,5.6812,0.684
aggregates,PrPSc aggregate concentration,nM,0.0235,72.119,6.0076,0.6529
aggregates,PrPSc aggregate concentration,nM,0.0235,73.11,6.2718,0.684
aggregates,PrPSc aggregate concentration,nM,0.0235,74.102,6.5672,0.6529
aggregates,PrPSc aggregate concentration,nM,0.0235,75.093,6.8625,0.684
aggregates,PrPSc aggregate concentration,nM,0.0235,76.084,7.1268,0.6529
aggregates,PrPSc aggregate concentration,nM,0.0235,77.076,7.4377,0.6529
aggregates,PrPSc aggregate concentration,nM,0.0235,78.067,7.7175,0.5907
aggregates,PrPSc aggregate concentration,nM,0.0235,79.058,7.9507,0.5596
aggregates,PrPSc aggregate concentration,nM,0.0235,80.05,8.2149,0.5907
aggregates,PrPSc aggregate concentration,nM,0.0235,81.041,8.4636,0.5907
aggregates,PrPSc aggregate concentration,nM,0.0235,82.032,8.6968,0.5596
aggregates,PrPSc aggregate concentration,nM,0.0235,83.024,8.961,0.5907
aggregates,PrPSc aggregate concentration,nM,0.0235,84.015,9.2253,0.5596
aggregates,PrPSc aggregate concentration,nM,0.0235,85.006,9.474,0.5596
aggregates,PrPSc aggregate concentration,nM,0.0235,85.998,9.7227,0.5596
aggregates,PrPSc aggregate concentration,nM,0.0235,86.989,9.987,0.5907
aggregates,PrPSc aggregate concentration,nM,0.0235,87.98,10.2512,0.6218
aggregates,PrPSc aggregate concentration,nM,0.0235,88.971,10.5155,0.6529
aggregates,PrPSc aggregate concentration,nM,0.0235,89.963,10.7797,0.5596
aggregates,PrPSc aggregate concentration,nM,0.0235,90.954,11.0129,0.5285
aggregates,PrPSc aggregate concentration,nM,0.0235,91.945,11.2305,0.5285
aggregates,PrPSc aggregate concentration,nM,0.0235,92.937,11.4792,0.5285
aggregates,PrPSc aggregate concentration,nM,0.0235,93.928,11.6813,0.5596
aggregates,PrPSc aggregate concentration,nM,0.0235,94.919,11.93,0.5596
aggregates,PrPSc aggregate concentration,nM,0.0235,95.911,12.1632,0.5285
aggregates,PrPSc aggregate concentration,nM,0.0235,96.902,12.3964,0.4974
aggregates,PrPSc aggregate concentration,nM,0.0235,97.893,12.614,0.5596
aggregates,PrPSc aggregate concentration,nM,0.0235,98.885,12.8627,0.5596
aggregates,PrPSc aggregate concentration,nM,0.0235,99.876,13.0803,0.5596
aggregates,PrPSc aggregate concentration,nM,0.0235,100.867,13.3135,0.5285
aggregates,PrPSc aggregate concentration,nM,0.0235,101.859,13.5311,0.4663
aggregates,PrPSc aggregate concentration,nM,0.0235,102.85,13.7487,0.4663
aggregates,PrPSc aggregate concentration,nM,0.0235,103.841,13.9197,0.4974
aggregates,PrPSc aggregate concentration,nM,0.0235,104.833,14.1374,0.4352
aggregates,PrPSc aggregate concentration,nM,0.0235,105.824,14.3239,0.4352
aggregates,PrPSc aggregate concentration,nM,0.0235,106.815,14.526,0.4663
aggregates,PrPSc aggregate concentration,nM,0.0235,107.807,14.728,0.4352
aggregates,PrPSc aggregate concentration,nM,0.0235,108.798,14.899,0.4042
aggregates,PrPSc aggregate concentration,nM,0.0235,109.789,15.0234,0.342
aggregates,PrPSc aggregate concentration,nM,0.0235,110.781,15.1944,0.3109
aggregates,PrPSc aggregate concentration,nM,0.0235,111.772,15.3187,0.3731
aggregates,PrPSc aggregate concentration,nM,0.0235,112.763,15.4897,0.4663
aggregates,PrPSc aggregate concentration,nM,0.0235,113.755,15.6763,0.4042
aggregates,PrPSc aggregate concentration,nM,0.0235,114.746,15.8472,0.4352
aggregates,PrPSc aggregate concentration,nM,0.0235,115.737,16.0649,0.4974
aggregates,PrPSc aggregate concentration,nM,0.0235,116.729,16.2669,0.5285
aggregates,PrPSc aggregate concentration,nM,0.0235,117.72,16.469,0.4352
aggregates,PrPSc aggregate concentration,nM,0.0235,118.711,16.6556,0.4352
aggregates,PrPSc aggregate concentration,nM,0.0235,119.703,16.811,0.3731
aggregates,PrPSc aggregate concentration,nM,0.0235,120.694,16.9975,0.3731
aggregates,PrPSc aggregate concentration,nM,0.0235,121.685,17.1219,0.4352
aggregates,PrPSc aggregate concentration,nM,0.0235,122.677,17.3084,0.3731
aggregates,PrPSc aggregate concentration,nM,0.0235,123.668,17.4639,0.3731
aggregates,PrPSc aggregate concentration,nM,0.0235,124.659,17.6038,0.342
aggregates,PrPSc aggregate concentration,nM,0.0235,125.651,17.7592,0.342
aggregates,PrPSc aggregate concentration,nM,0.0235,126.642,17.8991,0.3731
aggregates,PrPSc aggregate concentration,nM,0.0235,127.633,18.0079,0.342
aggregates,PrPSc aggregate concentration,nM,0.0235,128.625,18.1323,0.2176
aggregates,PrPSc aggregate concentration,nM,0.0235,129.616,18.21,0.2487
aggregates,PrPSc aggregate concentration,nM,0.0235,130.607,18.3499,0.4042
aggregates,PrPSc aggregate concentration,nM,0.0235,131.599,18.4898,0.4352
aggregates,PrPSc aggregate concentration,nM,0.0235,132.59,18.6608,0.342
aggregates,PrPSc aggregate concentration,nM,0.0235,133.581,18.8162,0.342
aggregates,PrPSc aggregate concentration,nM,0.0235,134.572,18.925,0.3109
aggregates,PrPSc aggregate concentration,nM,0.0235,135.564,19.0028,0.2176
aggregates,PrPSc aggregate concentration,nM,0.0235,136.555,19.0805,0.1865
aggregates,PrPSc aggregate concentration,nM,0.0235,137.546,19.1271,0.2176
aggregates,PrPSc aggregate concentration,nM,0.0235,138.538,19.2048,0.2487
aggregates,PrPSc aggregate concentration,nM,0.0235,139.529,19.2981,0.2487
aggregates,PrPSc aggregate concentration,nM,0.0235,140.52,19.3758,0.2798
aggregates,PrPSc aggregate concentration,nM,0.0235,141.512,19.4847,0.3109
aggregates,PrPSc aggregate concentration,nM,0.0235,142.503,19.609,0.3109
aggregates,PrPSc aggregate concentration,nM,0.0235,143.494,19.7334,0.3731
aggregates,PrPSc aggregate concentration,nM,0.0235,144.486,19.8577,0.3731
aggregates,PrPSc aggregate concentration,nM,0.0235,145.477,19.9665,0.2798
aggregates,PrPSc aggregate concentration,nM,0.0235,146.468,20.0753,0.2487
aggregates,PrPSc aggregate concentration,nM,0.0235,147.46,20.1375,0.2487
aggregates,PrPSc aggregate concentration,nM,0.0235,148.451,20.2463,0.2798
aggregates,PrPSc aggregate concentration,nM,0.0235,149.442,20.3551,0.3109
aggregates,PrPSc aggregate concentration,nM,0.0235,150.434,20.4484,0.2487
aggregates,PrPSc aggregate concentration,nM,0.0235,151.425,20.5572,0.2798
aggregates,PrPSc aggregate concentration,nM,0.0235,152.416,20.6505,0.2798
aggregates,PrPSc aggregate concentration,nM,0.0235,153.408,20.7593,0.3109
aggregates,PrPSc aggregate concentration,nM,0.0235,154.399,20.8681,0.2798
aggregates,PrPSc aggregate concentration,nM,0.0235,155.39,20.9614,0.2176
aggregates,PrPSc aggregate concentration,nM,0.0235,156.382,20.9925,0.1554
aggregates,PrPSc aggregate concentration,nM,0.0235,157.373,21.0391,0.2487
aggregates,PrPSc aggregate concentration,nM,0.0235,158.364,21.1324,0.2487
aggregates,PrPSc aggregate concentration,nM,0.0235,159.356,21.2101,0.2176
aggregates,PrPSc aggregate concentration,nM,0.0235,160.347,21.3034,0.2798
aggregates,PrPSc aggregate concentration,nM,0.0235,161.338,21.3655,0.2798
aggregates,PrPSc aggregate concentration,nM,0.0235,162.33,21.4588,0.2176
aggregates,PrPSc aggregate concentration,nM,0.0235,163.321,21.521,0.2176
aggregates,PrPSc aggregate concentration,nM,0.0235,164.312,21.6142,0.2176
aggregates,PrPSc aggregate concentration,nM,0.0235,165.304,21.6609,0.1865
aggregates,PrPSc aggregate concentration,nM,0.0235,166.295,21.7075,0.2176
aggregates,PrPSc aggregate concentration,nM,0.0235,167.286,21.7852,0.2487
aggregates,PrPSc aggregate concentration,nM,0.0235,168.278,21.8474,0.1865
aggregates,PrPSc aggregate concentration,nM,0.0235,169.269,21.894,0.1554
aggregates,PrPSc aggregate concentration,nM,0.0235,170.26,21.9407,0.1865
aggregates,PrPSc aggregate concentration,nM,0.0235,171.252,21.9873,0.2176
aggregates,PrPSc aggregate concentration,nM,0.0235,172.243,22.065,0.1865
aggregates,PrPSc aggregate concentration,nM,0.0235,173.234,22.1428,0.2176
aggregates,PrPSc aggregate concentration,nM,0.0235,174.226,22.1894,0.2487
aggregates,PrPSc aggregate concentration,nM,0.0235,175.217,22.236,0.1554
aggregates,PrPSc aggregate concentration,nM,0.0235,176.208,22.2827,0.1244
aggregates,PrPSc aggregate concentration,nM,0.0235,177.2,22.3137,0.1865
aggregates,PrPSc aggregate concentration,nM,0.0235,178.191,22.3915,0.2798
aggregates,PrPSc aggregate concentration,nM,0.0235,179.182,22.4692,0.2487
aggregates,PrPSc aggregate concentration,nM,0.0235,180.173,22.5469,0.2176
aggregates,PrPSc aggregate concentration,nM,0.0235,181.165,22.6091,0.1554
aggregates,PrPSc aggregate concentration,nM,0.0235,182.156,22.6402,0.2176
aggregates,PrPSc aggregate concentration,nM,0.0235,183.147,22.6868,0.1865
aggregates,PrPSc aggregate concentration,nM,0.0235,184.139,22.7024,0.1554
aggregates,PrPSc aggregate concentration,nM,0.0235,185.13,22.7024,0.1554
aggregates,PrPSc aggregate concentration,nM,0.0235,186.121,22.7179,0.1244
aggregates,PrPSc aggregate concentration,nM,0.0235,187.113,22.7334,0.1554
aggregates,PrPSc aggregate concentration,nM,0.0235,188.104,22.7334,0.2176
aggregates,PrPSc aggregate concentration,nM,0.0235,189.095,22.7179,0.1865
aggregates,PrPSc aggregate concentration,nM,0.0235,190.087,22.7645,0.1554
aggregates,PrPSc aggregate concentration,nM,0.0235,191.078,22.8112,0.1865
aggregates,PrPSc aggregate concentration,nM,0.0235,192.069,22.8423,0.1865
aggregates,PrPSc aggregate concentration,nM,0.0235,193.061,22.8733,0.1244
aggregates,PrPSc aggregate concentration,nM,0.0235,194.052,22.9044,0.1865
aggregates,PrPSc aggregate concentration,nM,0.0235,195.043,22.9355,0.1865
aggregates,PrPSc aggregate concentration,nM,0.0235,196.035,22.9977,0.2487
aggregates,PrPSc aggregate concentration,nM,0.0235,197.026,23.0599,0.1865
aggregates,PrPSc aggregate concentration,nM,0.0235,198.017,23.1065,0.2176
aggregates,PrPSc aggregate concentration,nM,0.0235,199.009,23.1376,0.2176
aggregates,PrPSc aggregate concentration,nM,0.0235,200.0,23.1842,0.1865
aggregates,PrPSc aggregate concentration,nM,0.0235,200.991,23.2309,0.1554
aggregates,PrPSc aggregate concentration,nM,0.0235,201.983,23.2464,0.1244
aggregates,PrPSc aggregate concentration,nM,0.0235,202.974,23.262,0.1554
aggregates,PrPSc aggregate concentration,nM,0.0235,203.965,23.293,0.1554
aggregates,PrPSc aggregate concentration,nM,0.0235,204.957,23.3397,0.1865
aggregates,PrPSc aggregate concentration,nM,0.0235,205.948,23.3863,0.2176
aggregates,PrPSc aggregate concentration,nM,0.0235,206.939,23.4485,0.2176
aggregates,PrPSc aggregate concentration,nM,0.0235,207.931,23.5107,0.2176
aggregates,PrPSc aggregate concentration,nM,0.0235,208.922,23.5573,0.1865
aggregates,PrPSc aggregate concentration,nM,0.0235,209.913,23.6039,0.1554
aggregates,PrPSc aggregate concentration,nM,0.0235,210.905,23.6195,0.1244
aggregates,PrPSc aggregate concentration,nM,0.0235,211.896,23.635,0.1554
aggregates,PrPSc aggregate concentration,nM,0.0235,212.887,23.6195,0.1865
aggregates,PrPSc aggregate concentration,nM,0.0235,213.879,23.5573,0.1865
aggregates,PrPSc aggregate concentration,nM,0.0235,214.87,23.5262,0.1865
aggregates,PrPSc aggregate concentration,nM,0.0235,215.861,23.4951,0.1244
aggregates,PrPSc aggregate concentration,nM,0.0235,216.853,23.5107,0.1554
aggregates,PrPSc aggregate concentration,nM,0.0235,217.844,23.5418,0.1554
aggregates,PrPSc aggregate concentration,nM,0.0235,218.835,23.5418,0.1554
aggregates,PrPSc aggregate concentration,nM,0.0235,219.827,23.5884,0.1865
aggregates,PrPSc aggregate concentration,nM,0.0235,220.818,23.6039,0.1554
aggregates,PrPSc aggregate concentration,nM,0.0235,221.809,23.6506,0.1865
aggregates,PrPSc aggregate concentration,nM,0.0235,222.8,23.6972,0.2176
aggregates,PrPSc aggregate concentration,nM,0.0235,223.792,23.7438,0.1865
aggregates,PrPSc aggregate concentration,nM,0.0235,224.783,23.806,0.1865
aggregates,PrPSc aggregate concentration,nM,0.0235,225.774,23.8526,0.2176
aggregates,PrPSc aggregate concentration,nM,0.0235,226.766,23.9459,0.2176
aggregates,PrPSc aggregate concentration,nM,0.0235,227.757,24.0236,0.2487
aggregates,PrPSc aggregate concentration,nM,0.0235,228.748,24.0858,0.1865
aggregates,PrPSc aggregate concentration,nM,0.0235,229.74,24.0858,0.1244
aggregates,PrPSc aggregate concentration,nM,0.0235,230.731,24.1014,0.1554
aggregates,PrPSc aggregate concentration,nM,0.0235,231.722,24.1169,0.1865
aggregates,PrPSc aggregate concentration,nM,0.0235,232.714,24.1635,0.1554
aggregates,PrPSc aggregate concentration,nM,0.0235,233.705,24.1635,0.1554
aggregates,PrPSc aggregate concentration,nM,0.0235,234.696,24.148,0.1865
aggregates,PrPSc aggregate concentration,nM,0.0235,235.688,24.0858,0.1865
aggregates,PrPSc aggregate concentration,nM,0.0235,236.679,24.0392,0.2176
aggregates,PrPSc aggregate concentration,nM,0.0235,237.67,24.0236,0.1865
aggregates,PrPSc aggregate concentration,nM,0.0235,238.662,24.0703,0.1554
aggregates,PrPSc aggregate concentration,nM,0.0235,239.653,24.1169,0.2487
aggregates,PrPSc aggregate concentration,nM,0.0235,240.644,24.1791,0.1865
aggregates,PrPSc aggregate concentration,nM,0.0235,241.636,24.1946,0.1554
aggregates,PrPSc aggregate concentration,nM,0.0235,242.627,24.1946,0.1554
aggregates,PrPSc aggregate concentration,nM,0.0235,243.618,24.2257,0.2176
aggregates,PrPSc aggregate concentration,nM,0.0235,244.61,24.2568,0.2176
aggregates,PrPSc aggregate concentration,nM,0.0235,245.601,24.3034,0.1244
aggregates,PrPSc aggregate concentration,nM,0.0235,246.592,24.319,0.1554
aggregates,PrPSc aggregate concentration,nM,0.0235,247.584,24.3812,0.2176
aggregates,PrPSc aggregate concentration,nM,0.0235,248.575,24.4433,0.1554
aggregates,PrPSc aggregate concentration,nM,0.0235,249.566,24.4278,0.1865
aggregates,PrPSc aggregate concentration,nM,0.0235,250.558,24.4278,0.1865
aggregates,PrPSc aggregate concentration,nM,0.0235,251.549,24.4589,0.1865
aggregates,PrPSc aggregate concentration,nM,0.0235,252.54,24.5521,0.3109
aggregates,PrPSc aggregate concentration,nM,0.0235,253.532,24.6299,0.2176
aggregates,PrPSc aggregate concentration,nM,0.0235,254.523,24.661,0.1554
aggregates,PrPSc aggregate concentration,nM,0.0235,255.514,24.661,0.1554
aggregates,PrPSc aggregate concentration,nM,0.0235,256.506,24.6765,0.1244
aggregates,PrPSc aggregate concentration,nM,0.0235,257.497,24.7076,0.1244
aggregates,PrPSc aggregate concentration,nM,0.0235,258.488,24.7076,0.1244
aggregates,PrPSc aggregate concentration,nM,0.0235,259.48,24.6765,0.1865
aggregates,PrPSc aggregate concentration,nM,0.0235,260.471,24.6454,0.1865
aggregates,PrPSc aggregate concentration,nM,0.0235,261.462,24.6454,0.1865
aggregates,PrPSc aggregate concentration,nM,0.0235,262.454,24.6765,0.1244
aggregates,PrPSc aggregate concentration,nM,0.0235,263.445,24.661,0.1554
aggregates,PrPSc aggregate concentration,nM,0.0235,264.436,24.6299,0.1554
aggregates,PrPSc aggregate concentration,nM,0.0235,265.428,24.5677,0.1554
aggregates,PrPSc aggregate concentration,nM,0.0235,266.419,24.5521,0.1865
aggregates,PrPSc aggregate concentration,nM,0.0235,267.41,24.5677,0.2176
aggregates,PrPSc aggregate concentration,nM,0.0235,268.401,24.661,0.2798
aggregates,PrPSc aggregate concentration,nM,0.0235,269.393,24.7387,0.2487
aggregates,PrPSc aggregate concentration,nM,0.0235,270.384,24.8164,0.2176
aggregates,PrPSc aggregate concentration,nM,0.0235,271.375,24.863,0.1865
aggregates,PrPSc aggregate concentration,nM,0.0235,272.367,24.9097,0.1554
aggregates,PrPSc aggregate concentration,nM,0.0235,273.358,24.863,0.1865
aggregates,PrPSc aggregate concentration,nM,0.0235,274.349,24.863,0.1865
aggregates,PrPSc aggregate concentration,nM,0.0235,275.341,24.9097,0.1554
aggregates,PrPSc aggregate concentration,nM,0.0235,276.332,24.9718,0.2176
aggregates,PrPSc aggregate concentration,nM,0.0235,277.323,25.0029,0.1554
aggregates,PrPSc aggregate concentration,nM,0.0235,278.315,25.0029,0.1554
aggregates,PrPSc aggregate concentration,nM,0.0235,279.306,24.9718,0.2176
aggregates,PrPSc aggregate concentration,nM,0.0235,280.297,24.9252,0.1865
aggregates,PrPSc aggregate concentration,nM,0.0235,281.289,24.8941,0.1865
aggregates,PrPSc aggregate concentration,nM,0.0235,282.28,24.8475,0.1554
aggregates,PrPSc aggregate concentration,nM,0.0235,283.271,24.8319,0.1244
aggregates,PrPSc aggregate concentration,nM,0.0235,284.263,24.863,0.1865
aggregates,PrPSc aggregate concentration,nM,0.0235,285.254,24.8786,0.2176
aggregates,PrPSc aggregate concentration,nM,0.0235,286.245,24.8319,0.1865
aggregates,PrPSc aggregate concentration,nM,0.0235,287.237,24.8941,0.2487
aggregates,PrPSc aggregate concentration,nM,0.0235,288.228,24.9563,0.1865
aggregates,PrPSc aggregate concentration,nM,0.0235,289.219,24.9252,0.1865
aggregates,PrPSc aggregate concentration,nM,0.0235,290.211,24.9252,0.1865
aggregates,PrPSc aggregate concentration,nM,0.0235,291.202,24.9563,0.1865
aggregates,PrPSc aggregate concentration,nM,0.0235,292.193,25.0029,0.1554
aggregates,PrPSc aggregate concentration,nM,0.0235,293.185,25.0029,0.1554
aggregates,PrPSc aggregate concentration,nM,0.0235,294.176,25.0185,0.1865
aggregates,PrPSc aggregate concentration,nM,0.0235,295.167,25.0496,0.1865
aggregates,PrPSc aggregate concentration,nM,0.0235,296.159,25.034,0.2176
aggregates,PrPSc aggregate concentration,nM,0.0235,297.15,25.0185,0.1865
aggregates,PrPSc aggregate concentration,nM,0.0235,298.141,25.034,0.1554
aggregates,PrPSc aggregate concentration,nM,0.0235,299.133,25.0185,0.1865
aggregates,PrPSc aggregate concentration,nM,0.0235,300.124,25.0029,0.1554
aggregates,PrPSc aggregate concentration,nM,0.0235,301.115,24.9718,0.0933
aggregates,PrPSc aggregate concentration,nM,0.0235,302.107,24.9563,0.1244
aggregates,PrPSc aggregate concentration,nM,0.0235,303.098,24.9252,0.1865
aggregates,PrPSc aggregate concentration,nM,0.0235,304.089,24.863,0.2487
aggregates,PrPSc aggregate concentration,nM,0.0235,305.081,24.8009,0.1865
aggregates,PrPSc aggregate concentration,nM,0.0235,306.072,24.8475,0.2176
aggregates,PrPSc aggregate concentration,nM,0.0235,307.063,24.8786,0.1554
aggregates,PrPSc aggregate concentration,nM,0.0235,308.055,24.9097,0.1554
aggregates,PrPSc aggregate concentration,nM,0.0235,309.046,24.9252,0.1865
aggregates,PrPSc aggregate concentration,nM,0.0235,310.037,24.9408,0.1554
aggregates,PrPSc aggregate concentration,nM,0.0235,311.029,24.9097,0.1554
aggregates,PrPSc aggregate concentration,nM,0.0235,312.02,24.9097,0.1554
aggregates,PrPSc aggregate concentration,nM,0.0235,313.011,24.9097,0.1554
aggregates,PrPSc aggregate concentration,nM,0.0235,314.002,24.9097,0.1554
aggregates,PrPSc aggregate concentration,nM,0.0235,314.994,24.8941,0.1244
aggregates,PrPSc aggregate concentration,nM,0.0235,315.985,24.9097,0.1554
aggregates,PrPSc aggregate concentration,nM,0.0235,316.976,24.9252,0.1865
aggregates,PrPSc aggregate concentration,nM,0.0235,317.968,24.9874,0.1865
aggregates,PrPSc aggregate concentration,nM,0.0235,318.959,25.034,0.1554
aggregates,PrPSc aggregate concentration,nM,0.0235,319.95,25.0496,0.1244
aggregates,PrPSc aggregate concentration,nM,0.0235,320.942,25.0496,0.1244
aggregates,PrPSc aggregate concentration,nM,0.0235,321.933,25.0496,0.1244
aggregates,PrPSc aggregate concentration,nM,0.0235,322.924,25.034,0.1554
aggregates,PrPSc aggregate concentration,nM,0.0235,323.916,25.0496,0.1244
aggregates,PrPSc aggregate concentration,nM,0.0235,324.907,25.0496,0.1244
aggregates,PrPSc aggregate concentration,nM,0.0235,325.898,25.0496,0.1244
aggregates,PrPSc aggregate concentration,nM,0.0235,326.89,25.0496,0.1244
aggregates,PrPSc aggregate concentration,nM,0.0235,327.881,25.0807,0.1865
aggregates,PrPSc aggregate concentration,nM,0.0235,328.872,25.0962,0.1554
aggregates,PrPSc aggregate concentration,nM,0.0235,329.864,25.0962,0.1554
aggregates,PrPSc aggregate concentration,nM,0.0235,330.855,25.1117,0.1865
aggregates,PrPSc aggregate concentration,nM,0.0235,331.846,25.0962,0.2176
aggregates,PrPSc aggregate concentration,nM,0.0235,332.838,25.0185,0.1865
aggregates,PrPSc aggregate concentration,nM,0.0235,333.829,25.0185,0.1865
aggregates,PrPSc aggregate concentration,nM,0.0235,334.82,25.0651,0.2176
aggregates,PrPSc aggregate concentration,nM,0.0235,335.812,25.1117,0.1865
aggregates,PrPSc aggregate concentration,nM,0.0235,336.803,25.1428,0.1244
aggregates,PrPSc aggregate concentration,nM,0.0235,337.794,25.1584,0.1554
aggregates,PrPSc aggregate concentration,nM,0.0235,338.786,25.1895,0.2176
aggregates,PrPSc aggregate concentration,nM,0.0235,339.777,25.2516,0.2176
aggregates,PrPSc aggregate concentration,nM,0.0235,340.768,25.2827,0.1554
aggregates,PrPSc aggregate concentration,nM,0.0235,341.76,25.2672,0.1244
aggregates,PrPSc aggregate concentration,nM,0.0235,342.751,25.2672,0.1244
aggregates,PrPSc aggregate concentration,nM,0.0235,343.742,25.2672,0.1244
aggregates,PrPSc aggregate concentration,nM,0.0235,344.734,25.2672,0.1244
aggregates,PrPSc aggregate concentration,nM,0.0235,345.725,25.2983,0.1865
aggregates,PrPSc aggregate concentration,nM,0.0235,346.716,25.2983,0.1865
aggregates,PrPSc aggregate concentration,nM,0.0235,347.708,25.2983,0.1865
aggregates,PrPSc aggregate concentration,nM,0.0235,348.699,25.3138,0.1554
aggregates,PrPSc aggregate concentration,nM,0.0235,349.69,25.3449,0.0933
aggregates,PrPSc aggregate concentration,nM,0.0235,350.682,25.3138,0.1554
aggregates,PrPSc aggregate concentration,nM,0.0235,351.673,25.2827,0.2176
aggregates,PrPSc aggregate concentration,nM,0.0235,352.664,25.2361,0.1865
aggregates,PrPSc aggregate concentration,nM,0.0235,353.656,25.205,0.1244
aggregates,PrPSc aggregate concentration,nM,0.0235,354.647,25.1895,0.1554
aggregates,PrPSc aggregate concentration,nM,0.0235,355.638,25.1895,0.1554
aggregates,PrPSc aggregate concentration,nM,0.0235,356.629,25.1739,0.1244
aggregates,PrPSc aggregate concentration,nM,0.047,10.657,-0.0081,0.1865
aggregates,PrPSc aggregate concentration,nM,0.047,11.648,-0.0081,0.1865
aggregates,PrPSc aggregate concentration,nM,0.047,12.639,0.0074,0.0933
aggregates,PrPSc aggregate concentration,nM,0.047,16.605,0.0696,0.0311
aggregates,PrPSc aggregate concentration,nM,0.047,17.596,0.0696,0.0311
aggregates,PrPSc aggregate concentration,nM,0.047,27.509,0.1473,0.0
aggregates,PrPSc aggregate concentration,nM,0.047,32.466,0.0851,0.0622
aggregates,PrPSc aggregate concentration,nM,0.047,33.457,0.1007,0.0933
aggregates,PrPSc aggregate concentration,nM,0.047,37.423,0.1318,0.1554
aggregates,PrPSc aggregate concentration,nM,0.047,38.414,0.1318,0.2176
aggregates,PrPSc aggregate concentration,nM,0.047,39.405,0.1318,0.1554
aggregates,PrPSc aggregate concentration,nM,0.047,43.371,0.2095,0.1865
aggregates,PrPSc aggregate concentration,nM,0.047,44.362,0.2095,0.1865
aggregates,PrPSc aggregate concentration,nM,0.047,45.353,0.2406,0.0
aggregates,PrPSc aggregate concentration,nM,0.047,48.327,0.396,0.1865
aggregates,PrPSc aggregate concentration,nM,0.047,49.318,0.396,0.1865
aggregates,PrPSc aggregate concentration,nM,0.047,50.31,0.396,0.1244
aggregates,PrPSc aggregate concentration,nM,0.047,53.284,0.6292,0.1554
aggregates,PrPSc aggregate concentration,nM,0.047,54.275,0.6292,0.2176
aggregates,PrPSc aggregate concentration,nM,0.047,55.266,0.6292,0.1554
aggregates,PrPSc aggregate concentration,nM,0.047,58.24,0.9556,0.1865
aggregates,PrPSc aggregate concentration,nM,0.047,59.232,0.9401,0.2176
aggregates,PrPSc aggregate concentration,nM,0.047,60.223,0.9401,0.1554
aggregates,PrPSc aggregate concentration,nM,0.047,62.206,1.3132,0.0933
aggregates,PrPSc aggregate concentration,nM,0.047,63.197,1.3132,0.2176
aggregates,PrPSc aggregate concentration,nM,0.047,64.188,1.3132,0.2176
aggregates,PrPSc aggregate concentration,nM,0.047,67.162,1.7484,0.2176
aggregates,PrPSc aggregate concentration,nM,0.047,68.154,1.7484,0.2176
aggregates,PrPSc aggregate concentration,nM,0.047,69.145,1.7329,0.0622
aggregates,PrPSc aggregate concentration,nM,0.047,71.128,2.2303,0.1865
aggregates,PrPSc aggregate concentration,nM,0.047,72.119,2.2303,0.1865
aggregates,PrPSc aggregate concentration,nM,0.047,73.11,2.2147,0.0311
aggregates,PrPSc aggregate concentration,nM,0.047,74.102,2.7433,0.1554
aggregates,PrPSc aggregate concentration,nM,0.047,75.093,2.7277,0.1865
aggregates,PrPSc aggregate concentration,nM,0.047,76.084,2.7277,0.1865
aggregates,PrPSc aggregate concentration,nM,0.047,78.067,3.2407,0.2176
aggregates,PrPSc aggregate concentration,nM,0.047,79.058,3.2407,0.2176
aggregates,PrPSc aggregate concentration,nM,0.047,80.05,3.2562,0.1244
aggregates,PrPSc aggregate concentration,nM,0.047,82.032,3.7381,0.2176
aggregates,PrPSc aggregate concentration,nM,0.047,83.024,3.7536,0.1865
aggregates,PrPSc aggregate concentration,nM,0.047,85.006,4.2822,0.1865
aggregates,PrPSc aggregate concentration,nM,0.047,85.998,4.2977,0.2176
aggregates,PrPSc aggregate concentration,nM,0.047,86.989,4.2977,0.1554
aggregates,PrPSc aggregate concentration,nM,0.047,88.971,4.7796,0.1865
aggregates,PrPSc aggregate concentration,nM,0.047,89.963,4.7796,0.1865
aggregates,PrPSc aggregate concentration,nM,0.047,90.954,4.7796,0.1244
aggregates,PrPSc aggregate concentration,nM,0.047,91.945,5.277,0.1244
aggregates,PrPSc aggregate concentration,nM,0.047,92.937,5.2925,0.2176
aggregates,PrPSc aggregate concentration,nM,0.047,93.928,5.2925,0.2176
aggregates,PrPSc aggregate concentration,nM,0.047,95.911,5.7433,0.0622
aggregates,PrPSc aggregate concentration,nM,0.047,96.902,5.7589,0.2176
aggregates,PrPSc aggregate concentration,nM,0.047,97.893,5.7589,0.2176
aggregates,PrPSc aggregate concentration,nM,0.047,99.876,6.1941,0.0933
aggregates,PrPSc aggregate concentration,nM,0.047,100.867,6.2097,0.1865
aggregates,PrPSc aggregate concentration,nM,0.047,101.859,6.2097,0.1865
aggregates,PrPSc aggregate concentration,nM,0.047,104.833,6.5983,0.2176
aggregates,PrPSc aggregate concentration,nM,0.047,105.824,6.5983,0.2176
aggregates,PrPSc aggregate concentration,nM,0.047,106.815,6.6138,0.1865
aggregates,PrPSc aggregate concentration,nM,0.047,109.789,6.9092,0.2176
aggregates,PrPSc aggregate concentration,nM,0.047,110.781,6.9092,0.2176
aggregates,PrPSc aggregate concentration,nM,0.047,111.772,6.9092,0.0933
aggregates,PrPSc aggregate concentration,nM,0.047,113.755,7.2978,0.1865
aggregates,PrPSc aggregate concentration,nM,0.047,114.746,7.2978,0.1865
aggregates,PrPSc aggregate concentration,nM,0.047,115.737,7.2978,0.1865
aggregates,PrPSc aggregate concentration,nM,0.047,118.711,7.4377,0.0933
aggregates,PrPSc aggregate concentration,nM,0.047,119.703,7.4532,0.1865
aggregates,PrPSc aggregate concentration,nM,0.047,120.694,7.4532,0.1865
aggregates,PrPSc aggregate concentration,nM,0.047,123.668,7.7486,0.1554
aggregates,PrPSc aggregate concentration,nM,0.047,124.659,7.7486,0.2176
aggregates,PrPSc aggregate concentration,nM,0.047,125.651,7.7641,0.1865
aggregates,PrPSc aggregate concentration,nM,0.047,128.625,8.0439,0.1865
aggregates,PrPSc aggregate concentration,nM,0.047,129.616,8.0595,0.2176
aggregates,PrPSc aggregate concentration,nM,0.047,130.607,8.0439,0.1865
aggregates,PrPSc aggregate concentration,nM,0.047,133.581,8.3548,0.1865
aggregates,PrPSc aggregate concentration,nM,0.047,134.572,8.3548,0.2487
aggregates,PrPSc aggregate concentration,nM,0.047,135.564,8.3548,0.1865
aggregates,PrPSc aggregate concentration,nM,0.047,138.538,8.4325,0.1554
aggregates,PrPSc aggregate concentration,nM,0.047,139.529,8.417,0.1865
aggregates,PrPSc aggregate concentration,nM,0.047,140.52,8.4325,0.1554
aggregates,PrPSc aggregate concentration,nM,0.047,143.494,8.6812,0.1554
aggregates,PrPSc aggregate concentration,nM,0.047,144.486,8.6812,0.2176
aggregates,PrPSc aggregate concentration,nM,0.047,145.477,8.6968,0.1865
aggregates,PrPSc aggregate concentration,nM,0.047,148.451,8.93,0.0933
aggregates,PrPSc aggregate concentration,nM,0.047,149.442,8.93,0.2176
aggregates,PrPSc aggregate concentration,nM,0.047,150.434,8.93,0.2176
aggregates,PrPSc aggregate concentration,nM,0.047,153.408,9.1165,0.0311
aggregates,PrPSc aggregate concentration,nM,0.047,154.399,9.132,0.1865
aggregates,PrPSc aggregate concentration,nM,0.047,155.39,9.132,0.1865
aggregates,PrPSc aggregate concentration,nM,0.047,159.356,9.2564,0.1865
aggregates,PrPSc aggregate concentration,nM,0.047,160.347,9.2564,0.1865
aggregates,PrPSc aggregate concentration,nM,0.047,161.338,9.2564,0.1244
aggregates,PrPSc aggregate concentration,nM,0.047,164.312,9.1631,0.1865
aggregates,PrPSc aggregate concentration,nM,0.047,165.304,9.1631,0.1865
aggregates,PrPSc aggregate concentration,nM,0.047,166.295,9.1631,0.1865
aggregates,PrPSc aggregate concentration,nM,0.047,169.269,9.1787,0.1554
aggregates,PrPSc aggregate concentration,nM,0.047,170.26,9.1787,0.2176
aggregates,PrPSc aggregate concentration,nM,0.047,171.252,9.1787,0.1554
aggregates,PrPSc aggregate concentration,nM,0.047,174.226,9.1009,0.0
aggregates,PrPSc aggregate concentration,nM,0.047,175.217,9.0854,0.2176
aggregates,PrPSc aggregate concentration,nM,0.047,176.208,9.1009,0.1865
aggregates,PrPSc aggregate concentration,nM,0.047,180.173,9.3186,0.1865
aggregates,PrPSc aggregate concentration,nM,0.047,181.165,9.3186,0.1865
aggregates,PrPSc aggregate concentration,nM,0.047,182.156,9.303,0.0933
aggregates,PrPSc aggregate concentration,nM,0.047,185.13,9.2564,0.1865
aggregates,PrPSc aggregate concentration,nM,0.047,186.121,9.2564,0.1865
aggregates,PrPSc aggregate concentration,nM,0.047,187.113,9.2564,0.1865
aggregates,PrPSc aggregate concentration,nM,0.047,190.087,9.3652,0.0933
aggregates,PrPSc aggregate concentration,nM,0.047,191.078,9.3652,0.2176
aggregates,PrPSc aggregate concentration,nM,0.047,192.069,9.3652,0.2176
aggregates,PrPSc aggregate concentration,nM,0.047,196.035,9.4118,0.1865
aggregates,PrPSc aggregate concentration,nM,0.047,197.026,9.4118,0.1865
aggregates,PrPSc aggregate concentration,nM,0.047,200.991,9.4585,0.1554
aggregates,PrPSc aggregate concentration,nM,0.047,201.983,9.4585,0.2176
aggregates,PrPSc aggregate concentration,nM,0.047,202.974,9.4585,0.1554
aggregates,PrPSc aggregate concentration,nM,0.047,205.948,9.474,0.1244
aggregates,PrPSc aggregate concentration,nM,0.047,206.939,9.4585,0.2176
aggregates,PrPSc aggregate concentration,nM,0.047,207.931,9.474,0.1865
aggregates,PrPSc aggregate concentration,nM,0.047,210.905,9.474,0.0
aggregates,PrPSc aggregate concentration,nM,0.047,211.896,9.4896,0.2176
aggregates,PrPSc aggregate concentration,nM,0.047,212.887,9.4896,0.2176
aggregates,PrPSc aggregate concentration,nM,0.047,213.879,9.5051,0.1244
aggregates,PrPSc aggregate concentration,nM,0.047,216.853,9.4118,0.1865
aggregates,PrPSc aggregate concentration,nM,0.047,217.844,9.4118,0.1865
aggregates,PrPSc aggregate concentration,nM,0.047,218.835,9.4118,0.1244
aggregates,PrPSc aggregate concentration,nM,0.047,221.809,9.3807,0.1244
aggregates,PrPSc aggregate concentration,nM,0.047,222.8,9.3963,0.2176
aggregates,PrPSc aggregate concentration,nM,0.047,223.792,9.4118,0.1865
aggregates,PrPSc aggregate concentration,nM,0.047,227.757,9.4429,0.1865
aggregates,PrPSc aggregate concentration,nM,0.047,228.748,9.4429,0.1865
aggregates,PrPSc aggregate concentration,nM,0.047,229.74,9.4429,0.1244
aggregates,PrPSc aggregate concentration,nM,0.047,232.714,9.5051,0.1865
aggregates,PrPSc aggregate concentration,nM,0.047,233.705,9.5051,0.1865
aggregates,PrPSc aggregate concentration,nM,0.047,234.696,9.4896,0.1554
aggregates,PrPSc aggregate concentration,nM,0.047,237.67,9.3963,0.0933
aggregates,PrPSc aggregate concentration,nM,0.047,238.662,9.4118,0.1865
aggregates,PrPSc aggregate concentration,nM,0.047,239.653,9.4118,0.1865
aggregates,PrPSc aggregate concentration,nM,0.047,243.618,9.4274,0.2176
aggregates,PrPSc aggregate concentration,nM,0.047,244.61,9.4274,0.2176
aggregates,PrPSc aggregate concentration,nM,0.047,248.575,9.4429,0.1865
aggregates,PrPSc aggregate concentration,nM,0.047,249.566,9.4429,0.1865
aggregates,PrPSc aggregate concentration,nM,0.047,250.558,9.4429,0.1244
aggregates,PrPSc aggregate concentration,nM,0.047,253.532,9.5673,0.1865
aggregates,PrPSc aggregate concentration,nM,0.047,254.523,9.5828,0.2176
aggregates,PrPSc aggregate concentration,nM,0.047,255.514,9.5984,0.1865
aggregates,PrPSc aggregate concentration,nM,0.047,258.488,9.474,0.1865
aggregates,PrPSc aggregate concentration,nM,0.047,259.48,9.474,0.1865
aggregates,PrPSc aggregate concentration,nM,0.047,260.471,9.474,0.1865
aggregates,PrPSc aggregate concentration,nM,0.047,263.445,9.474,0.0622
aggregates,PrPSc aggregate concentration,nM,0.047,264.436,9.4896,0.2176
aggregates,PrPSc aggregate concentration,nM,0.047,265.428,9.4896,0.2176
aggregates,PrPSc aggregate concentration,nM,0.047,269.393,9.5362,0.1865
aggregates,PrPSc aggregate concentration,nM,0.047,270.384,9.5362,0.1865
aggregates,PrPSc aggregate concentration,nM,0.047,271.375,9.5517,0.1554
aggregates,PrPSc aggregate concentration,nM,0.047,274.349,9.5051,0.1865
aggregates,PrPSc aggregate concentration,nM,0.047,275.341,9.5051,0.1865
aggregates,PrPSc aggregate concentration,nM,0.047,276.332,9.4896,0.1554
aggregates,PrPSc aggregate concentration,nM,0.047,279.306,9.5206,0.1554
aggregates,PrPSc aggregate concentration,nM,0.047,280.297,9.5362,0.1865
aggregates,PrPSc aggregate concentration,nM,0.047,281.289,9.5362,0.1865
aggregates,PrPSc aggregate concentration,nM,0.047,284.263,9.5051,0.0622
aggregates,PrPSc aggregate concentration,nM,0.047,285.254,9.5051,0.1865
aggregates,PrPSc aggregate concentration,nM,0.047,286.245,9.5051,0.1865
aggregates,PrPSc aggregate concentration,nM,0.047,290.211,9.4896,0.2176
aggregates,PrPSc aggregate concentration,nM,0.047,291.202,9.5051,0.2487
aggregates,PrPSc aggregate concentration,nM,0.047,292.193,9.5206,0.1554
aggregates,PrPSc aggregate concentration,nM,0.047,295.167,9.7383,0.2176
aggregates,PrPSc aggregate concentration,nM,0.047,296.159,9.7383,0.2176
aggregates,PrPSc aggregate concentration,nM,0.047,297.15,9.7538,0.1244
aggregates,PrPSc aggregate concentration,nM,0.047,300.124,9.7227,0.1865
aggregates,PrPSc aggregate concentration,nM,0.047,301.115,9.7072,0.2176
aggregates,PrPSc aggregate concentration,nM,0.047,302.107,9.7072,0.1554
aggregates,PrPSc aggregate concentration,nM,0.047,305.081,9.7227,0.1865
aggregates,PrPSc aggregate concentration,nM,0.047,306.072,9.7227,0.1865
aggregates,PrPSc aggregate concentration,nM,0.047,307.063,9.7227,0.1865
aggregates,PrPSc aggregate concentration,nM,0.047,310.037,9.7694,0.1554
aggregates,PrPSc aggregate concentration,nM,0.047,311.029,9.7694,0.2176
aggregates,PrPSc aggregate concentration,nM,0.047,312.02,9.7694,0.2176
aggregates,PrPSc aggregate concentration,nM,0.047,314.994,9.6761,0.0311
aggregates,PrPSc aggregate concentration,nM,0.047,315.985,9.6916,0.1865
aggregates,PrPSc aggregate concentration,nM,0.047,316.976,9.6916,0.1865
aggregates,PrPSc aggregate concentration,nM,0.047,320.942,9.5362,0.1865
aggregates,PrPSc aggregate concentration,nM,0.047,321.933,9.5517,0.2176
aggregates,PrPSc aggregate concentration,nM,0.047,322.924,9.5517,0.0933
aggregates,PrPSc aggregate concentration,nM,0.047,325.898,9.3963,0.1554
aggregates,PrPSc aggregate concentration,nM,0.047,326.89,9.4118,0.1865
aggregates,PrPSc aggregate concentration,nM,0.047,327.881,9.3963,0.1554
aggregates,PrPSc aggregate concentration,nM,0.047,330.855,9.4429,0.1244
aggregates,PrPSc aggregate concentration,nM,0.047,331.846,9.4429,0.1865
aggregates,PrPSc aggregate concentration,nM,0.047,332.838,9.4429,0.1865
aggregates,PrPSc aggregate concentration,nM,0.047,336.803,9.4118,0.1865
aggregates,PrPSc aggregate concentration,nM,0.047,337.794,9.4118,0.1865
aggregates,PrPSc aggregate concentration,nM,0.047,338.786,9.3807,0.1244
aggregates,PrPSc aggregate concentration,nM,0.047,341.76,9.4274,0.1554
aggregates,PrPSc aggregate concentration,nM,0.047,342.751,9.4274,0.2176
aggregates,PrPSc aggregate concentration,nM,0.047,343.742,9.4429,0.1865
aggregates,PrPSc aggregate concentration,nM,0.047,346.716,9.5517,0.0933
aggregates,PrPSc aggregate concentration,nM,0.047,347.708,9.5517,0.2176
aggregates,PrPSc aggregate concentration,nM,0.047,348.699,9.5517,0.2176
aggregates,PrPSc aggregate concentration,nM,0.047,352.664,9.4274,0.2176
aggregates,PrPSc aggregate concentration,nM,0.047,353.656,9.4274,0.2176
aggregates,PrPSc aggregate concentration,nM,0.047,354.647,9.3963,0.0933
aggregates,PrPSc aggregate concentration,nM,0.047,356.629,9.5828,0.0933
aggregates,PrPSc aggregate concentration,nM,0.047,357.621,9.5828,0.2176
aggregates,PrPSc aggregate concentration,nM,0.047,358.612,9.5828,0.2176
aggregates,PrPSc aggregate concentration,nM,0.047,362.577,9.5984,0.1865
aggregates,PrPSc aggregate concentration,nM,0.047,363.569,9.5984,0.1865
aggregates,PrPSc aggregate concentration,nM,0.094,7.683,0.0074,0.1554
aggregates,PrPSc aggregate concentration,nM,0.094,8.674,0.0074,0.1554
aggregates,PrPSc aggregate concentration,nM,0.094,9.665,0.0074,0.1554
aggregates,PrPSc aggregate concentration,nM,0.094,10.657,-0.0392,0.0
aggregates,PrPSc aggregate concentration,nM,0.094,12.639,-0.0081,0.0622
aggregates,PrPSc aggregate concentration,nM,0.094,13.631,-0.0081,0.1244
aggregates,PrPSc aggregate concentration,nM,0.094,14.622,-0.0081,0.1244
aggregates,PrPSc aggregate concentration,nM,0.094,15.613,-0.0081,0.1244
aggregates,PrPSc aggregate concentration,nM,0.094,16.605,-0.0392,0.0622
aggregates,PrPSc aggregate concentration,nM,0.094,19.579,-0.0237,0.0933
aggregates,PrPSc aggregate concentration,nM,0.094,20.57,-0.0237,0.0933
aggregates,PrPSc aggregate concentration,nM,0.094,21.561,-0.0237,0.0933
aggregates,PrPSc aggregate concentration,nM,0.094,22.553,-0.0237,0.0933
aggregates,PrPSc aggregate concentration,nM,0.094,23.544,-0.0237,0.0933
aggregates,PrPSc aggregate concentration,nM,0.094,25.527,-0.0392,0.0622
aggregates,PrPSc aggregate concentration,nM,0.094,26.518,-0.0392,0.0622
aggregates,PrPSc aggregate concentration,nM,0.094,27.509,-0.0392,0.0622
aggregates,PrPSc aggregate concentration,nM,0.094,28.501,-0.0237,0.0933
aggregates,PrPSc aggregate concentration,nM,0.094,29.492,-0.0237,0.0933
aggregates,PrPSc aggregate concentration,nM,0.094,30.483,-0.0392,0.0622
aggregates,PrPSc aggregate concentration,nM,0.094,32.466,-0.0392,0.0
aggregates,PrPSc aggregate concentration,nM,0.094,33.457,-0.0237,0.0933
aggregates,PrPSc aggregate concentration,nM,0.094,34.449,0.0074,0.1554
aggregates,PrPSc aggregate concentration,nM,0.094,35.44,0.0074,0.1554
aggregates,PrPSc aggregate concentration,nM,0.094,36.431,0.0074,0.1554
aggregates,PrPSc aggregate concentration,nM,0.094,37.423,0.0074,0.0933
aggregates,PrPSc aggregate concentration,nM,0.094,39.405,0.0074,0.1554
aggregates,PrPSc aggregate concentration,nM,0.094,40.397,-0.0081,0.1865
aggregates,PrPSc aggregate concentration,nM,0.094,41.388,0.0074,0.1554
aggregates,PrPSc aggregate concentration,nM,0.094,42.379,0.0074,0.1554
aggregates,PrPSc aggregate concentration,nM,0.094,43.371,0.0074,0.1554
aggregates,PrPSc aggregate concentration,nM,0.094,46.344,0.0074,0.1554
aggregates,PrPSc aggregate concentration,nM,0.094,47.336,0.0074,0.1554
aggregates,PrPSc aggregate concentration,nM,0.094,48.327,0.0074,0.1554
aggregates,PrPSc aggregate concentration,nM,0.094,49.318,0.0074,0.1554
aggregates,PrPSc aggregate concentration,nM,0.094,50.31,-0.0081,0.1244
aggregates,PrPSc aggregate concentration,nM,0.094,52.292,-0.0081,0.1244
aggregates,PrPSc aggregate concentration,nM,0.094,53.284,0.0074,0.1554
aggregates,PrPSc aggregate concentration,nM,0.094,54.275,0.0074,0.1554
aggregates,PrPSc aggregate concentration,nM,0.094,55.266,0.0074,0.1554
aggregates,PrPSc aggregate concentration,nM,0.094,56.258,0.0074,0.1554
aggregates,PrPSc aggregate concentration,nM,0.094,57.249,-0.0237,0.0311
aggregates,PrPSc aggregate concentration,nM,0.094,59.232,0.0074,0.1554
aggregates,PrPSc aggregate concentration,nM,0.094,60.223,0.0074,0.1554
aggregates,PrPSc aggregate concentration,nM,0.094,61.214,0.0074,0.1554
aggregates,PrPSc aggregate concentration,nM,0.094,62.206,0.0074,0.1554
aggregates,PrPSc aggregate concentration,nM,0.094,63.197,0.0074,0.1554
aggregates,PrPSc aggregate concentration,nM,0.094,65.18,-0.0237,0.0311
aggregates,PrPSc aggregate concentration,nM,0.094,66.171,0.0074,0.1554
aggregates,PrPSc aggregate concentration,nM,0.094,67.162,0.0074,0.1554
aggregates,PrPSc aggregate concentration,nM,0.094,68.154,0.0074,0.1554
aggregates,PrPSc aggregate concentration,nM,0.094,69.145,0.0074,0.1554
aggregates,PrPSc aggregate concentration,nM,0.094,70.136,-0.0081,0.1244
aggregates,PrPSc aggregate concentration,nM,0.094,72.119,-0.0081,0.1244
aggregates,PrPSc aggregate concentration,nM,0.094,73.11,0.0074,0.1554
aggregates,PrPSc aggregate concentration,nM,0.094,74.102,0.0074,0.1554
aggregates,PrPSc aggregate concentration,nM,0.094,75.093,0.0074,0.1554
aggregates,PrPSc aggregate concentration,nM,0.094,76.084,0.0074,0.1554
aggregates,PrPSc aggregate concentration,nM,0.094,79.058,-0.0081,0.1244
aggregates,PrPSc aggregate concentration,nM,0.094,80.05,0.0074,0.1554
aggregates,PrPSc aggregate concentration,nM,0.094,81.041,0.0074,0.1554
aggregates,PrPSc aggregate concentration,nM,0.094,82.032,0.0074,0.1554
aggregates,PrPSc aggregate concentration,nM,0.094,83.024,0.0074,0.1554
aggregates,PrPSc aggregate concentration,nM,0.094,85.006,-0.0237,0.0311
aggregates,PrPSc aggregate concentration,nM,0.094,85.998,0.0074,0.1554
aggregates,PrPSc aggregate concentration,nM,0.094,86.989,0.0074,0.1554
aggregates,PrPSc aggregate concentration,nM,0.094,87.98,0.0074,0.1554
aggregates,PrPSc aggregate concentration,nM,0.094,88.971,0.0074,0.1554
aggregates,PrPSc aggregate concentration,nM,0.094,89.963,0.0074,0.0933
aggregates,PrPSc aggregate concentration,nM,0.094,91.945,-0.0081,0.1244
aggregates,PrPSc aggregate concentration,nM,0.094,92.937,0.0074,0.1554
aggregates,PrPSc aggregate concentration,nM,0.094,93.928,0.0074,0.1554
aggregates,PrPSc aggregate concentration,nM,0.094,94.919,0.0074,0.1554
aggregates,PrPSc aggregate concentration,nM,0.094,95.911,0.0074,0.1554
aggregates,PrPSc aggregate concentration,nM,0.094,96.902,-0.0237,0.0311
aggregates,PrPSc aggregate concentration,nM,0.094,98.885,-0.0081,0.1244
aggregates,PrPSc aggregate concentration,nM,0.094,99.876,0.0074,0.1554
aggregates,PrPSc aggregate concentration,nM,0.094,100.867,0.0074,0.1554
aggregates,PrPSc aggregate concentration,nM,0.094,101.859,0.0074,0.1554
aggregates,PrPSc aggregate concentration,nM,0.094,102.85,0.0074,0.1554
aggregates,PrPSc aggregate concentration,nM,0.094,105.824,0.0074,0.1554
aggregates,PrPSc aggregate concentration,nM,0.094,106.815,0.0074,0.1554
aggregates,PrPSc aggregate concentration,nM,0.094,107.807,0.0074,0.1554
aggregates,PrPSc aggregate concentration,nM,0.094,108.798,0.0074,0.1554
aggregates,PrPSc aggregate concentration,nM,0.094,109.789,0.0074,0.1554
aggregates,PrPSc aggregate concentration,nM,0.094,111.772,-0.0081,0.1244
aggregates,PrPSc aggregate concentration,nM,0.094,112.763,0.0074,0.1554
aggregates,PrPSc aggregate concentration,nM,0.094,113.755,0.0074,0.1554
aggregates,PrPSc aggregate concentration,nM,0.094,114.746,0.0074,0.1554
aggregates,PrPSc aggregate concentration,nM,0.094,115.737,0.0074,0.1554
aggregates,PrPSc aggregate concentration,nM,0.094,116.729,-0.0081,0.0622
aggregates,PrPSc aggregate concentration,nM,0.094,118.711,0.0074,0.1554
aggregates,PrPSc aggregate concentration,nM,0.094,119.703,0.0074,0.1554
aggregates,PrPSc aggregate concentration,nM,0.094,120.694,0.0074,0.1554
aggregates,PrPSc aggregate concentration,nM,0.094,121.685,0.0074,0.1554
aggregates,PrPSc aggregate concentration,nM,0.094,122.677,0.0074,0.1554
aggregates,PrPSc aggregate concentration,nM,0.094,125.651,0.0074,0.1554
aggregates,PrPSc aggregate concentration,nM,0.094,126.642,0.0074,0.1554
aggregates,PrPSc aggregate concentration,nM,0.094,127.633,0.0074,0.1554
aggregates,PrPSc aggregate concentration,nM,0.094,128.625,0.0074,0.1554
aggregates,PrPSc aggregate concentration,nM,0.094,129.616,0.0074,0.1554
aggregates,PrPSc aggregate concentration,nM,0.094,131.599,-0.0081,0.1244
aggregates,PrPSc aggregate concentration,nM,0.094,132.59,0.0074,0.1554
aggregates,PrPSc aggregate concentration,nM,0.094,133.581,0.0074,0.1554
aggregates,PrPSc aggregate concentration,nM,0.094,134.572,0.0074,0.1554
aggregates,PrPSc aggregate concentration,nM,0.094,135.564,0.0074,0.1554
aggregates,PrPSc aggregate concentration,nM,0.094,136.555,-0.0081,0.0622
aggregates,PrPSc aggregate concentration,nM,0.094,138.538,-0.0081,0.1244
aggregates,PrPSc aggregate concentration,nM,0.094,139.529,0.0074,0.1554
aggregates,PrPSc aggregate concentration,nM,0.094,140.52,0.0074,0.1554
aggregates,PrPSc aggregate concentration,nM,0.094,141.512,0.0074,0.1554
aggregates,PrPSc aggregate concentration,nM,0.094,142.503,0.0074,0.1554
aggregates,PrPSc aggregate concentration,nM,0.094,145.477,0.0074,0.1554
aggregates,PrPSc aggregate concentration,nM,0.094,146.468,0.0074,0.1554
aggregates,PrPSc aggregate concentration,nM,0.094,147.46,0.0074,0.1554
aggregates,PrPSc aggregate concentration,nM,0.094,148.451,0.0074,0.1554
aggregates,PrPSc aggregate concentration,nM,0.094,149.442,-0.0081,0.1244
aggregates,PrPSc aggregate concentration,nM,0.094,151.425,-0.0081,0.1244
aggregates,PrPSc aggregate concentration,nM,0.094,152.416,0.0074,0.1554
aggregates,PrPSc aggregate concentration,nM,0.094,153.408,0.0074,0.1554
aggregates,PrPSc aggregate concentration,nM,0.094,154.399,0.0074,0.1554
aggregates,PrPSc aggregate concentration,nM,0.094,155.39,0.0074,0.1554
aggregates,PrPSc aggregate concentration,nM,0.094,156.382,-0.0237,0.0311
aggregates,PrPSc aggregate concentration,nM,0.094,158.364,0.0074,0.1554
aggregates,PrPSc aggregate concentration,nM,0.094,159.356,0.0074,0.1554
aggregates,PrPSc aggregate concentration,nM,0.094,160.347,0.0074,0.1554
aggregates,PrPSc aggregate concentration,nM,0.094,161.338,0.0074,0.1554
aggregates,PrPSc aggregate concentration,nM,0.094,162.33,0.0074,0.1554
aggregates,PrPSc aggregate concentration,nM,0.094,165.304,0.0074,0.1554
aggregates,PrPSc aggregate concentration,nM,0.094,166.295,0.0074,0.1554
aggregates,PrPSc aggregate concentration,nM,0.094,167.286,0.0074,0.1554
aggregates,PrPSc aggregate concentration,nM,0.094,168.278,0.0074,0.1554
aggregates,PrPSc aggregate concentration,nM,0.094,169.269,-0.0081,0.1244
aggregates,PrPSc aggregate concentration,nM,0.094,171.252,0.0074,0.0933
aggregates,PrPSc aggregate concentration,nM,0.094,172.243,0.0074,0.1554
aggregates,PrPSc aggregate concentration,nM,0.094,173.234,0.0074,0.1554
aggregates,PrPSc aggregate concentration,nM,0.094,174.226,0.0074,0.1554
aggregates,PrPSc aggregate concentration,nM,0.094,175.217,0.0074,0.1554
aggregates,PrPSc aggregate concentration,nM,0.094,176.208,-0.0081,0.0622
aggregates,PrPSc aggregate concentration,nM,0.094,178.191,0.0074,0.1554
aggregates,PrPSc aggregate concentration,nM,0.094,179.182,0.0074,0.1554
aggregates,PrPSc aggregate concentration,nM,0.094,180.173,0.0074,0.1554
aggregates,PrPSc aggregate concentration,nM,0.094,181.165,0.0074,0.1554
aggregates,PrPSc aggregate concentration,nM,0.094,182.156,0.0074,0.1554
aggregates,PrPSc aggregate concentration,nM,0.094,185.13,0.0074,0.1554
aggregates,PrPSc aggregate concentration,nM,0.094,186.121,0.0074,0.1554
aggregates,PrPSc aggregate concentration,nM,0.094,187.113,0.0074,0.1554
aggregates,PrPSc aggregate concentration,nM,0.094,188.104,0.0074,0.1554
aggregates,PrPSc aggregate concentration,nM,0.094,189.095,0.0074,0.1554
aggregates,PrPSc aggregate concentration,nM,0.094,191.078,-0.0237,0.0311
aggregates,PrPSc aggregate concentration,nM,0.094,192.069,0.0074,0.1554
aggregates,PrPSc aggregate concentration,nM,0.094,193.061,0.0074,0.1554
aggregates,PrPSc aggregate concentration,nM,0.094,194.052,0.0074,0.1554
aggregates,PrPSc aggregate concentration,nM,0.094,195.043,0.0074,0.1554
aggregates,PrPSc aggregate concentration,nM,0.094,196.035,0.0074,0.0933
aggregates,PrPSc aggregate concentration,nM,0.094,198.017,-0.0081,0.1244
aggregates,PrPSc aggregate concentration,nM,0.094,199.009,0.0074,0.1554
aggregates,PrPSc aggregate concentration,nM,0.094,200.0,0.0074,0.1554
aggregates,PrPSc aggregate concentration,nM,0.094,200.991,0.0074,0.1554
aggregates,PrPSc aggregate concentration,nM,0.094,201.983,0.0074,0.1554
aggregates,PrPSc aggregate concentration,nM,0.094,204.957,0.0074,0.1554
aggregates,PrPSc aggregate concentration,nM,0.094,205.948,0.0074,0.1554
aggregates,PrPSc aggregate concentration,nM,0.094,206.939,0.0074,0.1554
aggregates,PrPSc aggregate concentration,nM,0.094,207.931,0.0074,0.1554
aggregates,PrPSc aggregate concentration,nM,0.094,208.922,-0.0081,0.1244
aggregates,PrPSc aggregate concentration,nM,0.094,210.905,0.0074,0.0933
aggregates,PrPSc aggregate concentration,nM,0.094,211.896,0.0074,0.1554
aggregates,PrPSc aggregate concentration,nM,0.094,212.887,0.0074,0.1554
aggregates,PrPSc aggregate concentration,nM,0.094,213.879,0.0074,0.1554
aggregates,PrPSc aggregate concentration,nM,0.094,214.87,0.0074,0.1554
aggregates,PrPSc aggregate concentration,nM,0.094,215.861,0.0074,0.0933
aggregates,PrPSc aggregate concentration,nM,0.094,217.844,-0.0081,0.1244
aggregates,PrPSc aggregate concentration,nM,0.094,218.835,0.0074,0.1554
aggregates,PrPSc aggregate concentration,nM,0.094,219.827,0.0074,0.1554
aggregates,PrPSc aggregate concentration,nM,0.094,220.818,0.0074,0.1554
aggregates,PrPSc aggregate concentration,nM,0.094,221.809,0.0074,0.1554
aggregates,PrPSc aggregate concentration,nM,0.094,224.783,0.0074,0.1554
aggregates,PrPSc aggregate concentration,nM,0.094,225.774,0.0074,0.1554
aggregates,PrPSc aggregate concentration,nM,0.094,226.766,0.0074,0.1554
aggregates,PrPSc aggregate concentration,nM,0.094,227.757,0.0074,0.1554
aggregates,PrPSc aggregate concentration,nM,0.094,228.748,-0.0081,0.1244
aggregates,PrPSc aggregate concentration,nM,0.094,230.731,-0.0081,0.0622
aggregates,PrPSc aggregate concentration,nM,0.094,231.722,0.0074,0.1554
aggregates,PrPSc aggregate concentration,nM,0.094,232.714,0.0074,0.1554
aggregates,PrPSc aggregate concentration,nM,0.094,233.705,0.0074,0.1554
aggregates,PrPSc aggregate concentration,nM,0.094,234.696,0.0074,0.1554
aggregates,PrPSc aggregate concentration,nM,0.094,235.688,-0.0081,0.1244
aggregates,PrPSc aggregate concentration,nM,0.094,237.67,-0.0081,0.1244
aggregates,PrPSc aggregate concentration,nM,0.094,238.662,0.0074,0.1554
aggregates,PrPSc aggregate concentration,nM,0.094,239.653,0.0074,0.1554
aggregates,PrPSc aggregate concentration,nM,0.094,240.644,0.0074,0.1554
aggregates,PrPSc aggregate concentration,nM,0.094,241.636,0.0074,0.1554
aggregates,PrPSc aggregate concentration,nM,0.094,244.61,0.0074,0.1554
aggregates,PrPSc aggregate concentration,nM,0.094,245.601,0.0074,0.1554
aggregates,PrPSc aggregate concentration,nM,0.094,246.592,0.0074,0.1554
aggregates,PrPSc aggregate concentration,nM,0.094,247.584,0.0074,0.1554
aggregates,PrPSc aggregate concentration,nM,0.094,248.575,0.0074,0.1554
aggregates,PrPSc aggregate concentration,nM,0.094,250.558,-0.0081,0.0622
aggregates,PrPSc aggregate concentration,nM,0.094,251.549,0.0074,0.1554
aggregates,PrPSc aggregate concentration,nM,0.094,252.54,0.0074,0.1554
aggregates,PrPSc aggregate concentration,nM,0.094,253.532,0.0074,0.1554
aggregates,PrPSc aggregate concentration,nM,0.094,254.523,0.0074,0.1554
aggregates,PrPSc aggregate concentration,nM,0.094,255.514,-0.0081,0.0622
aggregates,PrPSc aggregate concentration,nM,0.094,257.497,-0.0081,0.1244
aggregates,PrPSc aggregate concentration,nM,0.094,258.488,0.0074,0.1554
aggregates,PrPSc aggregate concentration,nM,0.094,259.48,0.0074,0.1554
aggregates,PrPSc aggregate concentration,nM,0.094,260.471,0.0074,0.1554
aggregates,PrPSc aggregate concentration,nM,0.094,261.462,0.0074,0.1554
aggregates,PrPSc aggregate concentration,nM,0.094,264.436,0.0074,0.1554
aggregates,PrPSc aggregate concentration,nM,0.094,265.428,0.0074,0.1554
aggregates,PrPSc aggregate concentration,nM,0.094,266.419,0.0074,0.1554
aggregates,PrPSc aggregate concentration,nM,0.094,267.41,0.0074,0.1554
aggregates,PrPSc aggregate concentration,nM,0.094,268.401,-0.0081,0.1244
aggregates,PrPSc aggregate concentration,nM,0.094,270.384,-0.0081,0.0622
aggregates,PrPSc aggregate concentration,nM,0.094,271.375,0.0074,0.1554
aggregates,PrPSc aggregate concentration,nM,0.094,272.367,0.0074,0.1554
aggregates,PrPSc aggregate concentration,nM,0.094,273.358,0.0074,0.1554
aggregates,PrPSc aggregate concentration,nM,0.094,274.349,0.0074,0.1554
aggregates,PrPSc aggregate concentration,nM,0.094,275.341,0.0074,0.0933
aggregates,PrPSc aggregate concentration,nM,0.094,277.323,-0.0081,0.1244
aggregates,PrPSc aggregate concentration,nM,0.094,278.315,0.0074,0.1554
aggregates,PrPSc aggregate concentration,nM,0.094,279.306,0.0074,0.1554
aggregates,PrPSc aggregate concentration,nM,0.094,280.297,0.0074,0.1554
aggregates,PrPSc aggregate concentration,nM,0.094,281.289,0.0074,0.1554
aggregates,PrPSc aggregate concentration,nM,0.094,284.263,0.0074,0.1554
aggregates,PrPSc aggregate concentration,nM,0.094,285.254,0.0074,0.1554
aggregates,PrPSc aggregate concentration,nM,0.094,286.245,0.0074,0.1554
aggregates,PrPSc aggregate concentration,nM,0.094,287.237,0.0074,0.1554
aggregates,PrPSc aggregate concentration,nM,0.094,288.228,-0.0081,0.1244
aggregates,PrPSc aggregate concentration,nM,0.094,290.211,-0.0081,0.0622
aggregates,PrPSc aggregate concentration,nM,0.094,291.202,0.0074,0.1554
aggregates,PrPSc aggregate concentration,nM,0.094,292.193,0.0074,0.1554
aggregates,PrPSc aggregate concentration,nM,0.094,293.185,0.0074,0.1554
aggregates,PrPSc aggregate concentration,nM,0.094,294.176,0.0074,0.1554
aggregates,PrPSc aggregate concentration,nM,0.094,295.167,0.0074,0.0933
aggregates,PrPSc aggregate concentration,nM,0.094,297.15,-0.0081,0.1244
aggregates,PrPSc aggregate concentration,nM,0.094,298.141,0.0074,0.1554
aggregates,PrPSc aggregate concentration,nM,0.094,299.133,0.0074,0.1554
aggregates,PrPSc aggregate concentration,nM,0.094,300.124,0.0074,0.1554
aggregates,PrPSc aggregate concentration,nM,0.094,301.115,0.0074,0.1554
aggregates,PrPSc aggregate concentration,nM,0.094,304.089,0.0074,0.1554
aggregates,PrPSc aggregate concentration,nM,0.094,305.081,0.0074,0.1554
aggregates,PrPSc aggregate concentration,nM,0.094,306.072,0.0074,0.1554
aggregates,PrPSc aggregate concentration,nM,0.094,307.063,0.0074,0.1554
aggregates,PrPSc aggregate concentration,nM,0.094,308.055,0.0074,0.1554
aggregates,PrPSc aggregate concentration,nM,0.094,310.037,-0.0237,0.0311
aggregates,PrPSc aggregate concentration,nM,0.094,311.029,0.0074,0.1554
aggregates,PrPSc aggregate concentration,nM,0.094,312.02,0.0074,0.1554
aggregates,PrPSc aggregate concentration,nM,0.094,313.011,0.0074,0.1554
aggregates,PrPSc aggregate concentration,nM,0.094,314.002,0.0074,0.1554
aggregates,PrPSc aggregate concentration,nM,0.094,314.994,0.0074,0.0933
aggregates,PrPSc aggregate concentration,nM,0.094,316.976,-0.0081,0.1244
aggregates,PrPSc aggregate concentration,nM,0.094,317.968,0.0074,0.1554
aggregates,PrPSc aggregate concentration,nM,0.094,318.959,0.0074,0.1554
aggregates,PrPSc aggregate concentration,nM,0.094,319.95,0.0074,0.1554
aggregates,PrPSc aggregate concentration,nM,0.094,320.942,0.0074,0.1554
aggregates,PrPSc aggregate concentration,nM,0.094,323.916,0.0074,0.1554
aggregates,PrPSc aggregate concentration,nM,0.094,324.907,0.0074,0.1554
aggregates,PrPSc aggregate concentration,nM,0.094,325.898,0.0074,0.1554
aggregates,PrPSc aggregate concentration,nM,0.094,326.89,0.0074,0.1554
aggregates,PrPSc aggregate concentration,nM,0.094,327.881,0.0074,0.1554
aggregates,PrPSc aggregate concentration,nM,0.094,329.864,-0.0237,0.0311
aggregates,PrPSc aggregate concentration,nM,0.094,330.855,0.0074,0.1554
aggregates,PrPSc aggregate concentration,nM,0.094,331.846,0.0074,0.1554
aggregates,PrPSc aggregate concentration,nM,0.094,332.838,0.0074,0.1554
aggregates,PrPSc aggregate concentration,nM,0.094,333.829,0.0074,0.1554
aggregates,PrPSc aggregate concentration,nM,0.094,334.82,-0.0081,0.1244
aggregates,PrPSc aggregate concentration,nM,0.094,336.803,-0.0081,0.1244
aggregates,PrPSc aggregate concentration,nM,0.094,337.794,0.0074,0.1554
aggregates,PrPSc aggregate concentration,nM,0.094,338.786,0.0074,0.1554
aggregates,PrPSc aggregate concentration,nM,0.094,339.777,0.0074,0.1554
aggregates,PrPSc aggregate concentration,nM,0.094,340.768,0.0074,0.1554
aggregates,PrPSc aggregate concentration,nM,0.094,343.742,0.0074,0.1554
aggregates,PrPSc aggregate concentration,nM,0.094,344.734,0.0074,0.1554
aggregates,PrPSc aggregate concentration,nM,0.094,345.725,0.0074,0.1554
aggregates,PrPSc aggregate concentration,nM,0.094,346.716,0.0074,0.1554
aggregates,PrPSc aggregate concentration,nM,0.094,347.708,0.0074,0.1554
aggregates,PrPSc aggregate concentration,nM,0.094,349.69,-0.0081,0.1244
aggregates,PrPSc aggregate concentration,nM,0.094,350.682,0.0074,0.1554
aggregates,PrPSc aggregate concentration,nM,0.094,351.673,0.0074,0.1554
aggregates,PrPSc aggregate concentration,nM,0.094,352.664,0.0074,0.1554
aggregates,PrPSc aggregate concentration,nM,0.094,353.656,0.0074,0.1554
aggregates,PrPSc aggregate concentration,nM,0.094,354.647,0.0074,0.0933
mean_chain_length,mean chain length,subunits,0.0235,1.9,6.2705,0.2923
mean_chain_length,mean chain length,subunits,0.0235,2.891,7.9657,0.2923
mean_chain_length,mean chain length,subunits,0.0235,3.883,8.0924,0.5846
mean_chain_length,mean chain length,subunits,0.0235,4.874,8.219,0.2923
mean_chain_length,mean chain length,subunits,0.0235,5.865,8.1021,0.2923
mean_chain_length,mean chain length,subunits,0.0235,6.857,7.9657,0.2143
mean_chain_length,mean chain length,subunits,0.0235,7.848,7.956,0.2338
mean_chain_length,mean chain length,subunits,0.0235,8.839,8.0242,0.3313
mean_chain_length,mean chain length,subunits,0.0235,9.831,8.7744,0.8963
mean_chain_length,mean chain length,subunits,0.0235,10.822,9.5051,2.046
mean_chain_length,mean chain length,subunits,0.0235,11.813,10.2747,2.2214
mean_chain_length,mean chain length,subunits,0.0235,12.805,11.0152,0.9743
mean_chain_length,mean chain length,subunits,0.0235,13.796,11.7556,0.2338
mean_chain_length,mean chain length,subunits,0.0235,14.787,11.892,0.5066
mean_chain_length,mean chain length,subunits,0.0235,15.779,12.1454,0.5456
mean_chain_length,mean chain length,subunits,0.0235,16.77,11.7654,1.3445
mean_chain_length,mean chain length,subunits,0.0235,17.761,11.4731,1.5783
mean_chain_length,mean chain length,subunits,0.0235,18.753,10.0994,0.8963
mean_chain_length,mean chain length,subunits,0.0235,19.744,9.6804,0.2923
mean_chain_length,mean chain length,subunits,0.0235,20.735,9.583,0.1754
mean_chain_length,mean chain length,subunits,0.0235,21.727,9.5538,0.1169
mean_chain_length,mean chain length,subunits,0.0235,22.718,9.4758,0.2728
mean_chain_length,mean chain length,subunits,0.0235,23.709,9.3005,0.5456
mean_chain_length,mean chain length,subunits,0.0235,24.701,9.1641,0.3507
mean_chain_length,mean chain length,subunits,0.0235,25.692,9.1348,0.2533
mean_chain_length,mean chain length,subunits,0.0235,26.683,9.3882,0.5651
mean_chain_length,mean chain length,subunits,0.0235,27.675,9.661,0.7989
mean_chain_length,mean chain length,subunits,0.0235,28.666,9.885,0.6625
mean_chain_length,mean chain length,subunits,0.0235,29.657,10.1286,0.1754
mean_chain_length,mean chain length,subunits,0.0235,30.649,10.1091,0.1754
mean_chain_length,mean chain length,subunits,0.0235,31.64,9.963,0.3897
mean_chain_length,mean chain length,subunits,0.0235,32.631,9.5051,0.2533
mean_chain_length,mean chain length,subunits,0.0235,33.623,9.544,0.3313
mean_chain_length,mean chain length,subunits,0.0235,34.614,9.661,0.2923
mean_chain_length,mean chain length,subunits,0.0235,35.605,9.7389,0.1364
mean_chain_length,mean chain length,subunits,0.0235,36.597,9.7097,0.1169
mean_chain_length,mean chain length,subunits,0.0235,37.588,9.661,0.0974
mean_chain_length,mean chain length,subunits,0.0235,38.579,9.661,0.1364
mean_chain_length,mean chain length,subunits,0.0235,39.571,9.7486,0.2728
mean_chain_length,mean chain length,subunits,0.0235,40.562,9.8655,0.4482
mean_chain_length,mean chain length,subunits,0.0235,41.553,9.9727,0.3313
mean_chain_length,mean chain length,subunits,0.0235,42.544,9.8071,0.4287
mean_chain_length,mean chain length,subunits,0.0235,43.536,9.6999,0.2143
mean_chain_length,mean chain length,subunits,0.0235,44.527,9.583,0.1364
mean_chain_length,mean chain length,subunits,0.0235,45.518,9.4369,0.3897
mean_chain_length,mean chain length,subunits,0.0235,46.51,9.2712,0.5651
mean_chain_length,mean chain length,subunits,0.0235,47.501,9.0959,0.2923
mean_chain_length,mean chain length,subunits,0.0235,48.492,8.9595,0.1364
mean_chain_length,mean chain length,subunits,0.0235,49.484,8.901,0.1754
mean_chain_length,mean chain length,subunits,0.0235,50.475,8.8328,0.1949
mean_chain_length,mean chain length,subunits,0.0235,51.466,8.7451,0.1754
mean_chain_length,mean chain length,subunits,0.0235,52.458,8.6769,0.1559
mean_chain_length,mean chain length,subunits,0.0235,53.449,8.6185,0.1559
mean_chain_length,mean chain length,subunits,0.0235,54.44,8.5405,0.1949
mean_chain_length,mean chain length,subunits,0.0235,55.432,8.4723,0.2143
mean_chain_length,mean chain length,subunits,0.0235,56.423,8.3846,0.1949
mean_chain_length,mean chain length,subunits,0.0235,57.414,8.2775,0.1754
mean_chain_length,mean chain length,subunits,0.0235,58.406,8.1898,0.2338
mean_chain_length,mean chain length,subunits,0.0235,59.397,8.0729,0.3118
mean_chain_length,mean chain length,subunits,0.0235,60.388,7.9657,0.2533
mean_chain_length,mean chain length,subunits,0.0235,61.38,7.8488,0.1754
mean_chain_length,mean chain length,subunits,0.0235,62.371,7.7903,0.1754
mean_chain_length,mean chain length,subunits,0.0235,63.362,7.7221,0.1559
mean_chain_length,mean chain length,subunits,0.0235,64.354,7.6442,0.1559
mean_chain_length,mean chain length,subunits,0.0235,65.345,7.576,0.1754
mean_chain_length,mean chain length,subunits,0.0235,66.336,7.5078,0.1559
mean_chain_length,mean chain length,subunits,0.0235,67.328,7.4786,0.0974
mean_chain_length,mean chain length,subunits,0.0235,68.319,7.4981,0.0974
mean_chain_length,mean chain length,subunits,0.0235,69.31,7.4786,0.1364
mean_chain_length,mean chain length,subunits,0.0235,70.302,7.4201,0.1754
mean_chain_length,mean chain length,subunits,0.0235,71.293,7.3422,0.2143
mean_chain_length,mean chain length,subunits,0.0235,72.284,7.2447,0.2143
mean_chain_length,mean chain length,subunits,0.0235,73.276,7.1668,0.1754
mean_chain_length,mean chain length,subunits,0.0235,74.267,7.1083,0.1364
mean_chain_length,mean chain length,subunits,0.0235,75.258,7.0401,0.1559
mean_chain_length,mean chain length,subunits,0.0235,76.25,6.9914,0.1754
mean_chain_length,mean chain length,subunits,0.0235,77.241,6.9232,0.1559
mean_chain_length,mean chain length,subunits,0.0235,78.232,6.855,0.1364
mean_chain_length,mean chain length,subunits,0.0235,79.224,6.8161,0.0974
mean_chain_length,mean chain length,subunits,0.0235,80.215,6.7771,0.0974
mean_chain_length,mean chain length,subunits,0.0235,81.206,6.7479,0.1169
mean_chain_length,mean chain length,subunits,0.0235,82.197,6.7186,0.0974
mean_chain_length,mean chain length,subunits,0.0235,83.189,6.6894,0.1169
mean_chain_length,mean chain length,subunits,0.0235,84.18,6.6504,0.1169
mean_chain_length,mean chain length,subunits,0.0235,85.171,6.6212,0.0974
mean_chain_length,mean chain length,subunits,0.0235,86.163,6.592,0.1169
mean_chain_length,mean chain length,subunits,0.0235,87.154,6.553,0.1169
mean_chain_length,mean chain length,subunits,0.0235,88.145,6.5043,0.1364
mean_chain_length,mean chain length,subunits,0.0235,89.137,6.4556,0.1169
mean_chain_length,mean chain length,subunits,0.0235,90.128,6.4264,0.0974
mean_chain_length,mean chain length,subunits,0.0235,91.119,6.4069,0.0974
mean_chain_length,mean chain length,subunits,0.0235,92.111,6.3776,0.1169
mean_chain_length,mean chain length,subunits,0.0235,93.102,6.3582,0.1169
mean_chain_length,mean chain length,subunits,0.0235,94.093,6.3289,0.0974
mean_chain_length,mean chain length,subunits,0.0235,95.085,6.3094,0.0974
mean_chain_length,mean chain length,subunits,0.0235,96.076,6.29,0.0585
mean_chain_length,mean chain length,subunits,0.0235,97.067,6.2705,0.0974
mean_chain_length,mean chain length,subunits,0.0235,98.059,6.251,0.0974
mean_chain_length,mean chain length,subunits,0.0235,99.05,6.251,0.0974
mean_chain_length,mean chain length,subunits,0.0235,100.041,6.2412,0.0779
mean_chain_length,mean chain length,subunits,0.0235,101.033,6.212,0.0974
mean_chain_length,mean chain length,subunits,0.0235,102.024,6.1925,0.0974
mean_chain_length,mean chain length,subunits,0.0235,103.015,6.1925,0.0974
mean_chain_length,mean chain length,subunits,0.0235,104.007,6.1828,0.0779
mean_chain_length,mean chain length,subunits,0.0235,104.998,6.1828,0.0779
mean_chain_length,mean chain length,subunits,0.0235,105.989,6.1828,0.0779
mean_chain_length,mean chain length,subunits,0.0235,106.981,6.1536,0.0974
mean_chain_length,mean chain length,subunits,0.0235,107.972,6.1438,0.0779
mean_chain_length,mean chain length,subunits,0.0235,108.963,6.1438,0.0779
mean_chain_length,mean chain length,subunits,0.0235,109.955,6.1438,0.0779
mean_chain_length,mean chain length,subunits,0.0235,110.946,6.1438,0.0779
mean_chain_length,mean chain length,subunits,0.0235,111.937,6.1438,0.0779
mean_chain_length,mean chain length,subunits,0.0235,112.929,6.1438,0.0779
mean_chain_length,mean chain length,subunits,0.0235,113.92,6.1341,0.0974
mean_chain_length,mean chain length,subunits,0.0235,114.911,6.1341,0.0974
mean_chain_length,mean chain length,subunits,0.0235,115.903,6.1341,0.0974
mean_chain_length,mean chain length,subunits,0.0235,116.894,6.0854,0.1169
mean_chain_length,mean chain length,subunits,0.0235,117.885,6.0756,0.0974
mean_chain_length,mean chain length,subunits,0.0235,118.877,6.0561,0.0585
mean_chain_length,mean chain length,subunits,0.0235,119.868,6.0561,0.0585
mean_chain_length,mean chain length,subunits,0.0235,120.859,6.0561,0.0585
mean_chain_length,mean chain length,subunits,0.0235,121.851,6.0366,0.0974
mean_chain_length,mean chain length,subunits,0.0235,122.842,6.0172,0.0974
mean_chain_length,mean chain length,subunits,0.0235,123.833,6.0074,0.0779
mean_chain_length,mean chain length,subunits,0.0235,124.824,6.0074,0.0779
mean_chain_length,mean chain length,subunits,0.0235,125.816,6.0074,0.0779
mean_chain_length,mean chain length,subunits,0.0235,126.807,5.9977,0.0974
mean_chain_length,mean chain length,subunits,0.0235,127.798,5.9879,0.0779
mean_chain_length,mean chain length,subunits,0.0235,128.79,5.9977,0.0585
mean_chain_length,mean chain length,subunits,0.0235,129.781,5.9879,0.0779
mean_chain_length,mean chain length,subunits,0.0235,130.772,5.9782,0.0974
mean_chain_length,mean chain length,subunits,0.0235,131.764,5.9587,0.0974
mean_chain_length,mean chain length,subunits,0.0235,132.755,5.949,0.0779
mean_chain_length,mean chain length,subunits,0.0235,133.746,5.949,0.0779
mean_chain_length,mean chain length,subunits,0.0235,134.738,5.949,0.0779
mean_chain_length,mean chain length,subunits,0.0235,135.729,5.9587,0.0974
mean_chain_length,mean chain length,subunits,0.0235,136.72,5.9587,0.0974
mean_chain_length,mean chain length,subunits,0.0235,137.712,5.9587,0.0974
mean_chain_length,mean chain length,subunits,0.0235,138.703,5.9587,0.0974
mean_chain_length,mean chain length,subunits,0.0235,139.694,5.9587,0.0974
mean_chain_length,mean chain length,subunits,0.0235,140.686,5.9684,0.0779
mean_chain_length,mean chain length,subunits,0.0235,141.677,5.9587,0.0974
mean_chain_length,mean chain length,subunits,0.0235,142.668,5.9587,0.0974
mean_chain_length,mean chain length,subunits,0.0235,143.66,5.9392,0.0974
mean_chain_length,mean chain length,subunits,0.0235,144.651,5.9197,0.0974
mean_chain_length,mean chain length,subunits,0.0235,145.642,5.91,0.0779
mean_chain_length,mean chain length,subunits,0.0235,146.634,5.91,0.0779
mean_chain_length,mean chain length,subunits,0.0235,147.625,5.91,0.0779
mean_chain_length,mean chain length,subunits,0.0235,148.616,5.91,0.0779
mean_chain_length,mean chain length,subunits,0.0235,149.608,5.91,0.0779
mean_chain_length,mean chain length,subunits,0.0235,150.599,5.9002,0.0974
mean_chain_length,mean chain length,subunits,0.0235,151.59,5.9002,0.0974
mean_chain_length,mean chain length,subunits,0.0235,152.582,5.9002,0.0974
mean_chain_length,mean chain length,subunits,0.0235,153.573,5.8905,0.1169
mean_chain_length,mean chain length,subunits,0.0235,154.564,5.8613,0.0974
mean_chain_length,mean chain length,subunits,0.0235,155.556,5.8515,0.0779
mean_chain_length,mean chain length,subunits,0.0235,156.547,5.8515,0.0779
mean_chain_length,mean chain length,subunits,0.0235,157.538,5.8515,0.0779
mean_chain_length,mean chain length,subunits,0.0235,158.53,5.8515,0.0779
mean_chain_length,mean chain length,subunits,0.0235,159.521,5.8515,0.0779
mean_chain_length,mean chain length,subunits,0.0235,160.512,5.8515,0.0779
mean_chain_length,mean chain length,subunits,0.0235,161.504,5.8515,0.0779
mean_chain_length,mean chain length,subunits,0.0235,162.495,5.8418,0.0585
mean_chain_length,mean chain length,subunits,0.0235,163.486,5.8418,0.0585
mean_chain_length,mean chain length,subunits,0.0235,164.478,5.8418,0.0585
mean_chain_length,mean chain length,subunits,0.0235,165.469,5.8418,0.0585
mean_chain_length,mean chain length,subunits,0.0235,166.46,5.8515,0.0779
mean_chain_length,mean chain length,subunits,0.0235,167.451,5.8515,0.0779
mean_chain_length,mean chain length,subunits,0.0235,168.443,5.8418,0.0585
mean_chain_length,mean chain length,subunits,0.0235,169.434,5.832,0.0779
mean_chain_length,mean chain length,subunits,0.0235,170.425,5.832,0.0779
mean_chain_length,mean chain length,subunits,0.0235,171.417,5.8223,0.0585
mean_chain_length,mean chain length,subunits,0.0235,172.408,5.8223,0.0585
mean_chain_length,mean chain length,subunits,0.0235,173.399,5.8223,0.0585
mean_chain_length,mean chain length,subunits,0.0235,174.391,5.8223,0.0585
mean_chain_length,mean chain length,subunits,0.0235,175.382,5.8223,0.0585
mean_chain_length,mean chain length,subunits,0.0235,176.373,5.832,0.0779
mean_chain_length,mean chain length,subunits,0.0235,177.365,5.8515,0.0779
mean_chain_length,mean chain length,subunits,0.0235,178.356,5.8418,0.0974
mean_chain_length,mean chain length,subunits,0.0235,179.347,5.832,0.0779
mean_chain_length,mean chain length,subunits,0.0235,180.339,5.8223,0.0585
mean_chain_length,mean chain length,subunits,0.0235,181.33,5.8223,0.0585
mean_chain_length,mean chain length,subunits,0.0235,182.321,5.832,0.0779
mean_chain_length,mean chain length,subunits,0.0235,183.313,5.8223,0.0585
mean_chain_length,mean chain length,subunits,0.0235,184.304,5.8223,0.0585
mean_chain_length,mean chain length,subunits,0.0235,185.295,5.8223,0.0585
mean_chain_length,mean chain length,subunits,0.0235,186.287,5.8223,0.0585
mean_chain_length,mean chain length,subunits,0.0235,187.278,5.8223,0.0585
mean_chain_length,mean chain length,subunits,0.0235,188.269,5.8418,0.0974
mean_chain_length,mean chain length,subunits,0.0235,189.261,5.8515,0.0779
mean_chain_length,mean chain length,subunits,0.0235,190.252,5.8515,0.0779
mean_chain_length,mean chain length,subunits,0.0235,191.243,5.8418,0.0585
mean_chain_length,mean chain length,subunits,0.0235,192.235,5.8515,0.0779
mean_chain_length,mean chain length,subunits,0.0235,193.226,5.8515,0.0779
mean_chain_length,mean chain length,subunits,0.0235,194.217,5.8613,0.0585
mean_chain_length,mean chain length,subunits,0.0235,195.209,5.8613,0.0585
mean_chain_length,mean chain length,subunits,0.0235,196.2,5.8613,0.0585
mean_chain_length,mean chain length,subunits,0.0235,197.191,5.8613,0.0585
mean_chain_length,mean chain length,subunits,0.0235,198.183,5.8515,0.0779
mean_chain_length,mean chain length,subunits,0.0235,199.174,5.832,0.0779
mean_chain_length,mean chain length,subunits,0.0235,200.165,5.8223,0.0585
mean_chain_length,mean chain length,subunits,0.0235,201.157,5.8223,0.0585
mean_chain_length,mean chain length,subunits,0.0235,202.148,5.8223,0.0585
mean_chain_length,mean chain length,subunits,0.0235,203.139,5.8223,0.0585
mean_chain_length,mean chain length,subunits,0.0235,204.131,5.8223,0.0585
mean_chain_length,mean chain length,subunits,0.0235,205.122,5.8223,0.0585
mean_chain_length,mean chain length,subunits,0.0235,206.113,5.8223,0.0585
mean_chain_length,mean chain length,subunits,0.0235,207.104,5.8028,0.0974
mean_chain_length,mean chain length,subunits,0.0235,208.096,5.7833,0.0974
mean_chain_length,mean chain length,subunits,0.0235,209.087,5.7736,0.0779
mean_chain_length,mean chain length,subunits,0.0235,210.078,5.7736,0.0779
mean_chain_length,mean chain length,subunits,0.0235,211.07,5.7736,0.0779
mean_chain_length,mean chain length,subunits,0.0235,212.061,5.7736,0.0779
mean_chain_length,mean chain length,subunits,0.0235,213.052,5.7736,0.0779
mean_chain_length,mean chain length,subunits,0.0235,214.044,5.7736,0.0779
mean_chain_length,mean chain length,subunits,0.0235,215.035,5.7833,0.0974
mean_chain_length,mean chain length,subunits,0.0235,216.026,5.7931,0.0779
mean_chain_length,mean chain length,subunits,0.0235,217.018,5.7931,0.0779
mean_chain_length,mean chain length,subunits,0.0235,218.009,5.7833,0.0974
mean_chain_length,mean chain length,subunits,0.0235,219.0,5.7931,0.0779
mean_chain_length,mean chain length,subunits,0.0235,219.992,5.7736,0.0779
mean_chain_length,mean chain length,subunits,0.0235,220.983,5.7736,0.0779
mean_chain_length,mean chain length,subunits,0.0235,221.974,5.7736,0.0779
mean_chain_length,mean chain length,subunits,0.0235,222.966,5.7736,0.0779
mean_chain_length,mean chain length,subunits,0.0235,223.957,5.7736,0.0779
mean_chain_length,mean chain length,subunits,0.0235,224.948,5.7736,0.0779
mean_chain_length,mean chain length,subunits,0.0235,225.94,5.7736,0.0779
mean_chain_length,mean chain length,subunits,0.0235,226.931,5.7736,0.0779
mean_chain_length,mean chain length,subunits,0.0235,227.922,5.7736,0.0779
mean_chain_length,mean chain length,subunits,0.0235,228.914,5.7736,0.0779
mean_chain_length,mean chain length,subunits,0.0235,229.905,5.7736,0.0779
mean_chain_length,mean chain length,subunits,0.0235,230.896,5.7736,0.0779
mean_chain_length,mean chain length,subunits,0.0235,231.888,5.7736,0.0779
mean_chain_length,mean chain length,subunits,0.0235,232.879,5.7638,0.0585
mean_chain_length,mean chain length,subunits,0.0235,233.87,5.7736,0.0779
mean_chain_length,mean chain length,subunits,0.0235,234.862,5.7736,0.0779
mean_chain_length,mean chain length,subunits,0.0235,235.853,5.7736,0.0779
mean_chain_length,mean chain length,subunits,0.0235,236.844,5.7736,0.0779
mean_chain_length,mean chain length,subunits,0.0235,237.836,5.7736,0.0779
mean_chain_length,mean chain length,subunits,0.0235,238.827,5.7736,0.0779
mean_chain_length,mean chain length,subunits,0.0235,239.818,5.7736,0.0779
mean_chain_length,mean chain length,subunits,0.0235,240.81,5.7638,0.0585
mean_chain_length,mean chain length,subunits,0.0235,241.801,5.7736,0.0779
mean_chain_length,mean chain length,subunits,0.0235,242.792,5.7736,0.0779
mean_chain_length,mean chain length,subunits,0.0235,243.784,5.7736,0.0779
mean_chain_length,mean chain length,subunits,0.0235,244.775,5.7736,0.0779
mean_chain_length,mean chain length,subunits,0.0235,245.766,5.7638,0.0585
mean_chain_length,mean chain length,subunits,0.0235,246.758,5.7736,0.0779
mean_chain_length,mean chain length,subunits,0.0235,247.749,5.7541,0.0779
mean_chain_length,mean chain length,subunits,0.0235,248.74,5.7541,0.0779
mean_chain_length,mean chain length,subunits,0.0235,249.731,5.7541,0.0779
mean_chain_length,mean chain length,subunits,0.0235,250.723,5.7541,0.0779
mean_chain_length,mean chain length,subunits,0.0235,251.714,5.7346,0.0779
mean_chain_length,mean chain length,subunits,0.0235,252.705,5.7249,0.0974
mean_chain_length,mean chain length,subunits,0.0235,253.697,5.7249,0.0974
mean_chain_length,mean chain length,subunits,0.0235,254.688,5.7249,0.0974
mean_chain_length,mean chain length,subunits,0.0235,255.679,5.7249,0.0974
mean_chain_length,mean chain length,subunits,0.0235,256.671,5.7151,0.0779
mean_chain_length,mean chain length,subunits,0.0235,257.662,5.7151,0.0779
mean_chain_length,mean chain length,subunits,0.0235,258.653,5.7151,0.0779
mean_chain_length,mean chain length,subunits,0.0235,259.645,5.7249,0.0974
mean_chain_length,mean chain length,subunits,0.0235,260.636,5.7346,0.0779
mean_chain_length,mean chain length,subunits,0.0235,261.627,5.7346,0.0779
mean_chain_length,mean chain length,subunits,0.0235,262.619,5.7346,0.0779
mean_chain_length,mean chain length,subunits,0.0235,263.61,5.7346,0.0779
mean_chain_length,mean chain length,subunits,0.0235,264.601,5.7638,0.0974
mean_chain_length,mean chain length,subunits,0.0235,265.593,5.7736,0.0779
mean_chain_length,mean chain length,subunits,0.0235,266.584,5.7736,0.0779
mean_chain_length,mean chain length,subunits,0.0235,267.575,5.7736,0.0779
mean_chain_length,mean chain length,subunits,0.0235,268.567,5.7736,0.0779
mean_chain_length,mean chain length,subunits,0.0235,269.558,5.7444,0.0974
mean_chain_length,mean chain length,subunits,0.0235,270.549,5.7249,0.0974
mean_chain_length,mean chain length,subunits,0.0235,271.541,5.7151,0.0779
mean_chain_length,mean chain length,subunits,0.0235,272.532,5.7151,0.0779
mean_chain_length,mean chain length,subunits,0.0235,273.523,5.7151,0.0779
mean_chain_length,mean chain length,subunits,0.0235,274.515,5.7249,0.0585
mean_chain_length,mean chain length,subunits,0.0235,275.506,5.7151,0.0779
mean_chain_length,mean chain length,subunits,0.0235,276.497,5.7151,0.0779
mean_chain_length,mean chain length,subunits,0.0235,277.489,5.7151,0.0779
mean_chain_length,mean chain length,subunits,0.0235,278.48,5.7151,0.0779
mean_chain_length,mean chain length,subunits,0.0235,279.471,5.7151,0.0779
mean_chain_length,mean chain length,subunits,0.0235,280.463,5.7151,0.0779
mean_chain_length,mean chain length,subunits,0.0235,281.454,5.7346,0.0779
mean_chain_length,mean chain length,subunits,0.0235,282.445,5.7346,0.0779
mean_chain_length,mean chain length,subunits,0.0235,283.437,5.7541,0.0779
mean_chain_length,mean chain length,subunits,0.0235,284.428,5.7541,0.0779
mean_chain_length,mean chain length,subunits,0.0235,285.419,5.7346,0.0779
mean_chain_length,mean chain length,subunits,0.0235,286.411,5.7346,0.0779
mean_chain_length,mean chain length,subunits,0.0235,287.402,5.7346,0.0779
mean_chain_length,mean chain length,subunits,0.0235,288.393,5.7346,0.0779
mean_chain_length,mean chain length,subunits,0.0235,289.385,5.7444,0.0974
mean_chain_length,mean chain length,subunits,0.0235,290.376,5.7541,0.0779
mean_chain_length,mean chain length,subunits,0.0235,291.367,5.7444,0.0585
mean_chain_length,mean chain length,subunits,0.0235,292.358,5.7444,0.0585
mean_chain_length,mean chain length,subunits,0.0235,293.35,5.7346,0.0779
mean_chain_length,mean chain length,subunits,0.0235,294.341,5.7346,0.0779
mean_chain_length,mean chain length,subunits,0.0235,295.332,5.7346,0.0779
mean_chain_length,mean chain length,subunits,0.0235,296.324,5.7346,0.0779
mean_chain_length,mean chain length,subunits,0.0235,297.315,5.7346,0.0779
mean_chain_length,mean chain length,subunits,0.0235,298.306,5.7346,0.0779
mean_chain_length,mean chain length,subunits,0.0235,299.298,5.7346,0.0779
mean_chain_length,mean chain length,subunits,0.0235,300.289,5.7541,0.0779
mean_chain_length,mean chain length,subunits,0.0235,301.28,5.7736,0.0779
mean_chain_length,mean chain length,subunits,0.0235,302.272,5.7736,0.0779
mean_chain_length,mean chain length,subunits,0.0235,303.263,5.7736,0.0779
mean_chain_length,mean chain length,subunits,0.0235,304.254,5.7736,0.0779
mean_chain_length,mean chain length,subunits,0.0235,305.246,5.7736,0.0779
mean_chain_length,mean chain length,subunits,0.0235,306.237,5.7736,0.0779
mean_chain_length,mean chain length,subunits,0.0235,307.228,5.7736,0.0779
mean_chain_length,mean chain length,subunits,0.0235,308.22,5.7736,0.0779
mean_chain_length,mean chain length,subunits,0.0235,309.211,5.7736,0.0779
mean_chain_length,mean chain length,subunits,0.0235,310.202,5.7736,0.0779
mean_chain_length,mean chain length,subunits,0.0235,311.194,5.7736,0.0779
mean_chain_length,mean chain length,subunits,0.0235,312.185,5.7541,0.0779
mean_chain_length,mean chain length,subunits,0.0235,313.176,5.7541,0.0779
mean_chain_length,mean chain length,subunits,0.0235,314.168,5.7444,0.0585
mean_chain_length,mean chain length,subunits,0.0235,315.159,5.7444,0.0585
mean_chain_length,mean chain length,subunits,0.0235,316.15,5.7541,0.0779
mean_chain_length,mean chain length,subunits,0.0235,317.142,5.7638,0.0585
mean_chain_length,mean chain length,subunits,0.0235,318.133,5.7444,0.0974
mean_chain_length,mean chain length,subunits,0.0235,319.124,5.7346,0.0779
mean_chain_length,mean chain length,subunits,0.0235,320.116,5.7346,0.0779
mean_chain_length,mean chain length,subunits,0.0235,321.107,5.7346,0.0779
mean_chain_length,mean chain length,subunits,0.0235,322.098,5.7346,0.0779
mean_chain_length,mean chain length,subunits,0.0235,323.09,5.7346,0.0779
mean_chain_length,mean chain length,subunits,0.0235,324.081,5.7444,0.0585
mean_chain_length,mean chain length,subunits,0.0235,325.072,5.7444,0.0585
mean_chain_length,mean chain length,subunits,0.0235,326.064,5.7444,0.0585
mean_chain_length,mean chain length,subunits,0.0235,327.055,5.7444,0.0585
mean_chain_length,mean chain length,subunits,0.0235,328.046,5.7346,0.0779
mean_chain_length,mean chain length,subunits,0.0235,329.038,5.7346,0.0779
mean_chain_length,mean chain length,subunits,0.0235,330.029,5.7346,0.0779
mean_chain_length,mean chain length,subunits,0.0235,331.02,5.7151,0.0779
mean_chain_length,mean chain length,subunits,0.0235,332.011,5.7249,0.0974
mean_chain_length,mean chain length,subunits,0.0235,333.003,5.7444,0.0974
mean_chain_length,mean chain length,subunits,0.0235,333.994,5.7444,0.0974
mean_chain_length,mean chain length,subunits,0.0235,334.985,5.7346,0.0779
mean_chain_length,mean chain length,subunits,0.0235,335.977,5.7151,0.0779
mean_chain_length,mean chain length,subunits,0.0235,336.968,5.7249,0.0974
mean_chain_length,mean chain length,subunits,0.0235,337.959,5.7346,0.0779
mean_chain_length,mean chain length,subunits,0.0235,338.951,5.7346,0.0779
mean_chain_length,mean chain length,subunits,0.0235,339.942,5.7346,0.0779
mean_chain_length,mean chain length,subunits,0.0235,340.933,5.7151,0.0779
mean_chain_length,mean chain length,subunits,0.0235,341.925,5.7151,0.0779
mean_chain_length,mean chain length,subunits,0.0235,342.916,5.7151,0.0779
mean_chain_length,mean chain length,subunits,0.0235,343.907,5.7151,0.0779
mean_chain_length,mean chain length,subunits,0.0235,344.899,5.7151,0.0779
mean_chain_length,mean chain length,subunits,0.0235,345.89,5.7151,0.0779
mean_chain_length,mean chain length,subunits,0.0235,346.881,5.7151,0.0779
mean_chain_length,mean chain length,subunits,0.0235,347.873,5.7151,0.0779
mean_chain_length,mean chain length,subunits,0.0235,348.864,5.7151,0.0779
mean_chain_length,mean chain length,subunits,0.0235,349.855,5.6859,0.0974
mean_chain_length,mean chain length,subunits,0.0235,350.847,5.6762,0.0779
mean_chain_length,mean chain length,subunits,0.0235,351.838,5.6859,0.0974
mean_chain_length,mean chain length,subunits,0.0235,352.829,5.7151,0.0779
mean_chain_length,mean chain length,subunits,0.0235,353.821,5.7151,0.0779
mean_chain_length,mean chain length,subunits,0.0235,354.812,5.7151,0.0779
mean_chain_length,mean chain length,subunits,0.0235,355.803,5.7249,0.0974
mean_chain_length,mean chain length,subunits,0.0235,356.795,5.7346,0.0779
mean_chain_length,mean chain length,subunits,0.047,1.9,6.9037,0.1169
mean_chain_length,mean chain length,subunits,0.047,2.891,7.7514,0.1364
mean_chain_length,mean chain length,subunits,0.047,3.883,8.9984,0.1364
mean_chain_length,mean chain length,subunits,0.047,4.874,10.2845,0.1364
mean_chain_length,mean chain length,subunits,0.047,5.865,10.2747,0.1559
mean_chain_length,mean chain length,subunits,0.047,6.857,10.2845,0.1364
mean_chain_length,mean chain length,subunits,0.047,7.848,6.9427,0.1949
mean_chain_length,mean chain length,subunits,0.047,8.839,7.3811,0.1754
mean_chain_length,mean chain length,subunits,0.047,9.831,9.4953,0.1559
mean_chain_length,mean chain length,subunits,0.047,10.822,13.3437,0.1364
mean_chain_length,mean chain length,subunits,0.047,11.813,14.1719,0.1949
mean_chain_length,mean chain length,subunits,0.047,12.805,14.1719,0.1949
mean_chain_length,mean chain length,subunits,0.047,13.796,9.4466,0.1754
mean_chain_length,mean chain length,subunits,0.047,14.787,9.4564,0.1949
mean_chain_length,mean chain length,subunits,0.047,15.779,10.3332,0.1559
mean_chain_length,mean chain length,subunits,0.047,16.77,10.7327,0.2338
mean_chain_length,mean chain length,subunits,0.047,17.761,11.0347,0.1169
mean_chain_length,mean chain length,subunits,0.047,18.753,10.2065,0.1364
mean_chain_length,mean chain length,subunits,0.047,19.744,10.2065,0.1364
mean_chain_length,mean chain length,subunits,0.047,20.735,9.8071,0.1169
mean_chain_length,mean chain length,subunits,0.047,21.727,9.8071,0.1169
mean_chain_length,mean chain length,subunits,0.047,22.718,9.6317,0.1169
mean_chain_length,mean chain length,subunits,0.047,23.709,9.6317,0.1169
mean_chain_length,mean chain length,subunits,0.047,24.701,9.583,0.2143
mean_chain_length,mean chain length,subunits,0.047,25.692,9.5148,0.1169
mean_chain_length,mean chain length,subunits,0.047,26.683,9.1348,0.2143
mean_chain_length,mean chain length,subunits,0.047,27.675,9.1348,0.2143
mean_chain_length,mean chain length,subunits,0.047,28.666,9.5928,0.1169
mean_chain_length,mean chain length,subunits,0.047,29.657,9.5928,0.1169
mean_chain_length,mean chain length,subunits,0.047,30.649,9.9825,0.1169
mean_chain_length,mean chain length,subunits,0.047,31.64,9.6999,0.1364
mean_chain_length,mean chain length,subunits,0.047,32.631,9.2518,0.1754
mean_chain_length,mean chain length,subunits,0.047,33.623,9.2615,0.1559
mean_chain_length,mean chain length,subunits,0.047,35.605,9.2615,0.0779
mean_chain_length,mean chain length,subunits,0.047,36.597,9.242,0.1559
mean_chain_length,mean chain length,subunits,0.047,37.588,9.242,0.1559
mean_chain_length,mean chain length,subunits,0.047,38.579,9.544,0.0974
mean_chain_length,mean chain length,subunits,0.047,39.571,9.5538,0.1559
mean_chain_length,mean chain length,subunits,0.047,40.562,10.3527,0.1559
mean_chain_length,mean chain length,subunits,0.047,41.553,10.3332,0.1949
mean_chain_length,mean chain length,subunits,0.047,42.544,10.3137,0.1559
mean_chain_length,mean chain length,subunits,0.047,44.527,10.2358,0.0779
mean_chain_length,mean chain length,subunits,0.047,45.518,10.226,0.1364
mean_chain_length,mean chain length,subunits,0.047,46.51,10.226,0.1364
mean_chain_length,mean chain length,subunits,0.047,47.501,9.8461,0.1169
mean_chain_length,mean chain length,subunits,0.047,48.492,9.8558,0.1364
mean_chain_length,mean chain length,subunits,0.047,49.484,9.4369,0.1169
mean_chain_length,mean chain length,subunits,0.047,50.475,9.4271,0.0974
mean_chain_length,mean chain length,subunits,0.047,51.466,9.203,0.1169
mean_chain_length,mean chain length,subunits,0.047,52.458,9.203,0.1169
mean_chain_length,mean chain length,subunits,0.047,53.449,9.203,0.1169
mean_chain_length,mean chain length,subunits,0.047,55.432,9.2225,0.1169
mean_chain_length,mean chain length,subunits,0.047,56.423,9.2323,0.1364
mean_chain_length,mean chain length,subunits,0.047,57.414,8.862,0.1754
mean_chain_length,mean chain length,subunits,0.047,58.406,8.862,0.1754
mean_chain_length,mean chain length,subunits,0.047,59.397,8.8913,0.0779
mean_chain_length,mean chain length,subunits,0.047,61.38,8.9984,0.1364
mean_chain_length,mean chain length,subunits,0.047,62.371,8.9984,0.1364
mean_chain_length,mean chain length,subunits,0.047,63.362,8.9887,0.0
mean_chain_length,mean chain length,subunits,0.047,65.345,8.7256,0.1364
mean_chain_length,mean chain length,subunits,0.047,66.336,8.7256,0.1364
mean_chain_length,mean chain length,subunits,0.047,69.31,8.4918,0.1364
mean_chain_length,mean chain length,subunits,0.047,70.302,8.4918,0.1364
mean_chain_length,mean chain length,subunits,0.047,71.293,8.5016,0.039
mean_chain_length,mean chain length,subunits,0.047,72.284,8.219,0.1364
mean_chain_length,mean chain length,subunits,0.047,73.276,8.219,0.1364
mean_chain_length,mean chain length,subunits,0.047,74.267,8.2093,0.0779
mean_chain_length,mean chain length,subunits,0.047,75.258,7.8878,0.0974
mean_chain_length,mean chain length,subunits,0.047,76.25,7.8975,0.1169
mean_chain_length,mean chain length,subunits,0.047,77.241,7.8975,0.1169
mean_chain_length,mean chain length,subunits,0.047,80.215,7.7709,0.0585
mean_chain_length,mean chain length,subunits,0.047,81.206,7.7806,0.1169
mean_chain_length,mean chain length,subunits,0.047,82.197,7.7806,0.1169
mean_chain_length,mean chain length,subunits,0.047,84.18,7.4883,0.0779
mean_chain_length,mean chain length,subunits,0.047,85.171,7.4883,0.1169
mean_chain_length,mean chain length,subunits,0.047,86.163,7.4883,0.1169
mean_chain_length,mean chain length,subunits,0.047,89.137,7.3129,0.0779
mean_chain_length,mean chain length,subunits,0.047,90.128,7.3129,0.1169
mean_chain_length,mean chain length,subunits,0.047,91.119,7.3129,0.1169
mean_chain_length,mean chain length,subunits,0.047,94.093,7.1668,0.0974
mean_chain_length,mean chain length,subunits,0.047,95.085,7.1668,0.1364
mean_chain_length,mean chain length,subunits,0.047,96.076,7.1668,0.0974
mean_chain_length,mean chain length,subunits,0.047,99.05,7.0109,0.0974
mean_chain_length,mean chain length,subunits,0.047,100.041,7.0207,0.1169
mean_chain_length,mean chain length,subunits,0.047,101.033,7.0207,0.1169
mean_chain_length,mean chain length,subunits,0.047,104.007,6.9232,0.039
mean_chain_length,mean chain length,subunits,0.047,104.998,6.9232,0.1169
mean_chain_length,mean chain length,subunits,0.047,105.989,6.9232,0.1169
mean_chain_length,mean chain length,subunits,0.047,109.955,6.8648,0.1169
mean_chain_length,mean chain length,subunits,0.047,110.946,6.8648,0.1169
mean_chain_length,mean chain length,subunits,0.047,111.937,6.8745,0.0195
mean_chain_length,mean chain length,subunits,0.047,114.911,6.8355,0.1364
mean_chain_length,mean chain length,subunits,0.047,115.903,6.8355,0.1364
mean_chain_length,mean chain length,subunits,0.047,116.894,6.8355,0.0585
mean_chain_length,mean chain length,subunits,0.047,119.868,6.7868,0.1169
mean_chain_length,mean chain length,subunits,0.047,120.859,6.7868,0.1169
mean_chain_length,mean chain length,subunits,0.047,121.851,6.7868,0.1169
mean_chain_length,mean chain length,subunits,0.047,124.824,6.7576,0.0195
mean_chain_length,mean chain length,subunits,0.047,125.816,6.7576,0.1364
mean_chain_length,mean chain length,subunits,0.047,126.807,6.7576,0.1364
mean_chain_length,mean chain length,subunits,0.047,130.772,6.7089,0.1169
mean_chain_length,mean chain length,subunits,0.047,131.764,6.7089,0.1169
mean_chain_length,mean chain length,subunits,0.047,132.755,6.6992,0.0585
mean_chain_length,mean chain length,subunits,0.047,135.729,6.6699,0.1169
mean_chain_length,mean chain length,subunits,0.047,136.72,6.6797,0.1364
mean_chain_length,mean chain length,subunits,0.047,137.712,6.6797,0.0974
mean_chain_length,mean chain length,subunits,0.047,140.686,6.6894,0.0779
mean_chain_length,mean chain length,subunits,0.047,141.677,6.6797,0.1364
mean_chain_length,mean chain length,subunits,0.047,142.668,6.6797,0.1364
mean_chain_length,mean chain length,subunits,0.047,146.634,6.6699,0.1169
mean_chain_length,mean chain length,subunits,0.047,147.625,6.6602,0.1364
mean_chain_length,mean chain length,subunits,0.047,148.616,6.6602,0.0974
mean_chain_length,mean chain length,subunits,0.047,151.59,6.5628,0.0974
mean_chain_length,mean chain length,subunits,0.047,152.582,6.5628,0.1364
mean_chain_length,mean chain length,subunits,0.047,153.573,6.5628,0.0974
mean_chain_length,mean chain length,subunits,0.047,156.547,6.4848,0.0585
mean_chain_length,mean chain length,subunits,0.047,157.538,6.4848,0.1364
mean_chain_length,mean chain length,subunits,0.047,158.53,6.4848,0.0974
mean_chain_length,mean chain length,subunits,0.047,161.504,6.514,0.0
mean_chain_length,mean chain length,subunits,0.047,162.495,6.5043,0.1364
mean_chain_length,mean chain length,subunits,0.047,163.486,6.5043,0.1364
mean_chain_length,mean chain length,subunits,0.047,164.478,6.5238,0.0195
mean_chain_length,mean chain length,subunits,0.047,167.451,6.4361,0.1169
mean_chain_length,mean chain length,subunits,0.047,168.443,6.4361,0.1169
mean_chain_length,mean chain length,subunits,0.047,169.434,6.4264,0.0585
mean_chain_length,mean chain length,subunits,0.047,172.408,6.4946,0.1169
mean_chain_length,mean chain length,subunits,0.047,173.399,6.5043,0.1364
mean_chain_length,mean chain length,subunits,0.047,174.391,6.5043,0.0974
mean_chain_length,mean chain length,subunits,0.047,177.365,6.514,0.0779
mean_chain_length,mean chain length,subunits,0.047,178.356,6.5335,0.1169
mean_chain_length,mean chain length,subunits,0.047,179.347,6.5335,0.1169
mean_chain_length,mean chain length,subunits,0.047,182.321,6.5725,0.039
mean_chain_length,mean chain length,subunits,0.047,183.313,6.5628,0.1364
mean_chain_length,mean chain length,subunits,0.047,184.304,6.5628,0.1364
mean_chain_length,mean chain length,subunits,0.047,185.295,6.5725,0.039
mean_chain_length,mean chain length,subunits,0.047,188.269,6.5335,0.1169
mean_chain_length,mean chain length,subunits,0.047,189.261,6.5335,0.1169
mean_chain_length,mean chain length,subunits,0.047,190.252,6.5335,0.0779
mean_chain_length,mean chain length,subunits,0.047,193.226,6.5335,0.0779
mean_chain_length,mean chain length,subunits,0.047,194.217,6.5335,0.1169
mean_chain_length,mean chain length,subunits,0.047,195.209,6.5335,0.1169
mean_chain_length,mean chain length,subunits,0.047,199.174,6.5725,0.1169
mean_chain_length,mean chain length,subunits,0.047,200.165,6.5725,0.1169
mean_chain_length,mean chain length,subunits,0.047,204.131,6.4946,0.1169
mean_chain_length,mean chain length,subunits,0.047,205.122,6.4946,0.1169
mean_chain_length,mean chain length,subunits,0.047,206.113,6.514,0.0779
mean_chain_length,mean chain length,subunits,0.047,209.087,6.4946,0.0779
mean_chain_length,mean chain length,subunits,0.047,210.078,6.5043,0.1364
mean_chain_length,mean chain length,subunits,0.047,211.07,6.5043,0.1364
mean_chain_length,mean chain length,subunits,0.047,214.044,6.5043,0.0585
mean_chain_length,mean chain length,subunits,0.047,215.035,6.5043,0.1364
mean_chain_length,mean chain length,subunits,0.047,216.026,6.5043,0.1364
mean_chain_length,mean chain length,subunits,0.047,219.992,6.5238,0.0974
mean_chain_length,mean chain length,subunits,0.047,220.983,6.514,0.1169
mean_chain_length,mean chain length,subunits,0.047,221.974,6.514,0.0
mean_chain_length,mean chain length,subunits,0.047,224.948,6.5335,0.1169
mean_chain_length,mean chain length,subunits,0.047,225.94,6.5335,0.1169
mean_chain_length,mean chain length,subunits,0.047,226.931,6.5335,0.1169
mean_chain_length,mean chain length,subunits,0.047,229.905,6.5335,0.0779
mean_chain_length,mean chain length,subunits,0.047,230.896,6.5238,0.1364
mean_chain_length,mean chain length,subunits,0.047,231.888,6.5238,0.1364
mean_chain_length,mean chain length,subunits,0.047,235.853,6.4751,0.1169
mean_chain_length,mean chain length,subunits,0.047,236.844,6.4751,0.1169
mean_chain_length,mean chain length,subunits,0.047,237.836,6.4653,0.0585
mean_chain_length,mean chain length,subunits,0.047,240.81,6.4946,0.1169
mean_chain_length,mean chain length,subunits,0.047,241.801,6.4946,0.1169
mean_chain_length,mean chain length,subunits,0.047,242.792,6.4946,0.0779
mean_chain_length,mean chain length,subunits,0.047,245.766,6.5238,0.0974
mean_chain_length,mean chain length,subunits,0.047,246.758,6.5335,0.1169
mean_chain_length,mean chain length,subunits,0.047,247.749,6.5335,0.1169
mean_chain_length,mean chain length,subunits,0.047,251.714,6.5238,0.1364
mean_chain_length,mean chain length,subunits,0.047,252.705,6.5238,0.1364
mean_chain_length,mean chain length,subunits,0.047,253.697,6.514,0.039
mean_chain_length,mean chain length,subunits,0.047,256.671,6.4751,0.1169
mean_chain_length,mean chain length,subunits,0.047,257.662,6.4751,0.1169
mean_chain_length,mean chain length,subunits,0.047,258.653,6.4751,0.0779
mean_chain_length,mean chain length,subunits,0.047,261.627,6.5043,0.0585
mean_chain_length,mean chain length,subunits,0.047,262.619,6.5043,0.1364
mean_chain_length,mean chain length,subunits,0.047,263.61,6.4946,0.1169
mean_chain_length,mean chain length,subunits,0.047,267.575,6.4751,0.1169
mean_chain_length,mean chain length,subunits,0.047,268.567,6.4751,0.1169
mean_chain_length,mean chain length,subunits,0.047,269.558,6.4556,0.039
mean_chain_length,mean chain length,subunits,0.047,272.532,6.514,0.1169
mean_chain_length,mean chain length,subunits,0.047,273.523,6.514,0.1169
mean_chain_length,mean chain length,subunits,0.047,274.515,6.5043,0.0974
mean_chain_length,mean chain length,subunits,0.047,277.489,6.4848,0.0974
mean_chain_length,mean chain length,subunits,0.047,278.48,6.4946,0.1169
mean_chain_length,mean chain length,subunits,0.047,279.471,6.4946,0.1169
mean_chain_length,mean chain length,subunits,0.047,282.445,6.514,0.039
mean_chain_length,mean chain length,subunits,0.047,283.437,6.514,0.1169
mean_chain_length,mean chain length,subunits,0.047,284.428,6.514,0.1169
mean_chain_length,mean chain length,subunits,0.047,288.393,6.5238,0.0974
mean_chain_length,mean chain length,subunits,0.047,289.385,6.5238,0.1364
mean_chain_length,mean chain length,subunits,0.047,290.376,6.5238,0.0585
mean_chain_length,mean chain length,subunits,0.047,293.35,6.4848,0.0974
mean_chain_length,mean chain length,subunits,0.047,294.341,6.4848,0.0974
mean_chain_length,mean chain length,subunits,0.047,295.332,6.4848,0.0974
mean_chain_length,mean chain length,subunits,0.047,298.306,6.4751,0.0779
mean_chain_length,mean chain length,subunits,0.047,299.298,6.4751,0.1169
mean_chain_length,mean chain length,subunits,0.047,300.289,6.4751,0.1169
mean_chain_length,mean chain length,subunits,0.047,303.263,6.4556,0.0
mean_chain_length,mean chain length,subunits,0.047,304.254,6.4556,0.1169
mean_chain_length,mean chain length,subunits,0.047,305.246,6.4653,0.1364
mean_chain_length,mean chain length,subunits,0.047,309.211,6.4361,0.1169
mean_chain_length,mean chain length,subunits,0.047,310.202,6.4361,0.1169
mean_chain_length,mean chain length,subunits,0.047,311.194,6.4264,0.0585
mean_chain_length,mean chain length,subunits,0.047,314.168,6.4361,0.1169
mean_chain_length,mean chain length,subunits,0.047,315.159,6.4361,0.1169
mean_chain_length,mean chain length,subunits,0.047,316.15,6.4264,0.0974
mean_chain_length,mean chain length,subunits,0.047,319.124,6.4848,0.0974
mean_chain_length,mean chain length,subunits,0.047,320.116,6.4848,0.1364
mean_chain_length,mean chain length,subunits,0.047,321.107,6.4848,0.1364
mean_chain_length,mean chain length,subunits,0.047,325.072,6.4946,0.1169
mean_chain_length,mean chain length,subunits,0.047,326.064,6.4946,0.1169
mean_chain_length,mean chain length,subunits,0.047,327.055,6.4848,0.0585
mean_chain_length,mean chain length,subunits,0.047,330.029,6.5335,0.1169
mean_chain_length,mean chain length,subunits,0.047,331.02,6.5238,0.1364
mean_chain_length,mean chain length,subunits,0.047,332.011,6.5335,0.0779
mean_chain_length,mean chain length,subunits,0.047,334.985,6.514,0.039
mean_chain_length,mean chain length,subunits,0.047,335.977,6.5238,0.1364
mean_chain_length,mean chain length,subunits,0.047,336.968,6.5335,0.1169
mean_chain_length,mean chain length,subunits,0.047,340.933,6.553,0.1169
mean_chain_length,mean chain length,subunits,0.047,341.925,6.553,0.1169
mean_chain_length,mean chain length,subunits,0.047,342.916,6.5628,0.0585
mean_chain_length,mean chain length,subunits,0.047,345.89,6.514,0.1169
mean_chain_length,mean chain length,subunits,0.047,346.881,6.5043,0.1364
mean_chain_length,mean chain length,subunits,0.047,347.873,6.5043,0.0974
mean_chain_length,mean chain length,subunits,0.047,350.847,6.5238,0.0585
mean_chain_length,mean chain length,subunits,0.047,351.838,6.5238,0.1364
mean_chain_length,mean chain length,subunits,0.047,352.829,6.5238,0.0974
mean_chain_length,mean chain length,subunits,0.047,355.803,6.4264,0.0974
mean_chain_length,mean chain length,subunits,0.047,356.795,6.4264,0.1364
mean_chain_length,mean chain length,subunits,0.047,357.786,6.4264,0.1364
mean_chain_length,mean chain length,subunits,0.047,361.751,6.4751,0.1169
mean_chain_length,mean chain length,subunits,0.047,362.743,6.4751,0.1169
