{
  "bngl_path": "/private/tmp/size2-ring-posner-validation/size2_ring_posner_validation.bngl",
  "bundle_dir": "/private/tmp/size2-ring-posner-validation",
  "png_path": "/private/tmp/size2-ring-posner-validation/size2_ring_posner_validation.png",
  "summary": {
    "high": {
      "LT": 450,
      "equilibrium": {
        "Y1": 5.5581386231001115,
        "Y2": 1.8490961560353067,
        "Z2": 23.375738772927498
      },
      "final_nfsim_mean": {
        "Y1": 5.760416666666667,
        "Y2": 1.7083333333333333,
        "Z2": 23.583333333333332
      },
      "final_ode": {
        "Y1": 5.566193042311949,
        "Y2": 1.8529973604080197,
        "Z2": 23.365784750911008
      },
      "n_runs": 96,
      "rms_nfsim_vs_ode": {
        "Y1": 0.2975403787643615,
        "Y2": 0.21855088370574388,
        "Z2": 0.38691530629476445
      }
    },
    "low": {
      "LT": 150,
      "equilibrium": {
        "Y1": 3.1757685883214153,
        "Y2": 2.068887002821664,
        "Z2": 22.43446719483382
      },
      "final_nfsim_mean": {
        "Y1": 3.53125,
        "Y2": 2.375,
        "Z2": 21.5
      },
      "final_ode": {
        "Y1": 3.2087428851696407,
        "Y2": 2.187331326196765,
        "Z2": 22.07677889932598
      },
      "n_runs": 96,
      "rms_nfsim_vs_ode": {
        "Y1": 0.19483318530432578,
        "Y2": 0.22622416858854985,
        "Z2": 0.24179686653906474
      }
    },
    "peak": {
      "LT": 331,
      "equilibrium": {
        "Y1": 4.665679630223757,
        "Y2": 1.814687327715458,
        "Z2": 23.518809847873726
      },
      "final_nfsim_mean": {
        "Y1": 4.885416666666667,
        "Y2": 2.0,
        "Z2": 23.041666666666668
      },
      "final_ode": {
        "Y1": 4.67500282467727,
        "Y2": 1.8211469027523155,
        "Z2": 23.50287074877551
      },
      "n_runs": 96,
      "rms_nfsim_vs_ode": {
        "Y1": 0.1764341393560385,
        "Y2": 0.18456055089692505,
        "Z2": 0.320114829386118
      }
    }
  }
}